"AverageShortestPathLength","BetweennessCentrality","ClosenessCentrality","ClusteringCoefficient","Eccentricity","EdgeCount","Indegree","IsSingleNode","name","NeighborhoodConnectivity","Outdegree","PartnerOfMultiEdgedNodePairs","selected","SelfLoops","shared name","Stress"
"3.0963855421686746","16.474751923965933","0.3229571984435798","0.0","5","70","10","false","MUC1","1.3620689655172413","60","9","false","1","MUC1","27605014"
"0.0","0.0","0.0","0.0","0","1","1","false","ST6GAL1","58.0","0","0","false","0","ST6GAL1","0"
"0.0","0.0","0.0","0.0","0","1","1","false","GALNT11","58.0","0","0","false","0","GALNT11","0"
"0.0","0.0","0.0","0.0","0","1","1","false","GALNTL5","58.0","0","0","false","0","GALNTL5","0"
"0.0","0.0","0.0","0.0","0","1","1","false","GALNTL6","58.0","0","0","false","0","GALNTL6","0"
"0.0","0.0","0.0","0.0","0","1","1","false","GALNT9","58.0","0","0","false","0","GALNT9","0"
"0.0","0.0","0.0","0.0","0","1","1","false","GALNT1","58.0","0","0","false","0","GALNT1","0"
"0.0","0.0","0.0","0.0","0","1","1","false","GALNT16","58.0","0","0","false","0","GALNT16","0"
"0.0","0.0","0.0","0.0","0","1","1","false","GALNT14","58.0","0","0","false","0","GALNT14","0"
"0.0","0.0","0.0","0.0","0","1","1","false","GALNT2","58.0","0","0","false","0","GALNT2","0"
"0.0","0.0","0.0","0.0","0","1","1","false","GALNT12","58.0","0","0","false","0","GALNT12","0"
"0.0","0.0","0.0","0.0","0","1","1","false","GALNT10","58.0","0","0","false","0","GALNT10","0"
"0.0","0.0","0.0","0.0","0","1","1","false","GALNT8","58.0","0","0","false","0","GALNT8","0"
"0.0","0.0","0.0","0.0","0","1","1","false","GALNT5","58.0","0","0","false","0","GALNT5","0"
"0.0","0.0","0.0","0.0","0","1","1","false","GCNT3","58.0","0","0","false","0","GCNT3","0"
"0.0","0.0","0.0","0.0","0","1","1","false","GALNT3","58.0","0","0","false","0","GALNT3","0"
"0.0","0.0","0.0","0.0","0","1","1","false","GALNT7","58.0","0","0","false","0","GALNT7","0"
"0.0","0.0","0.0","0.0","0","1","1","false","GALNT15","58.0","0","0","false","0","GALNT15","0"
"0.0","0.0","0.0","0.0","0","1","1","false","GALNT4","58.0","0","0","false","0","GALNT4","0"
"0.0","0.0","0.0","0.0","0","1","1","false","GALNT6","58.0","0","0","false","0","GALNT6","0"
"0.0","0.0","0.0","0.0","0","1","1","false","C1GALT1C1","58.0","0","0","false","0","C1GALT1C1","0"
"0.0","0.0","0.0","0.0","0","1","1","false","C1GALT1","58.0","0","0","false","0","C1GALT1","0"
"0.0","0.0","0.0","0.0","0","1","1","false","B3GNT6","58.0","0","0","false","0","B3GNT6","0"
"0.0","0.0","0.0","0.0","0","1","1","false","GCNT1","58.0","0","0","false","0","GCNT1","0"
"0.0","0.0","0.0","0.0","0","1","1","false","B3GNT3","58.0","0","0","false","0","B3GNT3","0"
"0.0","0.0","0.0","0.0","0","1","1","false","MUCL1","58.0","0","0","false","0","MUCL1","0"
"0.0","0.0","0.0","0.0","0","1","1","false","MUC15","58.0","0","0","false","0","MUC15","0"
"0.0","0.0","0.0","0.0","0","1","1","false","MUC21","58.0","0","0","false","0","MUC21","0"
"0.0","0.0","0.0","0.0","0","1","1","false","MUC3A","58.0","0","0","false","0","MUC3A","0"
"0.0","0.0","0.0","0.0","0","1","1","false","MUC17","58.0","0","0","false","0","MUC17","0"
"0.0","0.0","0.0","0.0","0","1","1","false","MUC12","58.0","0","0","false","0","MUC12","0"
"0.0","0.0","0.0","0.0","0","1","1","false","MUC13","58.0","0","0","false","0","MUC13","0"
"0.0","0.0","0.0","0.0","0","1","1","false","MUC20","58.0","0","0","false","0","MUC20","0"
"0.0","0.0","0.0","0.0","0","1","1","false","MUC7","58.0","0","0","false","0","MUC7","0"
"0.0","0.0","0.0","0.0","0","1","1","false","MUC6","58.0","0","0","false","0","MUC6","0"
"0.0","0.0","0.0","0.0","0","1","1","false","MUC4","58.0","0","0","false","0","MUC4","0"
"0.0","0.0","0.0","0.0","0","1","1","false","MUC5AC","58.0","0","0","false","0","MUC5AC","0"
"0.0","0.0","0.0","0.0","0","1","1","false","MUC5B","58.0","0","0","false","0","MUC5B","0"
"0.0","0.0","0.0","0.0","0","1","1","false","MUC16","58.0","0","0","false","0","MUC16","0"
"0.0","0.0","0.0","0.0","0","1","1","false","ST6GALNAC2","58.0","0","0","false","0","ST6GALNAC2","0"
"0.0","0.0","0.0","0.0","0","1","1","false","GALNT18","58.0","0","0","false","0","GALNT18","0"
"0.0","0.0","0.0","0.0","0","1","1","false","GALNT13","58.0","0","0","false","0","GALNT13","0"
"0.0","0.0","0.0","0.0","0","1","1","false","ST6GALNAC3","58.0","0","0","false","0","ST6GALNAC3","0"
"0.0","0.0","0.0","0.0","0","1","1","false","ST3GAL3","58.0","0","0","false","0","ST3GAL3","0"
"0.0","0.0","0.0","0.0","0","1","1","false","ST3GAL1","58.0","0","0","false","0","ST3GAL1","0"
"0.0","0.0","0.0","0.0","0","1","1","false","ST6GALNAC4","58.0","0","0","false","0","ST6GALNAC4","0"
"0.0","0.0","0.0","0.0","0","1","1","false","ST3GAL2","58.0","0","0","false","0","ST3GAL2","0"
"0.0","0.0","0.0","0.0","0","1","1","false","CLEC10A","58.0","0","0","false","0","CLEC10A","0"
"3.0240963855421685","6.9789730537152215","0.3306772908366534","0.1","4","15","10","false","STAT3","76.8","5","4","false","0","STAT3","15032360"
"3.1310240963855422","0.703677471791536","0.3193843193843194","0.2","4","5","2","false","EGFR","97.8","3","0","false","0","EGFR","4264631"
"0.0","0.0","0.0","0.0","0","1","1","false","ST3GAL4","58.0","0","0","false","0","ST3GAL4","0"
"2.8147590361445785","20.86091110839823","0.3552701979668272","0.0016563146997929607","4","103","26","false","SERPINE1","3.6285714285714286","77","23","false","1","SERPINE1","69884601"
"0.0","0.0","0.0","0.0","0","2","2","false","TIMP1","75.0","0","0","false","0","TIMP1","0"
"3.3207831325301207","0.03862779953288507","0.3011337868480725","0.6666666666666666","4","5","3","false","SMAD4","104.66666666666667","2","1","false","0","SMAD4","312800"
"3.48644578313253","0.03862779953288507","0.28682505399568037","0.0","4","2","1","false","SMAD7","96.0","1","0","false","0","SMAD7","312800"
"0.0","0.0","0.0","0.0","0","1","1","false","VTN","70.0","0","0","false","0","VTN","0"
"0.0","0.0","0.0","0.0","0","1","1","false","LRP1","70.0","0","0","false","0","LRP1","0"
"0.0","0.0","0.0","0.0","0","1","1","false","SMAD2","70.0","0","0","false","0","SMAD2","0"
"0.0","0.0","0.0","0.0","0","1","1","false","PLAT","70.0","0","0","false","0","PLAT","0"
"3.4171686746987953","0.07509578053864864","0.29263992948435436","0.3333333333333333","4","3","1","false","PLAUR","114.0","2","0","false","0","PLAUR","697127"
"3.4171686746987953","0.07509578053864864","0.29263992948435436","0.3333333333333333","4","3","1","false","PLAU","114.0","2","0","false","0","PLAU","697127"
"3.4894578313253013","0.8992678044712695","0.28657747086750107","0.5","5","7","5","false","SMAD3","98.5","2","2","false","0","SMAD3","5612794"
"0.0","0.0","0.0","0.0","0","1","1","false","F5","70.0","0","0","false","0","F5","0"
"0.0","0.0","0.0","0.0","0","1","1","false","HRG","70.0","0","0","false","0","HRG","0"
"0.0","0.0","0.0","0.0","0","1","1","false","FGG","70.0","0","0","false","0","FGG","0"
"0.0","0.0","0.0","0.0","0","1","1","false","FGA","70.0","0","0","false","0","FGA","0"
"0.0","0.0","0.0","0.0","0","1","1","false","FGB","70.0","0","0","false","0","FGB","0"
"0.0","0.0","0.0","0.0","0","1","1","false","F8","70.0","0","0","false","0","F8","0"
"0.0","0.0","0.0","0.0","0","1","1","false","ACTN4","70.0","0","0","false","0","ACTN4","0"
"0.0","0.0","0.0","0.0","0","1","1","false","ORM1","70.0","0","0","false","0","ORM1","0"
"0.0","0.0","0.0","0.0","0","1","1","false","F13A1","70.0","0","0","false","0","F13A1","0"
"0.0","0.0","0.0","0.0","0","1","1","false","PROS1","70.0","0","0","false","0","PROS1","0"
"0.0","0.0","0.0","0.0","0","1","1","false","SRGN","70.0","0","0","false","0","SRGN","0"
"0.0","0.0","0.0","0.0","0","1","1","false","SERPINF2","70.0","0","0","false","0","SERPINF2","0"
"0.0","0.0","0.0","0.0","0","1","1","false","CFD","70.0","0","0","false","0","CFD","0"
"0.0","0.0","0.0","0.0","0","1","1","false","AHSG","70.0","0","0","false","0","AHSG","0"
"0.0","0.0","0.0","0.0","0","1","1","false","KNG1","70.0","0","0","false","0","KNG1","0"
"0.0","0.0","0.0","0.0","0","2","2","false","PPBP","75.0","0","0","false","0","PPBP","0"
"3.852409638554217","0.03646798100576367","0.2595777951524629","0.0","5","2","1","false","IGF2","110.0","1","0","false","0","IGF2","384327"
"3.852409638554217","0.03646798100576367","0.2595777951524629","0.0","5","2","1","false","PDGFB","110.0","1","0","false","0","PDGFB","384327"
"0.0","0.0","0.0","0.0","0","1","1","false","TGFB3","70.0","0","0","false","0","TGFB3","0"
"0.0","0.0","0.0","0.0","0","1","1","false","VEGFC","70.0","0","0","false","0","VEGFC","0"
"0.0","0.0","0.0","0.0","0","1","1","false","PF4","70.0","0","0","false","0","PF4","0"
"0.0","0.0","0.0","0.0","0","1","1","false","TGFB2","70.0","0","0","false","0","TGFB2","0"
"0.0","0.0","0.0","0.0","0","1","1","false","VWF","70.0","0","0","false","0","VWF","0"
"0.0","0.0","0.0","0.0","0","1","1","false","SPARC","70.0","0","0","false","0","SPARC","0"
"0.0","0.0","0.0","0.0","0","2","2","false","A2M","75.0","0","0","false","0","A2M","0"
"0.0","0.0","0.0","0.3333333333333333","0","3","3","false","IGF1","81.0","0","0","false","0","IGF1","0"
"0.0","0.0","0.0","0.0","0","1","1","false","ALB","70.0","0","0","false","0","ALB","0"
"0.0","0.0","0.0","0.0","0","1","1","false","HGF","70.0","0","0","false","0","HGF","0"
"0.0","0.0","0.0","0.0","0","2","2","false","PLG","75.0","0","0","false","0","PLG","0"
"3.852409638554217","0.03646798100576367","0.2595777951524629","0.0","5","2","1","false","FN1","110.0","1","0","false","0","FN1","384327"
"3.1310240963855422","0.7179363096863904","0.3193843193843194","0.2","4","7","3","false","VEGFA","96.83333333333333","4","1","false","0","VEGFA","5625161"
"0.0","0.0","0.0","0.0","0","2","2","false","EGF","74.0","0","0","false","0","EGF","0"
"0.0","0.0","0.0","0.0","0","2","2","false","THBS1","75.0","0","0","false","0","THBS1","0"
"0.0","0.0","0.0","0.0","0","2","2","false","TGFB1","96.0","0","0","false","0","TGFB1","0"
"0.0","0.0","0.0","0.0","0","1","1","false","ITGB3","70.0","0","0","false","0","ITGB3","0"
"0.0","0.0","0.0","0.0","0","1","1","false","ITGAV","70.0","0","0","false","0","ITGAV","0"
"3.8132530120481927","0.0","0.26224328593996843","0.0","5","3","2","false","ARNTL2","70.0","1","1","false","0","ARNTL2","0"
"0.0","0.0","0.0","0.0","0","1","1","false","VLDLR","70.0","0","0","false","0","VLDLR","0"
"0.0","0.0","0.0","0.0","0","1","1","false","ARNTL","70.0","0","0","false","0","ARNTL","0"
"0.0","0.0","0.0","0.0","0","1","1","false","CLOCK","70.0","0","0","false","0","CLOCK","0"
"2.8569277108433737","60.095476603257815","0.3500263574064312","0.0016554809843400448","4","179","111","false","EGR1","2.6266666666666665","68","22","false","1","EGR1","201070569"
"3.4186746987951806","0.3338339848088827","0.29251101321585904","0.0","4","3","2","false","HDAC7","136.0","1","1","false","0","HDAC7","2511227"
"3.783132530120482","0.332240059675203","0.2643312101910828","0.0","5","3","2","false","IRF1","115.0","1","1","false","0","IRF1","3596810"
"0.0","0.0","0.0","0.0","0","1","1","false","PHC3","150.0","0","0","false","0","PHC3","0"
"3.355421686746988","1.7708519885047906","0.29802513464991026","0.3333333333333333","5","7","4","false","PPARG","105.5","3","3","false","0","PPARG","11280548"
"3.783132530120482","0.332240059675203","0.2643312101910828","0.0","5","3","2","false","SNAI2","115.0","1","1","false","0","SNAI2","3596810"
"0.0","0.0","0.0","0.0","0","2","2","false","SNAI1","101.5","0","0","false","0","SNAI1","0"
"0.0","0.0","0.0","0.0","0","1","1","false","SUZ12","150.0","0","0","false","0","SUZ12","0"
"0.0","0.0","0.0","0.0","0","1","1","false","REST","150.0","0","0","false","0","REST","0"
"0.0","0.0","0.0","0.0","0","1","1","false","MTA3","150.0","0","0","false","0","MTA3","0"
"0.0","0.0","0.0","0.0","0","1","1","false","EED","150.0","0","0","false","0","EED","0"
"0.0","0.0","0.0","1.0","0","2","2","false","ATF2","136.0","0","0","false","0","ATF2","0"
"2.960843373493976","2.0339400104782808","0.3377416073245168","0.5","4","12","7","false","JUN","111.0","5","4","false","0","JUN","12718018"
"0.0","0.0","0.0","0.0","0","1","1","false","CHD3","150.0","0","0","false","0","CHD3","0"
"0.0","0.0","0.0","0.0","0","1","1","false","CHD4","150.0","0","0","false","0","CHD4","0"
"3.2259036144578315","1.1273494526215446","0.3099906629318394","0.0","4","5","3","false","MTA1","117.33333333333333","2","2","false","0","MTA1","9219148"
"0.0","0.0","0.0","0.0","0","1","1","false","HDAC5","150.0","0","0","false","0","HDAC5","0"
"2.9487951807228914","2.804010294163342","0.3391215526046987","0.3","4","13","7","false","TP53","103.6","6","4","false","0","TP53","15650447"
"0.0","0.0","0.0","0.0","0","1","1","false","RCOR1","150.0","0","0","false","0","RCOR1","0"
"0.0","0.0","0.0","0.0","0","2","2","false","EZH2","100.5","0","0","false","0","EZH2","0"
"0.0","0.0","0.0","0.0","0","1","1","false","NR2E1","150.0","0","0","false","0","NR2E1","0"
"0.0","0.0","0.0","0.0","0","1","1","false","RBBP4","150.0","0","0","false","0","RBBP4","0"
"0.0","0.0","0.0","0.0","0","1","1","false","RBBP7","150.0","0","0","false","0","RBBP7","0"
"0.0","0.0","0.0","0.0","0","2","2","false","KDM1A","136.0","0","0","false","0","KDM1A","0"
"0.0","0.0","0.0","0.0","0","1","1","false","HDAC3","150.0","0","0","false","0","HDAC3","0"
"0.0","0.0","0.0","0.0","0","1","1","false","HDAC2","150.0","0","0","false","0","HDAC2","0"
"2.716867469879518","16.09420285858906","0.36807095343680707","0.2","4","15","9","false","HDAC1","100.0","6","6","false","0","HDAC1","51464907"
"0.0","0.0","0.0","0.6666666666666666","0","4","4","false","MAPK1","118.75","0","0","false","0","MAPK1","0"
"0.0","0.0","0.0","0.0","0","1","1","false","RNASEL","150.0","0","0","false","0","RNASEL","0"
"3.4171686746987953","0.3338339848088827","0.29263992948435436","0.6666666666666666","4","3","2","false","JUNB","131.33333333333334","1","0","false","0","JUNB","2511227"
"0.0","0.0","0.0","1.0","0","2","2","false","FOSB","136.0","0","0","false","0","FOSB","0"
"0.0","0.0","0.0","1.0","0","2","2","false","NFATC1","136.0","0","0","false","0","NFATC1","0"
"0.0","0.0","0.0","0.0","0","1","1","false","IRF3","150.0","0","0","false","0","IRF3","0"
"0.0","0.0","0.0","0.6666666666666666","0","4","4","false","MAPK3","118.75","0","0","false","0","MAPK3","0"
"2.4909638554216866","64.01540096815508","0.4014510278113664","0.008128979813033465","3","184","96","false","FOS","5.540983606557377","88","37","false","4","FOS","141876652"
"3.855421686746988","0.012663675612183754","0.259375","0.0","5","3","2","false","CDK5R1","100.5","1","1","false","0","CDK5R1","29893"
"0.0","0.0","0.0","0.0","0","1","1","false","IFIT3","150.0","0","0","false","0","IFIT3","0"
"0.0","0.0","0.0","0.0","0","1","1","false","IFI6","150.0","0","0","false","0","IFI6","0"
"0.0","0.0","0.0","0.0","0","1","1","false","IRF5","150.0","0","0","false","0","IRF5","0"
"0.0","0.0","0.0","0.0","0","1","1","false","IFIT2","150.0","0","0","false","0","IFIT2","0"
"0.0","0.0","0.0","0.0","0","1","1","false","IFIT1","150.0","0","0","false","0","IFIT1","0"
"0.0","0.0","0.0","0.0","0","1","1","false","MX1","150.0","0","0","false","0","MX1","0"
"0.0","0.0","0.0","0.0","0","1","1","false","OASL","150.0","0","0","false","0","OASL","0"
"0.0","0.0","0.0","0.0","0","1","1","false","IRF7","150.0","0","0","false","0","IRF7","0"
"0.0","0.0","0.0","0.0","0","1","1","false","ISG15","150.0","0","0","false","0","ISG15","0"
"0.0","0.0","0.0","0.0","0","1","1","false","STAT2","150.0","0","0","false","0","STAT2","0"
"0.0","0.0","0.0","0.0","0","1","1","false","IRF2","150.0","0","0","false","0","IRF2","0"
"0.0","0.0","0.0","0.0","0","1","1","false","IRF4","150.0","0","0","false","0","IRF4","0"
"0.0","0.0","0.0","0.0","0","1","1","false","IRF8","150.0","0","0","false","0","IRF8","0"
"0.0","0.0","0.0","1.0","0","2","2","false","NFATC3","136.0","0","0","false","0","NFATC3","0"
"0.0","0.0","0.0","1.0","0","2","2","false","NFATC2","136.0","0","0","false","0","NFATC2","0"
"0.0","0.0","0.0","0.0","0","1","1","false","CEBPA","122.0","0","0","false","0","CEBPA","0"
"0.0","0.0","0.0","0.0","0","1","1","false","GATA2","122.0","0","0","false","0","GATA2","0"
"0.0","0.0","0.0","0.0","0","2","2","false","NOTCH1","86.5","0","0","false","0","NOTCH1","0"
"3.128012048192771","4.692902486016909","0.31969186326432353","0.2857142857142857","5","12","7","false","EP300","100.85714285714286","5","3","false","0","EP300","25383392"
"0.0","0.0","0.0","0.0","0","1","1","false","HMOX1","122.0","0","0","false","0","HMOX1","0"
"0.0","0.0","0.0","0.0","0","1","1","false","CCL2","122.0","0","0","false","0","CCL2","0"
"3.9397590361445785","0.5347070779163985","0.25382262996941896","0.0","6","3","2","false","JUND","100.0","1","1","false","0","JUND","2997430"
"3.8539156626506026","0.03657854682861049","0.2594763579523251","0.6666666666666666","5","3","2","false","TNF","117.33333333333333","1","0","false","0","TNF","442067"
"2.9954819277108435","0.21176169023561123","0.3338360985419809","0.6666666666666666","4","6","2","false","CCND1","118.75","4","2","false","0","CCND1","1460788"
"0.0","0.0","0.0","0.0","0","2","2","false","MAPK14","88.0","0","0","false","0","MAPK14","0"
"0.0","0.0","0.0","0.0","0","1","1","false","TNFSF11","122.0","0","0","false","0","TNFSF11","0"
"3.3207831325301207","0.4148538174272523","0.3011337868480725","0.0","4","5","3","false","ESR2","96.0","2","2","false","0","ESR2","2610447"
"3.5828313253012047","0.36881860650381487","0.2791088692728037","0.6666666666666666","5","5","3","false","ETS2","117.33333333333333","2","2","false","0","ETS2","4038877"
"0.0","0.0","0.0","0.0","0","2","2","false","MAPK8","100.0","0","0","false","0","MAPK8","0"
"3.2951807228915664","0.7177374169744283","0.30347349177330896","0.0","4","5","3","false","ELK1","100.0","2","2","false","0","ELK1","4246469"
"2.88855421686747","5.07462217949813","0.3461939520333681","0.2","4","16","8","false","RELA","96.0","8","5","false","0","RELA","26904353"
"0.0","0.0","0.0","1.0","0","2","2","false","NR3C1","101.5","0","0","false","0","NR3C1","0"
"2.4698795180722892","22.462120316157677","0.4048780487804878","0.2","4","22","12","false","SP1","88.3","10","10","false","0","SP1","78917940"
"2.4201807228915664","53.42810596446186","0.4131922837585563","0.005351578376913697","3","190","104","false","ESR1","5.090163934426229","86","37","false","4","ESR1","147027281"
"3.4186746987951806","0.0","0.29251101321585904","1.0","4","3","2","false","STAT5B","122.0","1","1","false","0","STAT5B","0"
"3.8539156626506026","0.1457312421626442","0.2594763579523251","0.3333333333333333","5","3","2","false","IL6","116.66666666666667","1","0","false","0","IL6","1354103"
"3.2951807228915664","0.7177374169744283","0.30347349177330896","0.0","4","5","3","false","CREB1","100.0","2","2","false","0","CREB1","4246469"
"3.4186746987951806","0.0","0.29251101321585904","1.0","4","5","3","false","STAT5A","122.0","2","1","false","0","STAT5A","0"
"3.5828313253012047","0.36881860650381487","0.2791088692728037","0.6666666666666666","5","5","3","false","ETS1","117.33333333333333","2","2","false","0","ETS1","4038877"
"3.63855421686747","0.0","0.27483443708609273","1.0","5","2","1","false","DUSP1","101.5","1","0","false","0","DUSP1","0"
"3.5481927710843375","1.707996986183565","0.28183361629881154","0.0","5","7","5","false","YY1","80.25","2","2","false","0","YY1","7076268"
"0.0","0.0","0.0","0.0","0","1","1","false","MAPK9","122.0","0","0","false","0","MAPK9","0"
"0.0","0.0","0.0","0.0","0","1","1","false","MAPK10","122.0","0","0","false","0","MAPK10","0"
"3.1039156626506026","17.891789971757653","0.3221737020863658","0.3","4","9","6","false","GATA3","86.8","3","3","false","0","GATA3","23248906"
"0.0","0.0","0.0","0.0","0","1","1","false","H2AFZ","122.0","0","0","false","0","H2AFZ","0"
"0.0","0.0","0.0","0.0","0","1","1","false","HIST1H2BA","122.0","0","0","false","0","HIST1H2BA","0"
"3.4894578313253013","0.0","0.28657747086750107","1.0","4","4","3","false","FOXA1","108.33333333333333","1","1","false","0","FOXA1","0"
"3.4894578313253013","0.0","0.28657747086750107","0.0","4","4","2","false","CREM","122.0","2","1","false","0","CREM","0"
"0.0","0.0","0.0","0.0","0","1","1","false","TNFRSF11A","122.0","0","0","false","0","TNFRSF11A","0"
"3.3147590361445785","13.242328706736116","0.3016810540663335","0.0010885341074020319","5","60","5","false","CLDN7","2.30188679245283","55","4","false","1","CLDN7","32575749"
"0.0","0.0","0.0","0.0","0","1","1","false","CLDN11","53.0","0","0","false","0","CLDN11","0"
"0.0","0.0","0.0","0.0","0","1","1","false","MARVELD2","53.0","0","0","false","0","MARVELD2","0"
"0.0","0.0","0.0","0.0","0","1","1","false","WNK4","53.0","0","0","false","0","WNK4","0"
"0.0","0.0","0.0","0.0","0","1","1","false","TJP2","53.0","0","0","false","0","TJP2","0"
"0.0","0.0","0.0","0.0","0","1","1","false","TJP3","53.0","0","0","false","0","TJP3","0"
"0.0","0.0","0.0","0.0","0","1","1","false","F11R","53.0","0","0","false","0","F11R","0"
"0.0","0.0","0.0","0.0","0","1","1","false","CLDN24","53.0","0","0","false","0","CLDN24","0"
"0.0","0.0","0.0","0.0","0","1","1","false","TJP1","53.0","0","0","false","0","TJP1","0"
"0.0","0.0","0.0","0.0","0","1","1","false","CLDN25","53.0","0","0","false","0","CLDN25","0"
"0.0","0.0","0.0","0.0","0","1","1","false","ESAM","53.0","0","0","false","0","ESAM","0"
"0.0","0.0","0.0","0.0","0","1","1","false","OCLN","53.0","0","0","false","0","OCLN","0"
"0.0","0.0","0.0","0.0","0","1","1","false","CLDN20","53.0","0","0","false","0","CLDN20","0"
"0.0","0.0","0.0","0.0","0","1","1","false","CLDN22","53.0","0","0","false","0","CLDN22","0"
"0.0","0.0","0.0","0.0","0","1","1","false","CLDN17","53.0","0","0","false","0","CLDN17","0"
"0.0","0.0","0.0","0.0","0","1","1","false","CLDN1","53.0","0","0","false","0","CLDN1","0"
"0.0","0.0","0.0","0.0","0","1","1","false","CLDN15","53.0","0","0","false","0","CLDN15","0"
"0.0","0.0","0.0","0.0","0","1","1","false","CLDN8","53.0","0","0","false","0","CLDN8","0"
"0.0","0.0","0.0","0.0","0","1","1","false","CLDN18","53.0","0","0","false","0","CLDN18","0"
"0.0","0.0","0.0","0.0","0","1","1","false","CLDN4","53.0","0","0","false","0","CLDN4","0"
"0.0","0.0","0.0","0.0","0","1","1","false","CLDN10","53.0","0","0","false","0","CLDN10","0"
"0.0","0.0","0.0","0.0","0","1","1","false","CLDN9","53.0","0","0","false","0","CLDN9","0"
"0.0","0.0","0.0","0.0","0","1","1","false","CLDN3","53.0","0","0","false","0","CLDN3","0"
"0.0","0.0","0.0","0.0","0","1","1","false","CLDN19","53.0","0","0","false","0","CLDN19","0"
"0.0","0.0","0.0","0.0","0","1","1","false","CLDN2","53.0","0","0","false","0","CLDN2","0"
"0.0","0.0","0.0","0.0","0","1","1","false","CLDN6","53.0","0","0","false","0","CLDN6","0"
"0.0","0.0","0.0","0.0","0","1","1","false","CLDN5","53.0","0","0","false","0","CLDN5","0"
"0.0","0.0","0.0","0.0","0","1","1","false","CLDN16","53.0","0","0","false","0","CLDN16","0"
"0.0","0.0","0.0","0.0","0","1","1","false","CLDN14","53.0","0","0","false","0","CLDN14","0"
"0.0","0.0","0.0","0.0","0","1","1","false","CLDN23","53.0","0","0","false","0","CLDN23","0"
"0.0","0.0","0.0","0.0","0","1","1","false","CLDN12","53.0","0","0","false","0","CLDN12","0"
"0.0","0.0","0.0","0.5","0","3","3","false","KRT8","53.333333333333336","0","0","false","0","KRT8","0"
"0.0","0.0","0.0","0.0","0","1","1","false","RAB25","53.0","0","0","false","0","RAB25","0"
"0.0","0.0","0.0","0.5","0","3","3","false","KRT18","53.333333333333336","0","0","false","0","KRT18","0"
"2.930722891566265","8.886130704090649","0.34121274409044194","0.017470300489168415","4","61","6","false","KRT19","6.222222222222222","55","4","false","1","KRT19","16914158"
"0.0","0.0","0.0","0.5","0","2","2","false","EPCAM","53.5","0","0","false","0","EPCAM","0"
"3.4156626506024095","0.32985188403747195","0.29276895943562614","0.0","4","4","3","false","CDH1","76.5","1","0","false","0","CDH1","1747433"
"0.0","0.0","0.0","0.0","0","1","1","false","CCDC102A","53.0","0","0","false","0","CCDC102A","0"
"0.0","0.0","0.0","0.0","0","1","1","false","SCARB1","53.0","0","0","false","0","SCARB1","0"
"0.0","0.0","0.0","0.0","0","1","1","false","CD81","53.0","0","0","false","0","CD81","0"
"3.5647590361445785","0.41909863208547365","0.280523869877482","0.0","5","5","3","false","ELF3","66.5","2","2","false","0","ELF3","2640085"
"0.0","0.0","0.0","0.0","0","1","1","false","TACSTD2","53.0","0","0","false","0","TACSTD2","0"
"0.0","0.0","0.0","0.0","0","1","1","false","ST14","53.0","0","0","false","0","ST14","0"
"0.0","0.0","0.0","0.0","0","1","1","false","SPINT1","53.0","0","0","false","0","SPINT1","0"
"0.0","0.0","0.0","0.0","0","1","1","false","PRSS8","53.0","0","0","false","0","PRSS8","0"
"0.0","0.0","0.0","0.0","0","1","1","false","PKP3","53.0","0","0","false","0","PKP3","0"
"0.0","0.0","0.0","0.0","0","1","1","false","PI4K2B","53.0","0","0","false","0","PI4K2B","0"
"0.0","0.0","0.0","0.0","0","1","1","false","M1AP","53.0","0","0","false","0","M1AP","0"
"0.0","0.0","0.0","0.0","0","1","1","false","RPL23","53.0","0","0","false","0","RPL23","0"
"0.0","0.0","0.0","0.0","0","1","1","false","ING1","53.0","0","0","false","0","ING1","0"
"2.641566265060241","17.10192272246971","0.37856328392246297","0.010648148148148148","4","103","40","false","PGR","6.012345679012346","63","9","false","1","PGR","39461384"
"0.0","0.0","0.0","0.0","0","2","2","false","FKBP4","66.0","0","0","false","0","FKBP4","0"
"0.0","0.0","0.0","0.0","0","1","1","false","UBE2I","81.0","0","0","false","0","UBE2I","0"
"0.0","0.0","0.0","0.2","0","5","5","false","SRC","82.4","0","0","false","0","SRC","0"
"3.9397590361445785","0.6055373836481528","0.25382262996941896","0.6666666666666666","6","4","3","false","NCOA3","93.66666666666667","1","1","false","0","NCOA3","2510161"
"0.0","0.0","0.0","0.0","0","1","1","false","DCTN3","81.0","0","0","false","0","DCTN3","0"
"0.0","0.0","0.0","0.0","0","1","1","false","DCTN6","81.0","0","0","false","0","DCTN6","0"
"0.0","0.0","0.0","0.0","0","1","1","false","CAPZA3","81.0","0","0","false","0","CAPZA3","0"
"0.0","0.0","0.0","0.0","0","1","1","false","DYNC1I1","81.0","0","0","false","0","DYNC1I1","0"
"0.0","0.0","0.0","0.0","0","1","1","false","DYNC1H1","81.0","0","0","false","0","DYNC1H1","0"
"0.0","0.0","0.0","0.0","0","1","1","false","DCTN5","81.0","0","0","false","0","DCTN5","0"
"0.0","0.0","0.0","0.0","0","1","1","false","DYNC1I2","81.0","0","0","false","0","DYNC1I2","0"
"0.0","0.0","0.0","0.0","0","1","1","false","DYNC1LI1","81.0","0","0","false","0","DYNC1LI1","0"
"0.0","0.0","0.0","0.0","0","1","1","false","DYNC1LI2","81.0","0","0","false","0","DYNC1LI2","0"
"0.0","0.0","0.0","0.0","0","1","1","false","ACTR10","81.0","0","0","false","0","ACTR10","0"
"0.0","0.0","0.0","0.0","0","1","1","false","FKBP5","81.0","0","0","false","0","FKBP5","0"
"0.0","0.0","0.0","0.0","0","1","1","false","DCTN1","81.0","0","0","false","0","DCTN1","0"
"0.0","0.0","0.0","1.0","0","2","2","false","NRIP1","101.5","0","0","false","0","NRIP1","0"
"0.0","0.0","0.0","0.0","0","1","1","false","CAPZA1","81.0","0","0","false","0","CAPZA1","0"
"0.0","0.0","0.0","0.0","0","1","1","false","TLE3","81.0","0","0","false","0","TLE3","0"
"0.0","0.0","0.0","0.0","0","1","1","false","DYNLL1","81.0","0","0","false","0","DYNLL1","0"
"0.0","0.0","0.0","0.0","0","1","1","false","DYNLL2","81.0","0","0","false","0","DYNLL2","0"
"0.0","0.0","0.0","0.0","0","1","1","false","ACTR1A","81.0","0","0","false","0","ACTR1A","0"
"0.0","0.0","0.0","0.0","0","1","1","false","HSPA1B","81.0","0","0","false","0","HSPA1B","0"
"0.0","0.0","0.0","0.0","0","1","1","false","HSPA1L","81.0","0","0","false","0","HSPA1L","0"
"0.0","0.0","0.0","0.0","0","1","1","false","HSPA1A","81.0","0","0","false","0","HSPA1A","0"
"0.0","0.0","0.0","0.0","0","1","1","false","HSPA2","81.0","0","0","false","0","HSPA2","0"
"0.0","0.0","0.0","0.0","0","1","1","false","HSPA8","81.0","0","0","false","0","HSPA8","0"
"0.0","0.0","0.0","0.0","0","1","1","false","NR3C2","81.0","0","0","false","0","NR3C2","0"
"0.0","0.0","0.0","0.0","0","1","1","false","PTGES3","81.0","0","0","false","0","PTGES3","0"
"2.9186746987951806","2.1053845989607","0.3426212590299278","0.2","4","7","3","false","AR","97.8","4","2","false","0","AR","6159877"
"0.0","0.0","0.0","1.0","0","2","2","false","HSP90AB1","101.5","0","0","false","0","HSP90AB1","0"
"0.0","0.0","0.0","0.0","0","1","1","false","STIP1","81.0","0","0","false","0","STIP1","0"
"0.0","0.0","0.0","0.6666666666666666","0","3","3","false","HSP90AA1","93.66666666666667","0","0","false","0","HSP90AA1","0"
"2.941265060240964","26.393180466883436","0.3399897593445981","0.0018315018315018315","5","114","32","false","ERBB2","2.9871794871794872","82","30","false","1","ERBB2","95850983"
"0.0","0.0","0.0","1.0","0","2","2","false","NCOA1","101.5","0","0","false","0","NCOA1","0"
"0.0","0.0","0.0","1.0","0","2","2","false","MED1","101.5","0","0","false","0","MED1","0"
"0.0","0.0","0.0","0.3333333333333333","0","4","4","false","PIK3CA","83.0","0","0","false","0","PIK3CA","0"
"0.0","0.0","0.0","0.0","0","1","1","false","PRKACA","81.0","0","0","false","0","PRKACA","0"
"0.0","0.0","0.0","0.0","0","1","1","false","PRKACB","81.0","0","0","false","0","PRKACB","0"
"0.0","0.0","0.0","1.0","0","2","2","false","NCOR2","101.5","0","0","false","0","NCOR2","0"
"0.0","0.0","0.0","0.0","0","1","1","false","SUMO1","81.0","0","0","false","0","SUMO1","0"
"3.4186746987951806","0.0","0.29251101321585904","1.0","4","4","3","false","NCOR1","101.5","1","1","false","0","NCOR1","0"
"3.2515060240963853","1.772810298860885","0.30754979157017137","0.3333333333333333","4","5","3","false","PIAS3","87.0","2","2","false","0","PIAS3","3682203"
"0.0","0.0","0.0","1.0","0","2","2","false","KRT33A","53.5","0","0","false","0","KRT33A","0"
"0.0","0.0","0.0","1.0","0","2","2","false","KRT20","53.5","0","0","false","0","KRT20","0"
"0.0","0.0","0.0","1.0","0","2","2","false","KRT12","53.5","0","0","false","0","KRT12","0"
"0.0","0.0","0.0","1.0","0","2","2","false","KRT34","53.5","0","0","false","0","KRT34","0"
"0.0","0.0","0.0","1.0","0","2","2","false","KRT24","53.5","0","0","false","0","KRT24","0"
"0.0","0.0","0.0","1.0","0","2","2","false","KRT10","53.5","0","0","false","0","KRT10","0"
"0.0","0.0","0.0","1.0","0","2","2","false","KRT9","53.5","0","0","false","0","KRT9","0"
"0.0","0.0","0.0","1.0","0","2","2","false","KRT23","53.5","0","0","false","0","KRT23","0"
"0.0","0.0","0.0","1.0","0","2","2","false","KRT26","53.5","0","0","false","0","KRT26","0"
"0.0","0.0","0.0","1.0","0","2","2","false","KRT13","53.5","0","0","false","0","KRT13","0"
"0.0","0.0","0.0","1.0","0","2","2","false","KRT36","53.5","0","0","false","0","KRT36","0"
"0.0","0.0","0.0","0.0","0","1","1","false","KRT83","54.0","0","0","false","0","KRT83","0"
"0.0","0.0","0.0","1.0","0","2","2","false","KRT40","53.5","0","0","false","0","KRT40","0"
"0.0","0.0","0.0","1.0","0","2","2","false","KRT37","53.5","0","0","false","0","KRT37","0"
"0.0","0.0","0.0","1.0","0","2","2","false","KRT7","53.5","0","0","false","0","KRT7","0"
"0.0","0.0","0.0","1.0","0","2","2","false","KRT75","53.5","0","0","false","0","KRT75","0"
"0.0","0.0","0.0","1.0","0","2","2","false","KRT16","53.5","0","0","false","0","KRT16","0"
"0.0","0.0","0.0","1.0","0","2","2","false","KRT38","53.5","0","0","false","0","KRT38","0"
"0.0","0.0","0.0","1.0","0","2","2","false","KRT32","53.5","0","0","false","0","KRT32","0"
"0.0","0.0","0.0","1.0","0","2","2","false","KRT84","53.5","0","0","false","0","KRT84","0"
"0.0","0.0","0.0","1.0","0","2","2","false","KRT86","53.5","0","0","false","0","KRT86","0"
"0.0","0.0","0.0","1.0","0","2","2","false","KRT14","53.5","0","0","false","0","KRT14","0"
"3.2394578313253013","6.7252229713763185","0.3086936308693631","0.01632801161103048","5","59","5","false","KRT5","3.1320754716981134","54","4","false","1","KRT5","17269885"
"0.0","0.0","0.0","1.0","0","2","2","false","KRT1","53.5","0","0","false","0","KRT1","0"
"0.0","0.0","0.0","1.0","0","2","2","false","KRT15","53.5","0","0","false","0","KRT15","0"
"0.0","0.0","0.0","1.0","0","2","2","false","KRT71","53.5","0","0","false","0","KRT71","0"
"0.0","0.0","0.0","1.0","0","2","2","false","KRT76","53.5","0","0","false","0","KRT76","0"
"0.0","0.0","0.0","1.0","0","2","2","false","KRT28","53.5","0","0","false","0","KRT28","0"
"0.0","0.0","0.0","1.0","0","2","2","false","KRT81","53.5","0","0","false","0","KRT81","0"
"0.0","0.0","0.0","1.0","0","2","2","false","KRT74","53.5","0","0","false","0","KRT74","0"
"0.0","0.0","0.0","1.0","0","2","2","false","KRT80","53.5","0","0","false","0","KRT80","0"
"0.0","0.0","0.0","1.0","0","2","2","false","KRT17","53.5","0","0","false","0","KRT17","0"
"0.0","0.0","0.0","1.0","0","2","2","false","KRT6C","53.5","0","0","false","0","KRT6C","0"
"0.0","0.0","0.0","1.0","0","2","2","false","KRT2","53.5","0","0","false","0","KRT2","0"
"0.0","0.0","0.0","1.0","0","2","2","false","KRT3","53.5","0","0","false","0","KRT3","0"
"0.0","0.0","0.0","1.0","0","2","2","false","KRT82","53.5","0","0","false","0","KRT82","0"
"0.0","0.0","0.0","1.0","0","2","2","false","KRT6A","53.5","0","0","false","0","KRT6A","0"
"0.0","0.0","0.0","0.0","0","1","1","false","KRT85","54.0","0","0","false","0","KRT85","0"
"0.0","0.0","0.0","1.0","0","2","2","false","KRT72","53.5","0","0","false","0","KRT72","0"
"0.0","0.0","0.0","1.0","0","2","2","false","KRT77","53.5","0","0","false","0","KRT77","0"
"0.0","0.0","0.0","0.0","0","1","1","false","KRT73","54.0","0","0","false","0","KRT73","0"
"0.0","0.0","0.0","1.0","0","2","2","false","KRT6B","53.5","0","0","false","0","KRT6B","0"
"0.0","0.0","0.0","1.0","0","2","2","false","KRT78","53.5","0","0","false","0","KRT78","0"
"0.0","0.0","0.0","1.0","0","2","2","false","KRT4","53.5","0","0","false","0","KRT4","0"
"0.0","0.0","0.0","1.0","0","2","2","false","KRT79","53.5","0","0","false","0","KRT79","0"
"0.0","0.0","0.0","0.0","0","1","1","false","MAPK11","54.0","0","0","false","0","MAPK11","0"
"0.0","0.0","0.0","0.0","0","1","1","false","PTPN18","78.0","0","0","false","0","PTPN18","0"
"0.0","0.0","0.0","0.0","0","2","2","false","GRB2","64.5","0","0","false","0","GRB2","0"
"0.0","0.0","0.0","0.0","0","2","2","false","GAB1","64.5","0","0","false","0","GAB1","0"
"0.0","0.0","0.0","0.0","0","2","2","false","STUB1","100.0","0","0","false","0","STUB1","0"
"0.0","0.0","0.0","0.0","0","1","1","false","PTK2","78.0","0","0","false","0","PTK2","0"
"0.0","0.0","0.0","0.0","0","1","1","false","ERBB2IP","78.0","0","0","false","0","ERBB2IP","0"
"0.0","0.0","0.0","0.0","0","1","1","false","PIK3R2","78.0","0","0","false","0","PIK3R2","0"
"3.2243975903614457","0.6210483342519549","0.31013545072396076","0.0","4","5","3","false","CTNNB1","81.0","2","1","false","0","CTNNB1","4227372"
"0.0","0.0","0.0","0.0","0","2","2","false","NRAS","64.5","0","0","false","0","NRAS","0"
"0.0","0.0","0.0","0.0","0","2","2","false","KRAS","64.5","0","0","false","0","KRAS","0"
"0.0","0.0","0.0","0.0","0","2","2","false","HRAS","64.5","0","0","false","0","HRAS","0"
"0.0","0.0","0.0","0.0","0","1","1","false","PLCG2","78.0","0","0","false","0","PLCG2","0"
"0.0","0.0","0.0","0.0","0","2","2","false","RHOC","64.5","0","0","false","0","RHOC","0"
"0.0","0.0","0.0","0.0","0","2","2","false","PLCG1","64.5","0","0","false","0","PLCG1","0"
"0.0","0.0","0.0","0.0","0","1","1","false","JAK2","78.0","0","0","false","0","JAK2","0"
"0.0","0.0","0.0","0.0","0","2","2","false","RHOA","64.5","0","0","false","0","RHOA","0"
"0.0","0.0","0.0","0.0","0","1","1","false","FYN","78.0","0","0","false","0","FYN","0"
"0.0","0.0","0.0","0.0","0","2","2","false","SOS1","64.5","0","0","false","0","SOS1","0"
"0.0","0.0","0.0","0.0","0","2","2","false","PTPN11","64.5","0","0","false","0","PTPN11","0"
"0.0","0.0","0.0","0.0","0","1","1","false","ERBB3","78.0","0","0","false","0","ERBB3","0"
"0.0","0.0","0.0","0.0","0","2","2","false","PIK3R1","64.5","0","0","false","0","PIK3R1","0"
"0.0","0.0","0.0","0.0","0","2","2","false","SHC1","64.5","0","0","false","0","SHC1","0"
"0.0","0.0","0.0","0.0","0","2","2","false","HBEGF","79.0","0","0","false","0","HBEGF","0"
"0.0","0.0","0.0","0.0","0","2","2","false","CD44","79.0","0","0","false","0","CD44","0"
"3.4156626506024095","0.19905666332210195","0.29276895943562614","0.0","4","2","1","false","TGFA","100.0","1","0","false","0","TGFA","1722667"
"0.0","0.0","0.0","0.0","0","1","1","false","PTPN12","78.0","0","0","false","0","PTPN12","0"
"0.0","0.0","0.0","0.0","0","1","1","false","MEMO1","78.0","0","0","false","0","MEMO1","0"
"0.0","0.0","0.0","0.0","0","1","1","false","PTK6","78.0","0","0","false","0","PTK6","0"
"0.0","0.0","0.0","0.0","0","1","1","false","NRG3","78.0","0","0","false","0","NRG3","0"
"0.0","0.0","0.0","0.0","0","1","1","false","NRG2","78.0","0","0","false","0","NRG2","0"
"0.0","0.0","0.0","0.0","0","1","1","false","NRG1","78.0","0","0","false","0","NRG1","0"
"0.0","0.0","0.0","0.0","0","1","1","false","ADAM17","78.0","0","0","false","0","ADAM17","0"
"0.0","0.0","0.0","0.0","0","1","1","false","EREG","78.0","0","0","false","0","EREG","0"
"0.0","0.0","0.0","0.0","0","1","1","false","BTC","78.0","0","0","false","0","BTC","0"
"0.0","0.0","0.0","0.0","0","1","1","false","AREG","78.0","0","0","false","0","AREG","0"
"0.0","0.0","0.0","0.0","0","1","1","false","TFF3","78.0","0","0","false","0","TFF3","0"
"0.0","0.0","0.0","0.0","0","1","1","false","ERRFI1","78.0","0","0","false","0","ERRFI1","0"
"0.0","0.0","0.0","0.0","0","1","1","false","GRB7","78.0","0","0","false","0","GRB7","0"
"0.0","0.0","0.0","0.0","0","1","1","false","SEMA4D","78.0","0","0","false","0","SEMA4D","0"
"0.0","0.0","0.0","0.0","0","1","1","false","PLXNB1","78.0","0","0","false","0","PLXNB1","0"
"3.8117469879518073","12.00328247645962","0.2623468984591071","0.0","5","54","2","false","DLC1","1.3333333333333333","52","1","false","1","DLC1","13106448"
"0.0","0.0","0.0","0.0","0","1","1","false","TNS1","51.0","0","0","false","0","TNS1","0"
"0.0","0.0","0.0","0.0","0","1","1","false","RAC2","51.0","0","0","false","0","RAC2","0"
"0.0","0.0","0.0","0.0","0","1","1","false","RHOB","51.0","0","0","false","0","RHOB","0"
"0.0","0.0","0.0","0.0","0","1","1","false","PLCD1","51.0","0","0","false","0","PLCD1","0"
"0.0","0.0","0.0","0.0","0","1","1","false","CDK6","51.0","0","0","false","0","CDK6","0"
"0.0","0.0","0.0","0.0","0","3","3","false","CDC42","51.0","0","0","false","0","CDC42","0"
"0.0","0.0","0.0","0.0","0","2","2","false","AKT1","86.5","0","0","false","0","AKT1","0"
"0.0","0.0","0.0","0.0","0","1","1","false","TLN1","51.0","0","0","false","0","TLN1","0"
"0.0","0.0","0.0","0.0","0","1","1","false","RHOV","51.0","0","0","false","0","RHOV","0"
"0.0","0.0","0.0","0.0","0","1","1","false","RHOU","51.0","0","0","false","0","RHOU","0"
"0.0","0.0","0.0","0.0","0","1","1","false","RHOQ","51.0","0","0","false","0","RHOQ","0"
"0.0","0.0","0.0","0.0","0","1","1","false","RHOG","51.0","0","0","false","0","RHOG","0"
"0.0","0.0","0.0","0.0","0","2","2","false","RAC1","51.0","0","0","false","0","RAC1","0"
"0.0","0.0","0.0","0.0","0","1","1","false","RHOT2","51.0","0","0","false","0","RHOT2","0"
"0.0","0.0","0.0","0.0","0","1","1","false","RHOJ","51.0","0","0","false","0","RHOJ","0"
"0.0","0.0","0.0","0.0","0","1","1","false","RHOH","51.0","0","0","false","0","RHOH","0"
"0.0","0.0","0.0","0.0","0","1","1","false","RAC3","51.0","0","0","false","0","RAC3","0"
"0.0","0.0","0.0","0.0","0","1","1","false","RHOF","51.0","0","0","false","0","RHOF","0"
"0.0","0.0","0.0","0.0","0","1","1","false","RHOBTB2","51.0","0","0","false","0","RHOBTB2","0"
"0.0","0.0","0.0","0.0","0","1","1","false","RHOT1","51.0","0","0","false","0","RHOT1","0"
"0.0","0.0","0.0","0.0","0","1","1","false","RHOBTB1","51.0","0","0","false","0","RHOBTB1","0"
"0.0","0.0","0.0","0.0","0","1","1","false","RHOD","51.0","0","0","false","0","RHOD","0"
"0.0","0.0","0.0","0.0","0","1","1","false","CAV1","51.0","0","0","false","0","CAV1","0"
"3.852409638554217","0.05158832151380778","0.2595777951524629","0.0","5","3","2","false","PTEN","84.0","1","0","false","0","PTEN","360007"
"0.0","0.0","0.0","0.0","0","1","1","false","RTKN","51.0","0","0","false","0","RTKN","0"
"0.0","0.0","0.0","0.0","0","1","1","false","TNS4","51.0","0","0","false","0","TNS4","0"
"0.0","0.0","0.0","0.0","0","1","1","false","PRKD1","51.0","0","0","false","0","PRKD1","0"
"0.0","0.0","0.0","0.0","0","1","1","false","PCTP","51.0","0","0","false","0","PCTP","0"
"0.0","0.0","0.0","0.0","0","1","1","false","SPG20","51.0","0","0","false","0","SPG20","0"
"0.0","0.0","0.0","0.0","0","1","1","false","STARD9","51.0","0","0","false","0","STARD9","0"
"0.0","0.0","0.0","0.0","0","1","1","false","ACOT11","51.0","0","0","false","0","ACOT11","0"
"0.0","0.0","0.0","0.0","0","1","1","false","COL4A3BP","51.0","0","0","false","0","COL4A3BP","0"
"0.0","0.0","0.0","0.0","0","1","1","false","ACOT12","51.0","0","0","false","0","ACOT12","0"
"0.0","0.0","0.0","0.0","0","1","1","false","STARD5","51.0","0","0","false","0","STARD5","0"
"0.0","0.0","0.0","0.0","0","1","1","false","STARD4","51.0","0","0","false","0","STARD4","0"
"0.0","0.0","0.0","0.0","0","1","1","false","STARD6","51.0","0","0","false","0","STARD6","0"
"0.0","0.0","0.0","0.0","0","2","2","false","RASA1","51.0","0","0","false","0","RASA1","0"
"0.0","0.0","0.0","0.0","0","1","1","false","STARD7","51.0","0","0","false","0","STARD7","0"
"0.0","0.0","0.0","0.0","0","1","1","false","FBXW5","51.0","0","0","false","0","FBXW5","0"
"0.0","0.0","0.0","0.0","0","1","1","false","ZNF12","51.0","0","0","false","0","ZNF12","0"
"0.0","0.0","0.0","0.0","0","1","1","false","SYN3","51.0","0","0","false","0","SYN3","0"
"0.0","0.0","0.0","0.0","0","1","1","false","TLN2","51.0","0","0","false","0","TLN2","0"
"0.0","0.0","0.0","0.0","0","2","2","false","HP","65.5","0","0","false","0","HP","0"
"0.0","0.0","0.0","0.0","0","1","1","false","GPM6B","51.0","0","0","false","0","GPM6B","0"
"0.0","0.0","0.0","0.0","0","1","1","false","TRAF3IP3","51.0","0","0","false","0","TRAF3IP3","0"
"0.0","0.0","0.0","0.0","0","1","1","false","TNS3","51.0","0","0","false","0","TNS3","0"
"0.0","0.0","0.0","0.0","0","1","1","false","TENC1","51.0","0","0","false","0","TENC1","0"
"3.2213855421686746","0.8045940469702536","0.3104254324450678","0.0","4","5","3","false","TFAP2C","100.0","2","2","false","0","TFAP2C","4232828"
"2.980421686746988","8.013449082411302","0.3355229914098029","0.3","4","12","6","false","BRCA1","99.6","6","5","false","0","BRCA1","15803302"
"3.4186746987951806","0.0","0.29251101321585904","0.0","4","2","1","false","GREB1","122.0","1","1","false","0","GREB1","0"
"3.4186746987951806","0.0","0.29251101321585904","0.0","4","2","1","false","TFF1","122.0","1","1","false","0","TFF1","0"
"0.0","0.0","0.0","0.0","0","1","1","false","CREBBP","122.0","0","0","false","0","CREBBP","0"
"3.058734939759036","0.0","0.326932545544067","1.0","4","4","1","false","MYC","108.33333333333333","3","1","false","0","MYC","0"
"3.852409638554217","0.21176169023561123","0.2595777951524629","0.0","5","2","1","false","BCAR1","136.0","1","0","false","0","BCAR1","1460788"
"0.0","0.0","0.0","0.0","0","1","1","false","STK11","122.0","0","0","false","0","STK11","0"
"0.0","0.0","0.0","0.0","0","1","1","false","NOS3","122.0","0","0","false","0","NOS3","0"
"0.0","0.0","0.0","0.0","0","1","1","false","GAPDH","122.0","0","0","false","0","GAPDH","0"
"0.0","0.0","0.0","0.0","0","1","1","false","IGF1R","122.0","0","0","false","0","IGF1R","0"
"3.4186746987951806","0.0","0.29251101321585904","0.0","4","2","1","false","TERT","122.0","1","1","false","0","TERT","0"
"3.5828313253012047","0.9256154208899572","0.2791088692728037","0.0","5","5","3","false","STAT1","117.33333333333333","2","2","false","0","STAT1","7757428"
"0.0","0.0","0.0","0.0","0","1","1","false","PPARGC1A","122.0","0","0","false","0","PPARGC1A","0"
"0.0","0.0","0.0","0.0","0","1","1","false","ZNF217","122.0","0","0","false","0","ZNF217","0"
"3.4186746987951806","0.0","0.29251101321585904","0.0","4","2","1","false","PELP1","122.0","1","1","false","0","PELP1","0"
"3.8132530120481927","0.0","0.26224328593996843","1.0","5","3","2","false","NR0B2","96.0","1","1","false","0","NR0B2","0"
"0.0","0.0","0.0","0.0","0","1","1","false","CARM1","122.0","0","0","false","0","CARM1","0"
"0.0","0.0","0.0","0.0","0","1","1","false","CCNT1","122.0","0","0","false","0","CCNT1","0"
"0.0","0.0","0.0","0.0","0","1","1","false","PHB2","122.0","0","0","false","0","PHB2","0"
"0.0","0.0","0.0","0.0","0","1","1","false","NCOA2","122.0","0","0","false","0","NCOA2","0"
"0.0","0.0","0.0","0.0","0","1","1","false","NCOA7","122.0","0","0","false","0","NCOA7","0"
"0.0","0.0","0.0","0.0","0","1","1","false","KRT31","53.0","0","0","false","0","KRT31","0"
"0.0","0.0","0.0","0.0","0","1","1","false","KRT39","53.0","0","0","false","0","KRT39","0"
"0.0","0.0","0.0","0.0","0","1","1","false","KRT33B","53.0","0","0","false","0","KRT33B","0"
"0.0","0.0","0.0","0.0","0","1","1","false","KRT27","53.0","0","0","false","0","KRT27","0"
"0.0","0.0","0.0","0.0","0","1","1","false","KRT35","53.0","0","0","false","0","KRT35","0"
"0.0","0.0","0.0","0.0","0","1","1","false","KRT25","53.0","0","0","false","0","KRT25","0"
"3.476327116212339","0.0","0.28765992571192733","0.0","5","51","0","false","NTRk2","1.6470588235294117","51","0","false","0","NTRk2","0"
"0.0","0.0","0.0","0.0","0","1","1","false","NGFR","51.0","0","0","false","0","NGFR","0"
"0.0","0.0","0.0","0.0","0","1","1","false","KIDINS220","51.0","0","0","false","0","KIDINS220","0"
"0.0","0.0","0.0","0.0","0","1","1","false","SHC4","51.0","0","0","false","0","SHC4","0"
"0.0","0.0","0.0","0.0","0","1","1","false","CRKL","51.0","0","0","false","0","CRKL","0"
"0.0","0.0","0.0","0.0","0","1","1","false","CRK","51.0","0","0","false","0","CRK","0"
"0.0","0.0","0.0","0.0","0","1","1","false","SHC2","51.0","0","0","false","0","SHC2","0"
"0.0","0.0","0.0","0.0","0","1","1","false","SHC3","51.0","0","0","false","0","SHC3","0"
"0.0","0.0","0.0","0.0","0","1","1","false","NTRK2","51.0","0","0","false","0","NTRK2","0"
"0.0","0.0","0.0","0.0","0","1","1","false","NTF4","51.0","0","0","false","0","NTF4","0"
"0.0","0.0","0.0","0.0","0","1","1","false","NTRK1","51.0","0","0","false","0","NTRK1","0"
"3.487218045112782","0.012381374436643255","0.28676153514445885","0.0","4","2","1","false","NTF3","86.5","1","0","false","0","NTF3","92006"
"0.0","0.0","0.0","0.0","0","1","1","false","BDNF","51.0","0","0","false","0","BDNF","0"
"3.487218045112782","0.012381374436643255","0.28676153514445885","0.0","4","2","1","false","NGF","86.5","1","0","false","0","NGF","92006"
"0.0","0.0","0.0","0.0","0","1","1","false","EHD4","51.0","0","0","false","0","EHD4","0"
"0.0","0.0","0.0","0.0","0","1","1","false","GRIN2B","51.0","0","0","false","0","GRIN2B","0"
"0.0","0.0","0.0","0.0","0","1","1","false","FRS2","51.0","0","0","false","0","FRS2","0"
"0.0","0.0","0.0","0.0","0","1","1","false","RAP1B","51.0","0","0","false","0","RAP1B","0"
"0.0","0.0","0.0","0.0","0","1","1","false","TIAM1","51.0","0","0","false","0","TIAM1","0"
"0.0","0.0","0.0","0.0","0","1","1","false","FRS3","51.0","0","0","false","0","FRS3","0"
"0.0","0.0","0.0","0.0","0","1","1","false","RAP1A","51.0","0","0","false","0","RAP1A","0"
"0.0","0.0","0.0","0.0","0","1","1","false","CTNNA1","51.0","0","0","false","0","CTNNA1","0"
"0.0","0.0","0.0","0.0","0","1","1","false","CTNND1","51.0","0","0","false","0","CTNND1","0"
"0.0","0.0","0.0","0.0","0","1","1","false","CDK5","51.0","0","0","false","0","CDK5","0"
"0.0","0.0","0.0","0.0","0","1","1","false","CDH2","51.0","0","0","false","0","CDH2","0"
"0.0","0.0","0.0","0.0","0","1","1","false","ADCYAP1","51.0","0","0","false","0","ADCYAP1","0"
"0.0","0.0","0.0","0.0","0","1","1","false","SH2B1","51.0","0","0","false","0","SH2B1","0"
"0.0","0.0","0.0","0.0","0","1","1","false","DOCK3","51.0","0","0","false","0","DOCK3","0"
"0.0","0.0","0.0","0.0","0","1","1","false","DYNLT1","51.0","0","0","false","0","DYNLT1","0"
"0.0","0.0","0.0","0.0","0","1","1","false","RIT1","51.0","0","0","false","0","RIT1","0"
"0.0","0.0","0.0","0.0","0","1","1","false","RIT2","51.0","0","0","false","0","RIT2","0"
"0.0","0.0","0.0","0.0","0","1","1","false","ADCYAP1R1","51.0","0","0","false","0","ADCYAP1R1","0"
"0.0","0.0","0.0","0.0","0","1","1","false","GIPC1","51.0","0","0","false","0","GIPC1","0"
"3.0256024096385543","11.59333888830454","0.33051269288203083","0.002352941176470588","4","56","4","false","ID4","3.8823529411764706","52","2","false","1","ID4","19995138"
"0.0","0.0","0.0","0.0","0","1","1","false","BCL3","51.0","0","0","false","0","BCL3","0"
"0.0","0.0","0.0","0.0","0","1","1","false","CEBPB","51.0","0","0","false","0","CEBPB","0"
"0.0","0.0","0.0","0.0","0","1","1","false","MMP2","51.0","0","0","false","0","MMP2","0"
"0.0","0.0","0.0","0.0","0","1","1","false","SOX4","51.0","0","0","false","0","SOX4","0"
"0.0","0.0","0.0","0.0","0","1","1","false","WNT5A","51.0","0","0","false","0","WNT5A","0"
"0.0","0.0","0.0","0.0","0","1","1","false","MYF6","51.0","0","0","false","0","MYF6","0"
"0.0","0.0","0.0","0.0","0","1","1","false","ID2","51.0","0","0","false","0","ID2","0"
"3.852409638554217","0.0015979134059426756","0.2595777951524629","0.0","5","2","1","false","ID3","100.5","1","0","false","0","ID3","7738"
"0.0","0.0","0.0","0.0","0","1","1","false","MYRF","51.0","0","0","false","0","MYRF","0"
"0.0","0.0","0.0","0.0","0","1","1","false","MYOG","51.0","0","0","false","0","MYOG","0"
"0.0","0.0","0.0","0.0","0","1","1","false","MYOD1","51.0","0","0","false","0","MYOD1","0"
"0.0","0.0","0.0","0.0","0","1","1","false","TCF3","51.0","0","0","false","0","TCF3","0"
"3.575301204819277","0.05326654428695398","0.2796967144060657","0.0","5","4","2","false","TCF4","91.33333333333333","2","1","false","0","TCF4","446947"
"0.0","0.0","0.0","0.0","0","1","1","false","HES1","51.0","0","0","false","0","HES1","0"
"0.0","0.0","0.0","0.0","0","1","1","false","NEUROG1","51.0","0","0","false","0","NEUROG1","0"
"0.0","0.0","0.0","0.0","0","1","1","false","HES5","51.0","0","0","false","0","HES5","0"
"0.0","0.0","0.0","0.0","0","1","1","false","HEY2","51.0","0","0","false","0","HEY2","0"
"0.0","0.0","0.0","0.0","0","1","1","false","NEUROG3","51.0","0","0","false","0","NEUROG3","0"
"0.0","0.0","0.0","0.0","0","1","1","false","SOX2","51.0","0","0","false","0","SOX2","0"
"0.0","0.0","0.0","0.0","0","1","1","false","SOX10","51.0","0","0","false","0","SOX10","0"
"0.0","0.0","0.0","0.0","0","1","1","false","ZBTB16","51.0","0","0","false","0","ZBTB16","0"
"0.0","0.0","0.0","0.0","0","1","1","false","OLIG1","51.0","0","0","false","0","OLIG1","0"
"0.0","0.0","0.0","0.0","0","1","1","false","OLIG2","51.0","0","0","false","0","OLIG2","0"
"0.0","0.0","0.0","0.0","0","1","1","false","BCL6B","51.0","0","0","false","0","BCL6B","0"
"0.0","0.0","0.0","0.0","0","1","1","false","SOHLH1","51.0","0","0","false","0","SOHLH1","0"
"0.0","0.0","0.0","0.0","0","1","1","false","GFRA1","51.0","0","0","false","0","GFRA1","0"
"0.0","0.0","0.0","0.0","0","1","1","false","NANOS2","51.0","0","0","false","0","NANOS2","0"
"3.852409638554217","0.0015979134059426756","0.2595777951524629","0.0","5","2","1","false","GDNF","100.5","1","0","false","0","GDNF","7738"
"0.0","0.0","0.0","0.0","0","1","1","false","NKX2-2","51.0","0","0","false","0","NKX2-2","0"
"0.0","0.0","0.0","0.0","0","1","1","false","POU3F1","51.0","0","0","false","0","POU3F1","0"
"3.9548192771084336","0.005002361836663829","0.25285605483625284","0.0","6","3","2","false","TCF7L2","62.0","1","1","false","0","TCF7L2","22142"
"0.0","0.0","0.0","0.0","0","1","1","false","TRIM21","51.0","0","0","false","0","TRIM21","0"
"0.0","0.0","0.0","0.0","0","1","1","false","SRI","51.0","0","0","false","0","SRI","0"
"0.0","0.0","0.0","0.0","0","1","1","false","ESM1","51.0","0","0","false","0","ESM1","0"
"3.1987951807228914","0.0029908255655676573","0.31261770244821097","0.6666666666666666","4","5","3","false","NKX3-1","98.33333333333333","2","2","false","0","NKX3-1","14892"
"0.0","0.0","0.0","0.0","0","1","1","false","GFAP","51.0","0","0","false","0","GFAP","0"
"0.0","0.0","0.0","0.0","0","1","1","false","ABCC3","51.0","0","0","false","0","ABCC3","0"
"0.0","0.0","0.0","0.0","0","1","1","false","GRHL3","51.0","0","0","false","0","GRHL3","0"
"3.6370481927710845","0.003483973638975075","0.27494824016563146","0.0","5","2","1","false","HLTF","66.0","1","0","false","0","HLTF","5256"
"0.0","0.0","0.0","0.0","0","1","1","false","GPR17","51.0","0","0","false","0","GPR17","0"
"0.0","0.0","0.0","0.0","0","1","1","false","C10orf142","51.0","0","0","false","0","C10orf142","0"
"0.0","0.0","0.0","0.0","0","1","1","false","BLCAP","51.0","0","0","false","0","BLCAP","0"
"2.7846385542168677","25.248965789662282","0.3591130340724716","0.003481012658227848","4","128","38","false","MMP9","3.65","90","31","false","1","MMP9","125840952"
"0.0","0.0","0.0","0.0","0","1","1","false","CTSG","80.0","0","0","false","0","CTSG","0"
"0.0","0.0","0.0","0.0","0","1","1","false","ITGAM","80.0","0","0","false","0","ITGAM","0"
"0.0","0.0","0.0","0.0","0","1","1","false","SDC1","80.0","0","0","false","0","SDC1","0"
"0.0","0.0","0.0","0.0","0","1","1","false","LTF","80.0","0","0","false","0","LTF","0"
"3.4156626506024095","0.11624028398692078","0.29276895943562614","0.0","4","2","1","false","CTSD","101.0","1","0","false","0","CTSD","853348"
"3.4186746987951806","0.03657854682861049","0.29251101321585904","0.6666666666666666","4","3","1","false","CXCL8","117.33333333333333","2","0","false","0","CXCL8","442067"
"0.0","0.0","0.0","0.0","0","1","1","false","MMP8","80.0","0","0","false","0","MMP8","0"
"0.0","0.0","0.0","0.0","0","1","1","false","CAMP","80.0","0","0","false","0","CAMP","0"
"0.0","0.0","0.0","0.0","0","1","1","false","PRSS3P2","80.0","0","0","false","0","PRSS3P2","0"
"3.4879518072289155","0.0","0.28670120898100176","1.0","4","2","1","false","MMP1","101.0","1","0","false","0","MMP1","0"
"0.0","0.0","0.0","0.0","0","1","1","false","LYZ","80.0","0","0","false","0","LYZ","0"
"0.0","0.0","0.0","0.0","0","1","1","false","B2M","80.0","0","0","false","0","B2M","0"
"0.0","0.0","0.0","0.0","0","1","1","false","NID1","80.0","0","0","false","0","NID1","0"
"0.0","0.0","0.0","0.0","0","1","1","false","PTX3","80.0","0","0","false","0","PTX3","0"
"0.0","0.0","0.0","0.0","0","1","1","false","EDN1","80.0","0","0","false","0","EDN1","0"
"0.0","0.0","0.0","0.0","0","1","1","false","COL18A1","80.0","0","0","false","0","COL18A1","0"
"0.0","0.0","0.0","0.0","0","1","1","false","CXCL1","80.0","0","0","false","0","CXCL1","0"
"0.0","0.0","0.0","0.0","0","1","1","false","ACAN","80.0","0","0","false","0","ACAN","0"
"3.4879518072289155","0.0","0.28670120898100176","1.0","4","2","1","false","MMP7","101.0","1","0","false","0","MMP7","0"
"3.4201807228915664","0.03657854682861049","0.29238221047996477","0.6666666666666666","4","5","3","false","STAT6","117.33333333333333","2","2","false","0","STAT6","442067"
"0.0","0.0","0.0","0.0","0","1","1","false","CST3","80.0","0","0","false","0","CST3","0"
"0.0","0.0","0.0","0.0","0","1","1","false","MMP10","80.0","0","0","false","0","MMP10","0"
"3.4879518072289155","0.0","0.28670120898100176","1.0","4","2","1","false","MMP3","101.0","1","0","false","0","MMP3","0"
"0.0","0.0","0.0","0.0","0","1","1","false","OLFM4","80.0","0","0","false","0","OLFM4","0"
"0.0","0.0","0.0","0.0","0","1","1","false","EPHB2","80.0","0","0","false","0","EPHB2","0"
"0.0","0.0","0.0","0.0","0","1","1","false","LTA4H","80.0","0","0","false","0","LTA4H","0"
"0.0","0.0","0.0","0.0","0","1","1","false","IDH1","80.0","0","0","false","0","IDH1","0"
"0.0","0.0","0.0","0.0","0","1","1","false","OSCAR","80.0","0","0","false","0","OSCAR","0"
"0.0","0.0","0.0","0.0","0","1","1","false","CHIT1","80.0","0","0","false","0","CHIT1","0"
"0.0","0.0","0.0","0.0","0","1","1","false","TIMP2","80.0","0","0","false","0","TIMP2","0"
"0.0","0.0","0.0","0.0","0","1","1","false","TNFAIP6","80.0","0","0","false","0","TNFAIP6","0"
"0.0","0.0","0.0","0.0","0","1","1","false","CTSS","80.0","0","0","false","0","CTSS","0"
"0.0","0.0","0.0","0.0","0","1","1","false","ITGB2","80.0","0","0","false","0","ITGB2","0"
"0.0","0.0","0.0","0.0","0","1","1","false","TIMP3","80.0","0","0","false","0","TIMP3","0"
"0.0","0.0","0.0","0.0","0","1","1","false","SDC4","80.0","0","0","false","0","SDC4","0"
"0.0","0.0","0.0","0.0","0","1","1","false","EPHB1","80.0","0","0","false","0","EPHB1","0"
"0.0","0.0","0.0","0.0","0","1","1","false","SCUBE3","80.0","0","0","false","0","SCUBE3","0"
"2.9563253012048194","22.309127416882138","0.3382577687213449","0.0","5","106","28","false","BIRC5","1.7671232876712328","78","25","false","1","BIRC5","105964736"
"0.0","0.0","0.0","0.0","0","1","1","false","CENPM","73.0","0","0","false","0","CENPM","0"
"0.0","0.0","0.0","0.0","0","1","1","false","KIF23","73.0","0","0","false","0","KIF23","0"
"0.0","0.0","0.0","0.0","0","1","1","false","RACGAP1","73.0","0","0","false","0","RACGAP1","0"
"0.0","0.0","0.0","0.0","0","1","1","false","TTK","73.0","0","0","false","0","TTK","0"
"0.0","0.0","0.0","0.0","0","1","1","false","PBK","73.0","0","0","false","0","PBK","0"
"0.0","0.0","0.0","0.0","0","1","1","false","AURKA","73.0","0","0","false","0","AURKA","0"
"0.0","0.0","0.0","0.0","0","1","1","false","KIF11","73.0","0","0","false","0","KIF11","0"
"0.0","0.0","0.0","0.0","0","1","1","false","TPX2","73.0","0","0","false","0","TPX2","0"
"3.4156626506024095","0.10822386653847284","0.29276895943562614","0.0","4","2","1","false","CCNA2","97.5","1","0","false","0","CCNA2","834863"
"0.0","0.0","0.0","0.0","0","1","1","false","DLGAP5","73.0","0","0","false","0","DLGAP5","0"
"0.0","0.0","0.0","0.0","0","1","1","false","UBE2C","73.0","0","0","false","0","UBE2C","0"
"0.0","0.0","0.0","0.0","0","1","1","false","TOP2A","73.0","0","0","false","0","TOP2A","0"
"0.0","0.0","0.0","0.0","0","1","1","false","KIF20A","73.0","0","0","false","0","KIF20A","0"
"0.0","0.0","0.0","0.0","0","1","1","false","NUSAP1","73.0","0","0","false","0","NUSAP1","0"
"0.0","0.0","0.0","0.0","0","1","1","false","XPO1","73.0","0","0","false","0","XPO1","0"
"0.0","0.0","0.0","0.0","0","1","1","false","ERCC6L","73.0","0","0","false","0","ERCC6L","0"
"0.0","0.0","0.0","0.0","0","1","1","false","INCENP","73.0","0","0","false","0","INCENP","0"
"0.0","0.0","0.0","0.0","0","1","1","false","SPC25","73.0","0","0","false","0","SPC25","0"
"0.0","0.0","0.0","0.0","0","1","1","false","KIF18A","73.0","0","0","false","0","KIF18A","0"
"0.0","0.0","0.0","0.0","0","1","1","false","ESPL1","73.0","0","0","false","0","ESPL1","0"
"0.0","0.0","0.0","0.0","0","1","1","false","SGOL1","73.0","0","0","false","0","SGOL1","0"
"0.0","0.0","0.0","0.0","0","1","1","false","KNTC1","73.0","0","0","false","0","KNTC1","0"
"0.0","0.0","0.0","0.0","0","1","1","false","NUF2","73.0","0","0","false","0","NUF2","0"
"0.0","0.0","0.0","0.0","0","1","1","false","CASC5","73.0","0","0","false","0","CASC5","0"
"0.0","0.0","0.0","0.0","0","1","1","false","PLK1","73.0","0","0","false","0","PLK1","0"
"0.0","0.0","0.0","0.0","0","1","1","false","SKA1","73.0","0","0","false","0","SKA1","0"
"0.0","0.0","0.0","0.0","0","1","1","false","SPC24","73.0","0","0","false","0","SPC24","0"
"0.0","0.0","0.0","0.0","0","1","1","false","CDCA5","73.0","0","0","false","0","CDCA5","0"
"0.0","0.0","0.0","0.0","0","1","1","false","CENPE","73.0","0","0","false","0","CENPE","0"
"0.0","0.0","0.0","0.0","0","1","1","false","MAD2L1","73.0","0","0","false","0","MAD2L1","0"
"0.0","0.0","0.0","0.0","0","1","1","false","NDC80","73.0","0","0","false","0","NDC80","0"
"0.0","0.0","0.0","0.0","0","1","1","false","BUB1B","73.0","0","0","false","0","BUB1B","0"
"0.0","0.0","0.0","0.0","0","1","1","false","CCNB1","73.0","0","0","false","0","CCNB1","0"
"0.0","0.0","0.0","0.0","0","1","1","false","CENPF","73.0","0","0","false","0","CENPF","0"
"0.0","0.0","0.0","0.0","0","1","1","false","CDK1","73.0","0","0","false","0","CDK1","0"
"0.0","0.0","0.0","0.0","0","1","1","false","BUB1","73.0","0","0","false","0","BUB1","0"
"0.0","0.0","0.0","0.0","0","1","1","false","KIF2C","73.0","0","0","false","0","KIF2C","0"
"0.0","0.0","0.0","0.0","0","1","1","false","ZWINT","73.0","0","0","false","0","ZWINT","0"
"0.0","0.0","0.0","0.0","0","1","1","false","AURKB","73.0","0","0","false","0","AURKB","0"
"0.0","0.0","0.0","0.0","0","1","1","false","CENPK","73.0","0","0","false","0","CENPK","0"
"0.0","0.0","0.0","0.0","0","1","1","false","CCNB2","73.0","0","0","false","0","CCNB2","0"
"0.0","0.0","0.0","0.0","0","1","1","false","CDCA8","73.0","0","0","false","0","CDCA8","0"
"0.0","0.0","0.0","0.0","0","1","1","false","CDC20","73.0","0","0","false","0","CDC20","0"
"0.0","0.0","0.0","0.0","0","1","1","false","CENPH","73.0","0","0","false","0","CENPH","0"
"0.0","0.0","0.0","0.0","0","1","1","false","CENPN","73.0","0","0","false","0","CENPN","0"
"0.0","0.0","0.0","0.0","0","1","1","false","CENPA","73.0","0","0","false","0","CENPA","0"
"0.0","0.0","0.0","0.0","0","1","1","false","CENPU","73.0","0","0","false","0","CENPU","0"
"0.0","0.0","0.0","0.0","0","1","1","false","AURKC","73.0","0","0","false","0","AURKC","0"
"3.637593984962406","0.0","0.27490698635799915","0.0","5","1","0","false","ABCG2","81.0","1","0","false","0","ABCG2","0"
"3.637593984962406","0.0","0.27490698635799915","0.0","5","1","0","false","ATP1B1","81.0","1","0","false","0","ATP1B1","0"
"3.269172932330827","0.0","0.30588776448942046","1.0","4","2","0","false","BCL2","101.5","2","0","false","0","BCL2","0"
"3.3293233082706766","0.0","0.3003613369467028","1.0","4","2","0","false","BCL2L1","101.5","2","0","false","0","BCL2L1","0"
"3.269172932330827","0.0","0.30588776448942046","1.0","4","2","0","false","CYP19A1","101.5","2","0","false","0","CYP19A1","0"
"2.9909638554216866","0.54292994358237","0.33434038267875127","0.3333333333333333","4","8","3","false","E2F1","86.5","5","2","false","0","E2F1","2972016"
"3.533132530120482","0.0","0.2830349531116795","1.0","5","3","1","false","FOXP3","79.5","2","1","false","0","FOXP3","0"
"3.637593984962406","0.0","0.27490698635799915","0.0","5","1","0","false","IGFBP1","81.0","1","0","false","0","IGFBP1","0"
"3.637593984962406","0.0","0.27490698635799915","0.0","5","1","0","false","IL10","81.0","1","0","false","0","IL10","0"
"3.637593984962406","0.0","0.27490698635799915","0.0","5","1","0","false","IRS2","81.0","1","0","false","0","IRS2","0"
"3.637593984962406","0.0","0.27490698635799915","0.0","5","1","0","false","KLK4","81.0","1","0","false","0","KLK4","0"
"3.637593984962406","0.0","0.27490698635799915","0.0","5","1","0","false","PLD1","81.0","1","0","false","0","PLD1","0"
"3.637593984962406","0.0","0.27490698635799915","0.0","5","1","0","false","PRL","81.0","1","0","false","0","PRL","0"
"3.637593984962406","0.0","0.27490698635799915","0.0","5","1","0","false","PTGER2","81.0","1","0","false","0","PTGER2","0"
"3.26015037593985","0.0","0.3067343173431734","0.6666666666666666","4","3","0","false","PTGS2","117.66666666666667","3","0","false","0","PTGS2","0"
"3.637593984962406","0.0","0.27490698635799915","0.0","5","1","0","false","RLN1","81.0","1","0","false","0","RLN1","0"
"3.637593984962406","0.0","0.27490698635799915","0.0","5","1","0","false","RLN2","81.0","1","0","false","0","RLN2","0"
"3.269172932330827","0.0","0.30588776448942046","1.0","4","2","0","false","YWHAQ","101.5","2","0","false","0","YWHAQ","0"
"3.6400602409638556","0.0","0.2747207281754241","0.0","5","2","1","false","HOXA5","81.0","1","1","false","0","HOXA5","0"
"3.6400602409638556","0.0","0.2747207281754241","0.0","5","2","1","false","KLF9","81.0","1","1","false","0","KLF9","0"
"3.6400602409638556","0.0","0.2747207281754241","0.0","5","2","1","false","NFIL3","81.0","1","1","false","0","NFIL3","0"
"4.313253012048193","0.0","0.2318435754189944","0.0","6","2","1","false","CTBP1","53.0","1","1","false","0","CTBP1","0"
"3.5647590361445785","0.41909863208547365","0.280523869877482","0.0","5","4","2","false","RUNX3","66.5","2","2","false","0","RUNX3","2640085"
"3.487218045112782","0.0","0.28676153514445885","0.0","4","1","0","false","ACTA1","122.0","1","0","false","0","ACTA1","0"
"3.487218045112782","0.0","0.28676153514445885","0.0","4","1","0","false","BATF3","122.0","1","0","false","0","BATF3","0"
"3.487218045112782","0.0","0.28676153514445885","0.0","4","1","0","false","CASP9","122.0","1","0","false","0","CASP9","0"
"3.487218045112782","0.0","0.28676153514445885","0.0","4","1","0","false","CCK","122.0","1","0","false","0","CCK","0"
"3.487218045112782","0.0","0.28676153514445885","0.0","4","1","0","false","CD40LG","122.0","1","0","false","0","CD40LG","0"
"3.487218045112782","0.0","0.28676153514445885","0.0","4","1","0","false","CLU","122.0","1","0","false","0","CLU","0"
"3.487218045112782","0.0","0.28676153514445885","0.0","4","1","0","false","CSTA","122.0","1","0","false","0","CSTA","0"
"3.487218045112782","0.0","0.28676153514445885","0.0","4","1","0","false","CYP1A2","122.0","1","0","false","0","CYP1A2","0"
"3.487218045112782","0.0","0.28676153514445885","0.0","4","1","0","false","DDIT3","122.0","1","0","false","0","DDIT3","0"
"3.487218045112782","0.0","0.28676153514445885","0.0","4","1","0","false","ERCC4","122.0","1","0","false","0","ERCC4","0"
"3.487218045112782","0.0","0.28676153514445885","0.0","4","1","0","false","EZR","122.0","1","0","false","0","EZR","0"
"3.418045112781955","0.0","0.2925648922129344","1.0","4","2","0","false","FAS","136.0","2","0","false","0","FAS","0"
"3.487218045112782","0.0","0.28676153514445885","0.0","4","1","0","false","FGFBP1","122.0","1","0","false","0","FGFBP1","0"
"3.487218045112782","0.0","0.28676153514445885","0.0","4","1","0","false","FIGF","122.0","1","0","false","0","FIGF","0"
"3.487218045112782","0.0","0.28676153514445885","0.0","4","1","0","false","FMO4","122.0","1","0","false","0","FMO4","0"
"3.487218045112782","0.0","0.28676153514445885","0.0","4","1","0","false","GSTP1","122.0","1","0","false","0","GSTP1","0"
"3.487218045112782","0.0","0.28676153514445885","0.0","4","1","0","false","HSPH1","122.0","1","0","false","0","HSPH1","0"
"3.487218045112782","0.0","0.28676153514445885","0.0","4","1","0","false","IL1A","122.0","1","0","false","0","IL1A","0"
"3.487218045112782","0.0","0.28676153514445885","0.0","4","1","0","false","LRIG2","122.0","1","0","false","0","LRIG2","0"
"3.487218045112782","0.0","0.28676153514445885","0.0","4","1","0","false","MFI2","122.0","1","0","false","0","MFI2","0"
"3.487218045112782","0.0","0.28676153514445885","0.0","4","1","0","false","NEFL","122.0","1","0","false","0","NEFL","0"
"2.980421686746988","2.861879036810327","0.3355229914098029","0.2","4","14","6","false","NFKB1","99.0","8","4","false","0","NFKB1","17065829"
"3.487218045112782","0.0","0.28676153514445885","0.0","4","2","0","false","NOS2","122.0","2","1","false","0","NOS2","0"
"3.487218045112782","0.0","0.28676153514445885","0.0","4","1","0","false","NPPA","122.0","1","0","false","0","NPPA","0"
"3.487218045112782","0.0","0.28676153514445885","0.0","4","1","0","false","NPY","122.0","1","0","false","0","NPY","0"
"3.487218045112782","0.0","0.28676153514445885","0.0","4","1","0","false","NQO1","122.0","1","0","false","0","NQO1","0"
"3.487218045112782","0.0","0.28676153514445885","0.0","4","1","0","false","NTS","122.0","1","0","false","0","NTS","0"
"3.487218045112782","0.0","0.28676153514445885","0.0","4","1","0","false","OXTR","122.0","1","0","false","0","OXTR","0"
"3.487218045112782","0.0","0.28676153514445885","0.0","4","1","0","false","PCK2","122.0","1","0","false","0","PCK2","0"
"3.487218045112782","0.0","0.28676153514445885","0.0","4","1","0","false","PDHA1","122.0","1","0","false","0","PDHA1","0"
"3.487218045112782","0.0","0.28676153514445885","0.0","4","1","0","false","SLC10A2","122.0","1","0","false","0","SLC10A2","0"
"3.487218045112782","0.0","0.28676153514445885","0.0","4","1","0","false","SOX7","122.0","1","0","false","0","SOX7","0"
"3.487218045112782","0.0","0.28676153514445885","0.0","4","1","0","false","SPI1","122.0","1","0","false","0","SPI1","0"
"3.487218045112782","0.0","0.28676153514445885","0.0","4","1","0","false","SPRR3","122.0","1","0","false","0","SPRR3","0"
"3.487218045112782","0.0","0.28676153514445885","0.0","4","1","0","false","SRR","122.0","1","0","false","0","SRR","0"
"3.487218045112782","0.0","0.28676153514445885","0.0","4","1","0","false","STAR","122.0","1","0","false","0","STAR","0"
"3.4894578313253013","0.0","0.28657747086750107","0.0","4","2","1","false","AHR","122.0","1","1","false","0","AHR","0"
"3.1987951807228914","0.0","0.31261770244821097","1.0","4","4","2","false","ARNT","122.0","2","2","false","0","ARNT","0"
"3.4894578313253013","0.0","0.28657747086750107","0.0","4","2","1","false","ELK4","122.0","1","1","false","0","ELK4","0"
"3.4894578313253013","0.0","0.28657747086750107","0.0","4","2","1","false","GTF2I","122.0","1","1","false","0","GTF2I","0"
"3.4894578313253013","0.0","0.28657747086750107","0.0","4","2","1","false","HMGN1","122.0","1","1","false","0","HMGN1","0"
"3.4894578313253013","0.0","0.28657747086750107","0.0","4","2","1","false","HOPX","122.0","1","1","false","0","HOPX","0"
"3.4894578313253013","0.0","0.28657747086750107","0.0","4","2","1","false","HSF2","122.0","1","1","false","0","HSF2","0"
"3.4894578313253013","0.0","0.28657747086750107","0.0","4","2","1","false","MITF","122.0","1","1","false","0","MITF","0"
"3.4894578313253013","0.0","0.28657747086750107","0.0","4","2","1","false","NCOA6","122.0","1","1","false","0","NCOA6","0"
"3.4894578313253013","0.0","0.28657747086750107","0.0","4","2","1","false","NF1","122.0","1","1","false","0","NF1","0"
"3.2921686746987953","0.6288859537453443","0.3037511436413541","0.0","4","4","2","false","RB1","97.5","2","2","false","0","RB1","3741481"
"3.4201807228915664","0.0","0.29238221047996477","1.0","4","4","2","false","RBMX","136.0","2","2","false","0","RBMX","0"
"3.4894578313253013","0.0","0.28657747086750107","0.0","4","2","1","false","SMARCA4","122.0","1","1","false","0","SMARCA4","0"
"3.3207831325301207","0.4148538174272523","0.3011337868480725","0.0","4","4","2","false","SRF","96.0","2","2","false","0","SRF","2610447"
"3.4894578313253013","0.0","0.28657747086750107","0.0","4","2","1","false","TBP","122.0","1","1","false","0","TBP","0"
"3.1987951807228914","0.0","0.31261770244821097","1.0","4","4","2","false","TWIST1","122.0","2","2","false","0","TWIST1","0"
"3.4894578313253013","0.0","0.28657747086750107","0.0","4","2","1","false","TWIST2","122.0","1","1","false","0","TWIST2","0"
"3.4894578313253013","0.0","0.28657747086750107","0.0","4","2","1","false","ZBTB7A","122.0","1","1","false","0","ZBTB7A","0"
"3.8526315789473684","0.0","0.25956284153005466","0.0","5","1","0","false","ABCB1","150.0","1","0","false","0","ABCB1","0"
"3.8526315789473684","0.0","0.25956284153005466","0.0","5","1","0","false","ACE","150.0","1","0","false","0","ACE","0"
"3.8526315789473684","0.0","0.25956284153005466","0.0","5","1","0","false","ACHE","150.0","1","0","false","0","ACHE","0"
"3.8526315789473684","0.0","0.25956284153005466","0.0","5","1","0","false","AKR1B1","150.0","1","0","false","0","AKR1B1","0"
"3.8526315789473684","0.0","0.25956284153005466","0.0","5","2","0","false","ALOX5","150.0","2","1","false","0","ALOX5","0"
"3.8526315789473684","0.0","0.25956284153005466","0.0","5","1","0","false","ATF3","150.0","1","0","false","0","ATF3","0"
"3.8526315789473684","0.0","0.25956284153005466","0.0","5","1","0","false","CACNA1H","150.0","1","0","false","0","CACNA1H","0"
"3.8526315789473684","0.0","0.25956284153005466","0.0","5","1","0","false","CCND2","150.0","1","0","false","0","CCND2","0"
"3.8526315789473684","0.0","0.25956284153005466","0.0","5","1","0","false","CD28","150.0","1","0","false","0","CD28","0"
"3.2766917293233084","0.0","0.3051858650757228","0.0","4","3","0","false","CDKN1A","136.0","3","1","false","0","CDKN1A","0"
"3.8526315789473684","0.0","0.25956284153005466","0.0","5","1","0","false","CHGA","150.0","1","0","false","0","CHGA","0"
"3.8526315789473684","0.0","0.25956284153005466","0.0","5","1","0","false","CYP2B6","150.0","1","0","false","0","CYP2B6","0"
"3.8526315789473684","0.0","0.25956284153005466","0.0","5","1","0","false","DMRT1","150.0","1","0","false","0","DMRT1","0"
"3.8526315789473684","0.0","0.25956284153005466","0.0","5","1","0","false","EAPP","150.0","1","0","false","0","EAPP","0"
"3.8526315789473684","0.0","0.25956284153005466","0.0","5","1","0","false","F3","150.0","1","0","false","0","F3","0"
"3.8526315789473684","0.0","0.25956284153005466","0.0","5","1","0","false","FAP","150.0","1","0","false","0","FAP","0"
"3.8526315789473684","0.0","0.25956284153005466","0.0","5","1","0","false","FASLG","150.0","1","0","false","0","FASLG","0"
"3.8526315789473684","0.0","0.25956284153005466","0.0","5","1","0","false","FCER2","150.0","1","0","false","0","FCER2","0"
"3.8526315789473684","0.0","0.25956284153005466","0.0","5","1","0","false","FGF2","150.0","1","0","false","0","FGF2","0"
"3.2766917293233084","0.0","0.3051858650757228","0.0","4","2","0","false","FLT1","136.0","2","0","false","0","FLT1","0"
"3.8526315789473684","0.0","0.25956284153005466","0.0","5","1","0","false","GDF15","150.0","1","0","false","0","GDF15","0"
"3.8526315789473684","0.0","0.25956284153005466","0.0","5","1","0","false","GGPS1","150.0","1","0","false","0","GGPS1","0"
"3.2876506024096384","0.9739292387088618","0.30416857535501607","0.0","4","5","2","false","HIF1A","92.66666666666667","3","2","false","0","HIF1A","1739737"
"3.8526315789473684","0.0","0.25956284153005466","0.0","5","1","0","false","HPSE","150.0","1","0","false","0","HPSE","0"
"3.8526315789473684","0.0","0.25956284153005466","0.0","5","1","0","false","HSD11B2","150.0","1","0","false","0","HSD11B2","0"
"3.8526315789473684","0.0","0.25956284153005466","0.0","5","1","0","false","HYAL1","150.0","1","0","false","0","HYAL1","0"
"3.8526315789473684","0.0","0.25956284153005466","0.0","5","1","0","false","IFNG","150.0","1","0","false","0","IFNG","0"
"3.8526315789473684","0.0","0.25956284153005466","0.0","5","1","0","false","IL2","150.0","1","0","false","0","IL2","0"
"3.8526315789473684","0.0","0.25956284153005466","0.0","5","1","0","false","IL2RB","150.0","1","0","false","0","IL2RB","0"
"3.8526315789473684","0.0","0.25956284153005466","0.0","5","1","0","false","IL3","150.0","1","0","false","0","IL3","0"
"3.8526315789473684","0.0","0.25956284153005466","0.0","5","1","0","false","IMPDH2","150.0","1","0","false","0","IMPDH2","0"
"3.8526315789473684","0.0","0.25956284153005466","0.0","5","1","0","false","KLK3","150.0","1","0","false","0","KLK3","0"
"3.8526315789473684","0.0","0.25956284153005466","0.0","5","1","0","false","LAT","150.0","1","0","false","0","LAT","0"
"3.8526315789473684","0.0","0.25956284153005466","0.0","5","1","0","false","LDLR","150.0","1","0","false","0","LDLR","0"
"3.8526315789473684","0.0","0.25956284153005466","0.0","5","1","0","false","LHB","150.0","1","0","false","0","LHB","0"
"3.8526315789473684","0.0","0.25956284153005466","0.0","5","1","0","false","LMTK2","150.0","1","0","false","0","LMTK2","0"
"3.8526315789473684","0.0","0.25956284153005466","0.0","5","1","0","false","LTB","150.0","1","0","false","0","LTB","0"
"3.8526315789473684","0.0","0.25956284153005466","0.0","5","1","0","false","MMP14","150.0","1","0","false","0","MMP14","0"
"3.4924698795180724","0.1457312421626442","0.28633031479085813","0.0","5","3","1","false","MYB","114.0","2","1","false","0","MYB","1354103"
"3.855421686746988","0.0","0.259375","0.0","5","3","1","false","NAB2","150.0","2","1","false","0","NAB2","0"
"3.8526315789473684","0.0","0.25956284153005466","0.0","5","1","0","false","PCSK2","150.0","1","0","false","0","PCSK2","0"
"3.8526315789473684","0.0","0.25956284153005466","0.0","5","1","0","false","PDGFC","150.0","1","0","false","0","PDGFC","0"
"3.8526315789473684","0.0","0.25956284153005466","0.0","5","1","0","false","POR","150.0","1","0","false","0","POR","0"
"3.8526315789473684","0.0","0.25956284153005466","0.0","5","1","0","false","PSEN2","150.0","1","0","false","0","PSEN2","0"
"3.8526315789473684","0.0","0.25956284153005466","0.0","5","1","0","false","PTGES","150.0","1","0","false","0","PTGES","0"
"3.8526315789473684","0.0","0.25956284153005466","0.0","5","1","0","false","PTP4A1","150.0","1","0","false","0","PTP4A1","0"
"3.8526315789473684","0.0","0.25956284153005466","0.0","5","1","0","false","RAG2","150.0","1","0","false","0","RAG2","0"
"3.8526315789473684","0.0","0.25956284153005466","0.0","5","1","0","false","RBL2","150.0","1","0","false","0","RBL2","0"
"3.8526315789473684","0.0","0.25956284153005466","0.0","5","1","0","false","SLC4A2","150.0","1","0","false","0","SLC4A2","0"
"3.8526315789473684","0.0","0.25956284153005466","0.0","5","1","0","false","SLC9A3","150.0","1","0","false","0","SLC9A3","0"
"3.8526315789473684","0.0","0.25956284153005466","0.0","5","1","0","false","SOD1","150.0","1","0","false","0","SOD1","0"
"3.8526315789473684","0.0","0.25956284153005466","0.0","5","1","0","false","SOX18","150.0","1","0","false","0","SOX18","0"
"3.8526315789473684","0.0","0.25956284153005466","0.0","5","1","0","false","SPRY1","150.0","1","0","false","0","SPRY1","0"
"3.8526315789473684","0.0","0.25956284153005466","0.0","5","1","0","false","STIM1","150.0","1","0","false","0","STIM1","0"
"3.8526315789473684","0.0","0.25956284153005466","0.0","5","1","0","false","STMN1","150.0","1","0","false","0","STMN1","0"
"3.8526315789473684","0.0","0.25956284153005466","0.0","5","1","0","false","SYN1","150.0","1","0","false","0","SYN1","0"
"3.8526315789473684","0.0","0.25956284153005466","0.0","5","1","0","false","SYN2","150.0","1","0","false","0","SYN2","0"
"3.8526315789473684","0.0","0.25956284153005466","0.0","5","1","0","false","TBXA2R","150.0","1","0","false","0","TBXA2R","0"
"3.8526315789473684","0.0","0.25956284153005466","0.0","5","1","0","false","TFPI2","150.0","1","0","false","0","TFPI2","0"
"3.8526315789473684","0.0","0.25956284153005466","0.0","5","1","0","false","TGFBR2","150.0","1","0","false","0","TGFBR2","0"
"3.8526315789473684","0.0","0.25956284153005466","0.0","5","1","0","false","TMPO","150.0","1","0","false","0","TMPO","0"
"3.8526315789473684","0.0","0.25956284153005466","0.0","5","1","0","false","TNFSF10","150.0","1","0","false","0","TNFSF10","0"
"3.8526315789473684","0.0","0.25956284153005466","0.0","5","1","0","false","TOE1","150.0","1","0","false","0","TOE1","0"
"3.575301204819277","0.04666626904434724","0.2796967144060657","0.0","5","3","1","false","TP73","111.5","2","1","false","0","TP73","417067"
"3.8526315789473684","0.0","0.25956284153005466","0.0","5","1","0","false","UBE2S","150.0","1","0","false","0","UBE2S","0"
"3.8526315789473684","0.0","0.25956284153005466","0.0","5","1","0","false","WNT4","150.0","1","0","false","0","WNT4","0"
"3.855421686746988","0.0","0.259375","0.0","5","2","1","false","ATF5","150.0","1","1","false","0","ATF5","0"
"3.855421686746988","0.0","0.259375","0.0","5","2","1","false","FOXO1","150.0","1","1","false","0","FOXO1","0"
"3.1626506024096384","2.750437365968775","0.3161904761904762","0.0","5","8","4","false","KLF5","93.25","4","4","false","0","KLF5","16163879"
"3.855421686746988","0.0","0.259375","0.0","5","2","1","false","MAML1","150.0","1","1","false","0","MAML1","0"
"3.855421686746988","0.0","0.259375","0.0","5","2","1","false","NKX2-3","150.0","1","1","false","0","NKX2-3","0"
"3.8132530120481927","0.0","0.26224328593996843","0.0","5","2","1","false","EPAS1","70.0","1","1","false","0","EPAS1","0"
"3.8132530120481927","0.0","0.26224328593996843","0.0","5","2","1","false","HSF1","70.0","1","1","false","0","HSF1","0"
"3.8132530120481927","0.0","0.26224328593996843","0.0","5","2","1","false","KLF10","70.0","1","1","false","0","KLF10","0"
"3.8132530120481927","0.0","0.26224328593996843","0.0","5","2","1","false","NR4A1","70.0","1","1","false","0","NR4A1","0"
"3.8132530120481927","0.0","0.26224328593996843","0.0","5","2","1","false","PARP1","70.0","1","1","false","0","PARP1","0"
"3.4894578313253013","0.17800666242637206","0.28657747086750107","0.0","5","4","2","false","PPARA","75.0","2","2","false","0","PPARA","1057384"
"3.8132530120481927","0.0","0.26224328593996843","0.0","5","2","1","false","TGIF1","70.0","1","1","false","0","TGIF1","0"
"3.8132530120481927","0.0","0.26224328593996843","0.0","5","2","1","false","USF1","70.0","1","1","false","0","USF1","0"
"4.094879518072289","0.0","0.2442074292019125","0.0","6","2","1","false","PIAS1","58.0","1","1","false","0","PIAS1","0"
"4.094879518072289","0.0","0.2442074292019125","0.0","6","2","1","false","PIAS2","58.0","1","1","false","0","PIAS2","0"
"4.094879518072289","0.0","0.2442074292019125","0.0","6","2","1","false","PIAS4","58.0","1","1","false","0","PIAS4","0"
"3.2515060240963853","0.1251720495431927","0.30754979157017137","0.0","4","3","1","false","ZEB1","90.0","2","1","false","0","ZEB1","601374"
"3.5707831325301207","0.1804937152968123","0.28005061155630534","0.0","5","4","2","false","KLF4","63.5","2","2","false","0","KLF4","552087"
"3.9397590361445785","0.0","0.25382262996941896","0.0","6","2","1","false","ATF1","78.0","1","1","false","0","ATF1","0"
"3.9397590361445785","0.0","0.25382262996941896","0.0","6","2","1","false","ATF7","78.0","1","1","false","0","ATF7","0"
"3.9397590361445785","0.0","0.25382262996941896","0.0","6","2","1","false","ECD","78.0","1","1","false","0","ECD","0"
"3.9397590361445785","0.0","0.25382262996941896","0.0","6","2","1","false","ELF1","78.0","1","1","false","0","ELF1","0"
"3.9397590361445785","0.0","0.25382262996941896","0.0","6","2","1","false","ETV4","78.0","1","1","false","0","ETV4","0"
"3.9397590361445785","0.0","0.25382262996941896","0.0","6","2","1","false","GABPA","78.0","1","1","false","0","GABPA","0"
"3.9397590361445785","0.0","0.25382262996941896","0.0","6","2","1","false","GATA4","78.0","1","1","false","0","GATA4","0"
"3.9397590361445785","0.0","0.25382262996941896","0.0","6","2","1","false","PAX2","78.0","1","1","false","0","PAX2","0"
"3.9397590361445785","0.0","0.25382262996941896","0.0","6","2","1","false","PURA","78.0","1","1","false","0","PURA","0"
"3.5978915662650603","0.40227463861215923","0.277940560904144","0.0","5","4","2","false","SP3","75.5","2","2","false","0","SP3","2234702"
"3.5978915662650603","0.40227463861215923","0.277940560904144","0.0","5","4","2","false","SP4","75.5","2","2","false","0","SP4","2234702"
"3.2906626506024095","1.3174418917822013","0.30389016018306636","0.0","5","8","4","false","TFAP2A","70.33333333333333","4","3","false","0","TFAP2A","5166970"
"3.9397590361445785","0.0","0.25382262996941896","0.0","6","2","1","false","TFAP2B","78.0","1","1","false","0","TFAP2B","0"
"3.9397590361445785","0.0","0.25382262996941896","0.0","6","2","1","false","VDR","78.0","1","1","false","0","VDR","0"
"3.9397590361445785","0.0","0.25382262996941896","0.0","6","2","1","false","WWP1","78.0","1","1","false","0","WWP1","0"
"3.9397590361445785","0.0","0.25382262996941896","0.0","6","2","1","false","XRCC5","78.0","1","1","false","0","XRCC5","0"
"3.9397590361445785","0.0","0.25382262996941896","0.0","6","2","1","false","XRCC6","78.0","1","1","false","0","XRCC6","0"
"3.9397590361445785","0.0","0.25382262996941896","0.0","6","2","1","false","YBX1","78.0","1","1","false","0","YBX1","0"
"3.4165413533834585","0.0","0.292693661971831","0.0","4","1","0","false","AMH","122.0","1","0","false","0","AMH","0"
"3.4165413533834585","0.0","0.292693661971831","0.0","4","1","0","false","AVP","122.0","1","0","false","0","AVP","0"
"3.4165413533834585","0.0","0.292693661971831","0.0","4","1","0","false","BLM","122.0","1","0","false","0","BLM","0"
"3.4165413533834585","0.0","0.292693661971831","0.0","4","1","0","false","BTG2","122.0","1","0","false","0","BTG2","0"
"3.4165413533834585","0.0","0.292693661971831","0.0","4","1","0","false","CD24","122.0","1","0","false","0","CD24","0"
"3.4165413533834585","0.0","0.292693661971831","0.0","4","1","0","false","CDK4","122.0","1","0","false","0","CDK4","0"
"3.4165413533834585","0.0","0.292693661971831","0.0","4","1","0","false","CDKN1B","122.0","1","0","false","0","CDKN1B","0"
"3.4165413533834585","0.0","0.292693661971831","0.0","4","1","0","false","CHAT","122.0","1","0","false","0","CHAT","0"
"3.4165413533834585","0.0","0.292693661971831","0.0","4","1","0","false","CRH","122.0","1","0","false","0","CRH","0"
"3.4165413533834585","0.0","0.292693661971831","0.0","4","1","0","false","CRHBP","122.0","1","0","false","0","CRHBP","0"
"3.4165413533834585","0.0","0.292693661971831","0.0","4","1","0","false","CXCL12","122.0","1","0","false","0","CXCL12","0"
"3.4165413533834585","0.0","0.292693661971831","0.0","4","1","0","false","CYP1A1","122.0","1","0","false","0","CYP1A1","0"
"3.4165413533834585","0.0","0.292693661971831","0.0","4","1","0","false","CYP1B1","122.0","1","0","false","0","CYP1B1","0"
"3.4165413533834585","0.0","0.292693661971831","0.0","4","1","0","false","CYP2C19","122.0","1","0","false","0","CYP2C19","0"
"3.4165413533834585","0.0","0.292693661971831","0.0","4","1","0","false","DCT","122.0","1","0","false","0","DCT","0"
"3.4165413533834585","0.0","0.292693661971831","0.0","4","1","0","false","ESRRA","122.0","1","0","false","0","ESRRA","0"
"3.4165413533834585","0.0","0.292693661971831","0.0","4","1","0","false","F12","122.0","1","0","false","0","F12","0"
"3.4165413533834585","0.0","0.292693661971831","0.0","4","1","0","false","FOXP1","122.0","1","0","false","0","FOXP1","0"
"3.4165413533834585","0.0","0.292693661971831","0.0","4","1","0","false","HSPB1","122.0","1","0","false","0","HSPB1","0"
"3.4165413533834585","0.0","0.292693661971831","0.0","4","1","0","false","HTRA2","122.0","1","0","false","0","HTRA2","0"
"3.4165413533834585","0.0","0.292693661971831","0.0","4","1","0","false","KDR","122.0","1","0","false","0","KDR","0"
"3.4165413533834585","0.0","0.292693661971831","0.0","4","1","0","false","MDM2","122.0","1","0","false","0","MDM2","0"
"3.4165413533834585","0.0","0.292693661971831","0.0","4","1","0","false","MMP13","122.0","1","0","false","0","MMP13","0"
"3.4165413533834585","0.0","0.292693661971831","0.0","4","1","0","false","NR5A2","122.0","1","0","false","0","NR5A2","0"
"3.4165413533834585","0.0","0.292693661971831","0.0","4","1","0","false","NRF1","122.0","1","0","false","0","NRF1","0"
"3.4165413533834585","0.0","0.292693661971831","0.0","4","1","0","false","OXT","122.0","1","0","false","0","OXT","0"
"3.4165413533834585","0.0","0.292693661971831","0.0","4","1","0","false","PMAIP1","122.0","1","0","false","0","PMAIP1","0"
"3.4165413533834585","0.0","0.292693661971831","0.0","4","1","0","false","PTMA","122.0","1","0","false","0","PTMA","0"
"3.4165413533834585","0.0","0.292693661971831","0.0","4","1","0","false","RARA","122.0","1","0","false","0","RARA","0"
"3.4165413533834585","0.0","0.292693661971831","0.0","4","1","0","false","RET","122.0","1","0","false","0","RET","0"
"3.4186746987951806","0.0","0.29251101321585904","0.0","4","3","1","false","RUNX2","122.0","2","1","false","0","RUNX2","0"
"3.4165413533834585","0.0","0.292693661971831","0.0","4","1","0","false","SERPINB9","122.0","1","0","false","0","SERPINB9","0"
"3.4165413533834585","0.0","0.292693661971831","0.0","4","1","0","false","TAC3","122.0","1","0","false","0","TAC3","0"
"3.4165413533834585","0.0","0.292693661971831","0.0","4","1","0","false","TYMS","122.0","1","0","false","0","TYMS","0"
"3.4165413533834585","0.0","0.292693661971831","0.0","4","1","0","false","UGT1A4","122.0","1","0","false","0","UGT1A4","0"
"3.4165413533834585","0.0","0.292693661971831","0.0","4","1","0","false","UGT2B15","122.0","1","0","false","0","UGT2B15","0"
"3.4165413533834585","0.0","0.292693661971831","0.0","4","1","0","false","ZFHX3","122.0","1","0","false","0","ZFHX3","0"
"3.4186746987951806","0.0","0.29251101321585904","0.0","4","2","1","false","BARD1","122.0","1","1","false","0","BARD1","0"
"3.4186746987951806","0.0","0.29251101321585904","0.0","4","2","1","false","BARX2","122.0","1","1","false","0","BARX2","0"
"3.4186746987951806","0.0","0.29251101321585904","0.0","4","2","1","false","HDAC9","122.0","1","1","false","0","HDAC9","0"
"3.4186746987951806","0.0","0.29251101321585904","0.0","4","2","1","false","KDM4B","122.0","1","1","false","0","KDM4B","0"
"3.2243975903614457","0.7291003465651581","0.31013545072396076","0.0","4","4","2","false","LEF1","97.5","2","2","false","0","LEF1","3411603"
"3.4186746987951806","0.0","0.29251101321585904","0.0","4","2","1","false","MECP2","122.0","1","1","false","0","MECP2","0"
"3.4186746987951806","0.0","0.29251101321585904","0.0","4","2","1","false","NR2E3","122.0","1","1","false","0","NR2E3","0"
"3.4186746987951806","0.0","0.29251101321585904","0.0","4","2","1","false","XBP1","122.0","1","1","false","0","XBP1","0"
"3.783132530120482","0.0","0.2643312101910828","0.0","5","2","1","false","CIITA","80.0","1","1","false","0","CIITA","0"
"3.783132530120482","0.0","0.2643312101910828","0.0","5","2","1","false","ELF4","80.0","1","1","false","0","ELF4","0"
"3.783132530120482","0.0","0.2643312101910828","0.0","5","2","1","false","IKBKB","80.0","1","1","false","0","IKBKB","0"
"3.783132530120482","0.0","0.2643312101910828","0.0","5","2","1","false","KLF6","80.0","1","1","false","0","KLF6","0"
"3.783132530120482","0.0","0.2643312101910828","0.0","5","2","1","false","KLF8","80.0","1","1","false","0","KLF8","0"
"3.783132530120482","0.0","0.2643312101910828","0.0","5","2","1","false","MAZ","80.0","1","1","false","0","MAZ","0"
"3.783132530120482","0.0","0.2643312101910828","0.0","5","2","1","false","NFKBIA","80.0","1","1","false","0","NFKBIA","0"
"3.783132530120482","0.0","0.2643312101910828","0.0","5","2","1","false","SIRT1","80.0","1","1","false","0","SIRT1","0"
"3.783132530120482","0.0","0.2643312101910828","0.0","5","2","1","false","SP2","80.0","1","1","false","0","SP2","0"
"3.783132530120482","0.0","0.2643312101910828","0.0","5","2","1","false","SPDEF","80.0","1","1","false","0","SPDEF","0"
"3.9548192771084336","0.0","0.25285605483625284","0.0","6","2","1","false","APC","73.0","1","1","false","0","APC","0"
"3.9548192771084336","0.0","0.25285605483625284","0.0","6","2","1","false","DNMT1","73.0","1","1","false","0","DNMT1","0"
"3.9548192771084336","0.0","0.25285605483625284","0.0","6","2","1","false","E2F4","73.0","1","1","false","0","E2F4","0"
"3.9548192771084336","0.0","0.25285605483625284","0.0","6","2","1","false","EHMT2","73.0","1","1","false","0","EHMT2","0"
"3.9548192771084336","0.0","0.25285605483625284","0.0","6","2","1","false","FOXO3","73.0","1","1","false","0","FOXO3","0"
"3.9548192771084336","0.0","0.25285605483625284","0.0","6","2","1","false","ILF3","73.0","1","1","false","0","ILF3","0"
"3.9548192771084336","0.0","0.25285605483625284","0.0","6","2","1","false","MYCN","73.0","1","1","false","0","MYCN","0"
