,Genes (Node 1),1-hop directly regulating (degree centrality),1-hop directly regulating genes,2-hop directly regulating,2-hop directly regulating.1,Regulating Mutually Exclusively (ones array),ME,category,ME oncogene,ME TS,1-hop Causal,2-hop Causal,2-hop Cascade,Protein,Classification,Function (discrete),Gene Expression,TF (type) (TRRUST),Mutation Count (TCGA),Moderate mutations,Low Mutations,High Mutations,Modifier Mutations,TF (regulating same gene) - two hop,TF (regulating same gene) - one hop,Mutually Exclusively regulating gene (regulating gene) - oncogene,Mutually Exclusively regulating gene (regulating gene) - tumorsuppressor,Combination gene reguation (regulated by this # genes),Causal Effect (DEGs)
0,MYCN,1,BIRC5,74,74,26,0,oncogene,0,0,1,0.6216216216216216,1,MYCN,Oncogene,"Transcriptional misregulation, Apoptosis, Proliferation of cells",None Found,Activation,3,2,0,0,1,,,,,1,
1,ILF3,1,BIRC5,74,74,26,0,Tumorsupressor gene,0,0,1,0.6216216216216216,1,ILF3,Tumorsupressor,"Apoptosis, Proliferation of cells",None Found,Activation,10,4,0,0,6,,,,,1,
2,FOXO3,1,BIRC5,74,74,26,0,"proto-oncogene, tumorsupressor",0,0,1,0.6216216216216216,1,FOXO3,"Proto-oncogene, Tumorsupressor","Apoptosis, Cell Signaling, Proliferation of cells",None Found,Unknown,3,1,1,0,1,,,,,1,
3,EHMT2,1,BIRC5,74,74,26,0,oncogene,0,0,1,0.6216216216216216,1,EHMT2,Oncogene,"Apoptosis, Proliferation of cells",None Found,Unknown,2,2,0,0,0,,,,,1,
4,E2F4,1,BIRC5,74,74,26,0,TF,0,0,1,0.6216216216216216,1,E2F4,TF,Cell Signaling,None Found,Unknown,1,0,0,1,0,,,,,1,
5,DNMT1,1,BIRC5,74,74,26,0,"oncogene, tumorsupressor, cigene",0,0,1,0.6216216216216216,1,DNMT1,"Cigene, Tumorsupressor, Oncogene","Apoptosis, Proliferation of cells",None Found,Repression,9,6,3,0,0,,,,,1,
6,APC,1,BIRC5,74,74,26,0,tumorsupressor,0,0,1,0.6216216216216216,1,APC,Tumorsupressor,Cell Signaling,None Found,Unknown,23,18,3,2,0,,,,,1,
7,SPDEF,1,MMP9,81,81,32,0,"oncogene, tumorsupressor",0,0,0,,0,SPDEF,"Tumorsupressor, Oncogene","Apoptosis, Proliferation of cells",None Found,Repression,4,4,0,0,0,,,,,1,
8,SP2,1,MMP9,81,81,32,0,TF,0,0,0,,0,SP2,TF,"Apoptosis, Cell Signaling",None Found,Repression,2,2,0,0,0,,,,,1,
9,SIRT1,1,MMP9,81,81,32,0,"oncogene, tumorsupressor",0,0,0,,0,SIRT1,"Tumorsupressor, Oncogene","Apoptosis, Cell Signaling, Proliferation of cells",None Found,Repression,3,2,0,0,1,,,,,1,
10,NFKBIA,1,MMP9,81,81,32,0,oncogene,0,0,0,,0,NFKBIA,Oncogene,"Apoptosis, Cell Signaling, Proliferation of cells",None Found,Unknown,2,1,0,0,1,,,,,1,
11,MAZ,1,MMP9,81,81,32,0,Tumorsupressor gene,0,0,0,,0,MAZ,Tumorsupressor,Proliferation of cells,None Found,Unknown,7,3,2,1,1,,,,,1,
12,KLF8,1,MMP9,81,81,32,0,oncogene,0,0,0,,0,KLF8,Oncogene,Proliferation of cells,None Found,Activation,2,0,0,0,2,,,,,1,
13,KLF6,1,MMP9,81,81,32,0,"oncogene, tumorsupressor",0,0,0,,0,KLF6,"Tumorsupressor, Oncogene","Apoptosis, Proliferation of cells",None Found,Repression,1,1,0,0,0,,,,,1,
14,IKBKB,1,MMP9,81,81,32,0,oncogene,0,0,0,,0,IKBKB,Oncogene,"Apoptosis, Cell Signaling, Proliferation of cells",None Found,Repression,10,5,0,1,4,,,,,1,
15,ELF4,1,MMP9,81,81,32,0,oncogene,0,0,0,,0,ELF4,Oncogene,"Apoptosis, Cell Signaling, Proliferation of cells",None Found,Repression,10,5,3,0,2,,,,,1,
16,CIITA,1,MMP9,81,81,32,0,oncogene,0,0,0,,0,CIITA,Oncogene,"Apoptosis, Proliferation of cells",None Found,Repression,7,5,2,0,0,,,,,1,
17,XBP1,1,ESR1,72,72,89,0,Tumorsupressor gene,0,0,0,,0,XBP1,Tumorsupressor,"Apoptosis, Proliferation of cells",None Found,Activation,8,3,0,1,4,,,,,1,
18,NR2E3,1,ESR1,72,72,89,0,oncogene,0,0,0,,0,NR2E3,Oncogene,None Found,None Found,Unknown,3,2,1,0,0,,,,,1,
19,MECP2,1,ESR1,72,72,89,0,cigene,0,0,0,,0,MECP2,Cigene,"Apoptosis, Proliferation of cells",None Found,Repression,12,5,2,0,5,,,,,1,
20,LEF1,2,"BIRC5,ESR1",146,"74,72","26,89",0,oncogene,0,0,1,0.6216216216216216,1,LEF1,Oncogene,"Apoptosis, Cell Signaling, Proliferation of cells",None Found,Unknown,2,0,0,0,2,,,,,2,
21,KDM4B,1,ESR1,72,72,89,0,Tumorsupressor gene,0,0,0,,0,KDM4B,Tumorsupressor,None Found,None Found,Unknown,6,2,2,1,1,,,,,1,
22,HDAC9,1,ESR1,72,72,89,0,Tumorsupressor gene,0,0,0,,0,HDAC9,Tumorsupressor,Apoptosis,None Found,Repression,8,4,2,1,1,,,,,1,
23,BARX2,1,ESR1,72,72,89,0,Tumorsupressor gene,0,0,0,,0,BARX2,Tumorsupressor,Proliferation of cells,None Found,Unknown,2,2,0,0,0,,,,,1,
24,BARD1,1,ESR1,72,72,89,0,"oncogene, tumorsupressor",0,0,0,,0,BARD1,"Tumorsupressor, Oncogene","Apoptosis, Proliferation of cells",-1.116906394,Activation,3,0,2,0,1,,,,,1,
25,ZFHX3,1,ESR1,72,72,89,0,tumorsupressor,0,0,0,,0,ZFHX3,Tumorsupressor,None Found,None Found,None Found,21,8,7,5,1,,,,,0,
26,UGT2B15,1,ESR1,72,72,89,0,oncogene,0,0,0,,0,UGT2B15,Oncogene,Proliferation of cells,None Found,None Found,6,3,2,1,0,,,,,0,
27,UGT1A4,1,ESR1,72,72,89,0,Tumorsupressor gene,0,0,0,,0,UGT1A4,Tumorsupressor,None Found,None Found,None Found,2,2,0,0,0,,,,,0,
28,TYMS,1,ESR1,72,72,89,0,oncogene,0,0,0,,0,TYMS,Oncogene,"Apoptosis, Proliferation of cells",3.472520694,None Found,1,1,0,0,0,,,,,0,
29,TAC3,1,ESR1,72,72,89,0,Tumorsupressor gene,0,0,0,,0,TAC3,Tumorsupressor,Proliferation of cells,None Found,None Found,None Found,None Found,None Found,None Found,None Found,,,,,0,
30,SERPINB9,1,ESR1,72,72,89,0,oncogene,0,0,0,,0,SERPINB9,Oncogene,"Apoptosis, Proliferation of cells",None Found,None Found,6,4,2,0,0,,,,,0,
31,RUNX2,1,ESR1,72,72,89,0,tumorsupressor,0,0,0,,0,RUNX2,Tumorsupressor,"Transcriptional misregulation, Apoptosis, Proliferation of cells",None Found,Unknown,6,2,1,2,1,,,,,1,
32,RET,1,ESR1,72,72,89,0,oncogene,0,0,0,,0,RET,Oncogene,"Apoptosis, Cell Signaling, Proliferation of cells",None Found,None Found,8,7,1,0,0,,,,,0,
33,RARA,1,ESR1,72,72,89,0,oncogene,0,0,0,,0,RARA,Oncogene,"Apoptosis, Cell Signaling, Proliferation of cells",None Found,None Found,5,1,3,0,1,,,,,0,
34,PTMA,1,ESR1,72,72,89,0,oncogene,0,0,0,,0,PTMA,Oncogene,"Apoptosis, Proliferation of cells",None Found,None Found,2,0,0,0,2,,,,,0,
35,PMAIP1,1,ESR1,72,72,89,0,Tumorsupressor gene,0,0,0,,0,PMAIP1,Tumorsupressor,"Apoptosis, Cell Signaling, Proliferation of cells",4.374616319,None Found,1,0,0,0,1,,,,,0,
36,OXT,1,ESR1,72,72,89,0,oncogene,0,0,0,,0,OXT,Oncogene,"Cell Signaling, Proliferation of cells",None Found,None Found,None Found,None Found,None Found,None Found,None Found,,,,,0,
37,NRF1,1,ESR1,72,72,89,0,tumorsupressor,0,0,0,,0,NRF1,Tumorsupressor,Cell Signaling,None Found,None Found,4,2,1,0,1,,,,,0,
38,NR5A2,1,ESR1,72,72,89,0,oncogene,0,0,0,,0,NR5A2,Oncogene,Proliferation of cells,None Found,None Found,10,4,2,0,4,,,,,0,
39,MMP13,1,ESR1,72,72,89,0,cigene,0,0,0,,0,MMP13,Cigene,Cell Signaling,10.23270762,None Found,5,3,2,0,0,,,,,0,
40,MDM2,1,ESR1,72,72,89,0,oncogene,0,0,0,,0,MDM2,Oncogene,"Apoptosis, Cell Signaling, Proliferation of cells",None Found,None Found,2,2,0,0,0,,,,,0,
41,KDR,1,ESR1,72,72,89,0,cigene,0,0,0,,0,KDR,Cigene,"Apoptosis, Cell Signaling, Proliferation of cells",None Found,None Found,9,7,2,0,0,,,,,0,
42,HTRA2,1,ESR1,72,72,89,0,tumorsupressor,0,0,0,,0,HTRA2,Tumorsupressor,Apoptosis,None Found,None Found,2,0,1,0,1,,,,,0,
43,HSPB1,1,ESR1,72,72,89,0,oncogene,0,0,0,,0,HSPB1,Oncogene,"Apoptosis, Cell Signaling, Proliferation of cells",None Found,None Found,3,0,1,0,2,,,,,0,
44,FOXP1,1,ESR1,72,72,89,0,"oncogene, tumorsupressor",0,0,0,,0,FOXP1,"Tumorsupressor, Oncogene","Apoptosis, Proliferation of cells",None Found,None Found,8,3,1,2,2,,,,,0,
45,F12,1,ESR1,72,72,89,0,both,0,0,0,,0,F12,"Tumorsupressor, Oncogene","Cell Signaling, Proliferation of cells",None Found,None Found,1,1,0,0,0,,,,,0,
46,ESRRA,1,ESR1,72,72,89,0,Tumorsupressor gene,0,0,0,,0,ESRRA,Tumorsupressor,Proliferation of cells,None Found,None Found,1,0,1,0,0,,,,,0,
47,DCT,1,ESR1,72,72,89,0,Tumorsupressor gene,0,0,0,,0,DCT,Tumorsupressor,Drug metabolism,-11.07460299,None Found,4,4,0,0,0,,,,,0,
48,CYP2C19,1,ESR1,72,72,89,0,Tumorsupressor gene,0,0,0,,0,CYP2C19,Tumorsupressor,Drug metabolism,None Found,None Found,8,5,3,0,0,,,,,0,
49,CYP1B1,1,ESR1,72,72,89,0,Tumorsupressor gene,0,0,0,,0,CYP1B1,Tumorsupressor,"Apoptosis, Proliferation of cells",None Found,None Found,4,2,1,0,1,,,,,0,
50,CYP1A1,1,ESR1,72,72,89,0,oncogene,0,0,0,,0,CYP1A1,Oncogene,Proliferation of cells,None Found,None Found,4,1,1,0,2,,,,,0,
51,CXCL12,1,ESR1,72,72,89,0,tumorsupressor,0,0,0,,0,CXCL12,Tumorsupressor,"Apoptosis, Cell Signaling, Proliferation of cells",None Found,None Found,None Found,None Found,None Found,None Found,None Found,,,,,0,
52,CRHBP,1,ESR1,72,72,89,0,oncogene,0,0,0,,0,CRHBP,Oncogene,None Found,-4.534659588,None Found,2,1,0,1,0,,,,,0,
53,CRH,1,ESR1,72,72,89,0,both,0,0,0,,0,CRH,"Tumorsupressor, Oncogene","Apoptosis, Proliferation of cells",None Found,None Found,1,0,0,0,1,,,,,0,
54,CHAT,1,ESR1,72,72,89,0,both,0,0,0,,0,CHAT,"Tumorsupressor, Oncogene",Drug metabolism,None Found,None Found,3,2,1,0,0,,,,,0,
55,CDKN1B,1,ESR1,72,72,89,0,"oncogene, tumorsupressor",0,0,0,,0,CDKN1B,"Tumorsupressor, Oncogene","Cell Division, Cell Cycle",None Found,None Found,6,0,0,5,1,,,,,0,
56,CDK4,1,ESR1,72,72,89,0,oncogene,0,0,0,,0,CDK4,Oncogene,"Apoptosis, Cell Signaling, Proliferation of cells",None Found,None Found,1,1,0,0,0,,,,,0,
57,CD24,1,ESR1,72,72,89,0,oncogene,0,0,0,,0,CD24,Oncogene,None Found,None Found,None Found,None Found,None Found,None Found,None Found,None Found,,,,,0,
58,BTG2,1,ESR1,72,72,89,0,tumorsupressor,0,0,0,,0,BTG2,Tumorsupressor,"Apoptosis, Proliferation of cells",None Found,None Found,None Found,None Found,None Found,None Found,None Found,,,,,0,
59,BLM,1,ESR1,72,72,89,0,tumorsupressor,0,0,0,,0,BLM,Tumorsupressor,"Apoptosis, Proliferation of cells",2.524347298,None Found,15,10,3,1,1,,,,,0,
60,AVP,1,ESR1,72,72,89,0,oncogene,0,0,0,,0,AVP,Oncogene,Cell Signaling,None Found,None Found,None Found,None Found,None Found,None Found,None Found,,,,,0,
61,AMH,1,ESR1,72,72,89,0,tumorsupressor,0,0,0,,0,AMH,Tumorsupressor,"Apoptosis, Cell Signaling, Proliferation of cells",None Found,None Found,1,1,0,0,0,,,,,0,
62,YBX1,1,ERBB2,79,79,31,0,oncogene,0,0,0,,0,YBX1,Oncogene,"Apoptosis, Proliferation of cells",None Found,Activation,3,2,1,0,0,,,,,1,
63,XRCC6,1,ERBB2,79,79,31,0,tumorsupressor gene,0,0,0,,0,XRCC6,Tumorsupressor,"Apoptosis, Proliferation of cells",None Found,Unknown,5,3,2,0,0,,,,,1,
64,XRCC5,1,ERBB2,79,79,31,0,tumorsupressor,0,0,0,,0,XRCC5,Tumorsupressor,None Found,None Found,Unknown,1,1,0,0,0,,,,,1,
65,WWP1,1,ERBB2,79,79,31,0,oncogene,0,0,0,,0,WWP1,Oncogene,None Found,None Found,Activation,10,7,1,2,0,,,,,1,
66,VDR,1,ERBB2,79,79,31,0,tumorsupressor,0,0,0,,0,VDR,Tumorsupressor,"Apoptosis, Proliferation of cells",None Found,Unknown,3,1,1,0,1,,,,,1,
67,TFAP2B,1,ERBB2,79,79,31,0,oncogene,0,0,0,,0,TFAP2B,Oncogene,"Apoptosis, Proliferation of cells",None Found,Unknown,6,3,2,0,1,,,,,1,
68,TFAP2A,3,"MMP9,KRT5,ERBB2",214,"81,54,79","32,5,31",0,tumorsupressor,0,0,0,,0,TFAP2A,Tumorsupressor,"Apoptosis, Proliferation of cells",None Found,Unknown,13,8,2,0,3,,,,,3,
69,SP4,2,"BIRC5,ERBB2",153,"74,79","26,31",0,TF,0,0,1,0.6216216216216216,1,SP4,TF,Transcription regulation,None Found,Activation,8,5,3,0,0,,,,,2,
70,SP3,4,"BIRC5,ERBB2,PLAT,ID4",205,"74,79,52","26,31,9,6",0,TF,0,0,1,0.6216216216216216,1,SP3,TF,Transcription regulation,None Found,Activation,8,4,0,1,3,,,,,2,
71,PURA,1,ERBB2,79,79,31,0,TF,0,0,0,,0,PURA,TF,Transcription regulation,None Found,Unknown,2,0,0,0,2,,,,,1,
72,PAX2,1,ERBB2,79,79,31,0,oncogene,0,0,0,,0,PAX2,Oncogene,"Transcription regulation, Apoptosis, Proliferation of cells",None Found,Unknown,2,1,0,0,1,,,,,1,
73,GATA4,1,ERBB2,79,79,31,0,tumorsupressor,0,0,0,,0,GATA4,Tumorsupressor,"Apoptosis, Cell Signaling, Proliferation of cells",None Found,Repression,1,1,0,0,0,,,,,1,
74,GABPA,1,ERBB2,79,79,31,0,TF,0,0,0,,0,GABPA,TF,Transcription regulation,None Found,Unknown,2,0,0,0,2,,,,,1,
75,ETV4,1,ERBB2,79,79,31,0,oncogene,0,0,0,,0,ETV4,Oncogene,"Transcriptional misregulation, Proliferation of cells",None Found,Repression,None Found,None Found,None Found,None Found,None Found,,,,,1,
76,ELF1,1,ERBB2,79,79,31,0,TF,0,0,0,,0,ELF1,TF,"Transcription regulation, Proliferation of cells",None Found,Unknown,8,4,1,1,2,,,,,1,
77,ECD,1,ERBB2,79,79,31,0,TF,0,0,0,,0,ECD,TF,Transcription regulation,None Found,Activation,5,3,1,1,0,,,,,1,
78,ATF7,1,ERBB2,79,79,31,0,TF,0,0,0,,0,ATF7,TF,"Transcription regulation, Apoptosis",None Found,Unknown,1,1,0,0,0,,,,,1,
79,ATF1,1,ERBB2,79,79,31,0,oncogene,0,0,0,,0,ATF1,Oncogene,Transcriptional misregulation,None Found,Unknown,2,2,0,0,0,,,,,1,
80,KLF4,2,"BIRC5,KRT19",128,"74,54","26,6",0,"oncogene, tumorsupressor",0,0,1,0.6216216216216216,1,KLF4,"Tumorsupressor, Oncogene","Apoptosis, Cell Signaling, Proliferation of cells",None Found,Activation,4,2,0,0,2,,,,,2,
81,ZEB1,2,"MUC1,ESR1",131,"59,72","10,89",0,cigene,0,0,0,,0,ZEB1,Cigene,"Apoptosis, Proliferation of cells",None Found,Repression,10,8,1,0,1,,,,,1,
82,PIAS4,1,MUC1,59,59,10,0,TF,0,0,0,,0,PIAS4,TF,Cell Signaling,None Found,Repression,4,3,1,0,0,,,,,1,
83,PIAS2,1,MUC1,59,59,10,0,TF,0,0,0,,0,PIAS2,TF,"Apoptosis, Cell Signaling, Proliferation of cells",None Found,Repression,6,5,0,0,1,,,,,1,
84,PIAS1,1,MUC1,59,59,10,0,tumorsupressor,0,0,0,,0,PIAS1,Tumorsupressor,Cell Signaling,None Found,Repression,3,3,0,0,0,,,,,1,
85,USF1,2,"SERPINE1,ID4",123,"71,52","24,6",0,TF,0,0,0,,0,USF1,TF,Transcription regulation,None Found,Activation,7,2,1,1,3,,,,,1,
86,TGIF1,1,SERPINE1,71,71,24,0,TF,0,0,0,,0,TGIF1,TF,"Cell Signaling, Proliferation of cells",None Found,Repression,3,1,0,0,2,,,,,1,
87,PPARA,2,"MMP9,SERPINE1",152,"81,71","32,24",0,tumorsupressor,0,0,0,,0,PPARA,Tumorsupressor,"Apoptosis, Cell Signaling, Proliferation of cells",None Found,Activation,4,3,0,1,0,,,,,2,
88,PARP1,2,"SERPINE1,JUN",77,"71,6","24,33",0,TF,0,0,0,,0,PARP1,TF,"Apoptosis, Proliferation of cells",None Found,Activation,12,7,2,2,1,,,,,1,
89,NR4A1,1,SERPINE1,71,71,24,0,tumorsupressor,0,0,0,,0,NR4A1,Tumorsupressor,"Apoptosis, Cell Signaling, Proliferation of cells",None Found,Unknown,4,2,2,0,0,,,,,1,
90,KLF10,1,SERPINE1,71,71,24,0,tumorsupressor,0,0,0,,0,KLF10,Tumorsupressor,"Transcription regulation, Apoptosis, Proliferation of cells",None Found,Activation,4,1,1,0,2,,,,,1,
91,HSF1,2,"SERPINE1,JUN",77,"71,6","24,33",0,TF,0,0,0,,0,HSF1,TF,None Found,None Found,Activation,3,3,0,0,0,,,,,1,
92,EPAS1,1,SERPINE1,71,71,24,0,tumorsupressor,0,0,0,,0,EPAS1,Tumorsupressor,"Apoptosis, Proliferation of cells",None Found,Activation,11,5,2,1,3,,,,,1,
93,NKX2-3,1,EGR1,66,66,106,0,TF,0,0,1,0.13636363636363635,1,NKX2-3,TF,"Transcription regulation, Proliferation of cells",None Found,Unknown,None Found,None Found,None Found,None Found,None Found,,,,,1,
94,MAML1,1,EGR1,66,66,106,0,TF,0,0,1,0.13636363636363635,1,MAML1,TF,"Cell Signaling, Proliferation of cells",None Found,Activation,5,2,3,0,0,,,,,1,
95,KLF5,4,"BIRC5,MMP9,SERPINE1,EGR1",292,"74,81,71,66","26,32,24,106",0,"oncogene, tumorsupressor",0,0,2,0.378992628992629,2,KLF5,"Tumorsupressor, Oncogene","Transcription regulation, Apoptosis, Proliferation of cells",None Found,Activation,2,1,0,0,1,,,,,4,
96,FOXO1,1,EGR1,66,66,106,0,"oncogene, tumorsupressor",0,0,1,0.13636363636363635,1,FOXO1,"Tumorsupressor, Oncogene","Apoptosis, Cell Signaling, Proliferation of cells",None Found,Repression,2,2,0,0,0,,,,,1,
97,ATF5,1,EGR1,66,66,106,0,TF,0,0,1,0.13636363636363635,1,ATF5,TF,"Transcription regulation, Apoptosis, Proliferation of cells",None Found,Unknown,2,2,0,0,0,,,,,1,
98,WNT4,1,EGR1,66,66,106,0,,0,0,1,0.13636363636363635,1,WNT4,None Found,"Cell Signaling, Proliferation of cells",-3.682056459,None Found,4,3,0,0,1,,,,,0,
99,UBE2S,1,EGR1,66,66,106,0,,0,0,1,0.13636363636363635,1,UBE2S,None Found,Apoptosis,2.456823213,None Found,None Found,None Found,None Found,None Found,None Found,,,,,0,
100,TP73,2,"BIRC5,EGR1",140,"74,66","26,106",0,"oncogene, tumorsupressor",0,0,2,0.378992628992629,2,TP73,"Tumorsupressor, Oncogene","Apoptosis, Cell Signaling, Proliferation of cells",None Found,Unknown,2,2,0,0,0,,,,,1,
101,TOE1,1,EGR1,66,66,106,0,,0,0,1,0.13636363636363635,1,TOE1,None Found,None Found,None Found,None Found,2,0,1,0,1,,,,,0,
102,TNFSF10,1,EGR1,66,66,106,0,,0,0,1,0.13636363636363635,1,TNFSF10,None Found,"Apoptosis, Cell Signaling, Proliferation of cells",None Found,None Found,2,0,2,0,0,,,,,0,
103,TMPO,1,EGR1,66,66,106,0,,0,0,1,0.13636363636363635,1,TMPO,None Found,"Cell Signaling, Proliferation of cells",None Found,None Found,4,4,0,0,0,,,,,0,
104,TGFBR2,1,EGR1,66,66,106,0,tumorsupressor,0,0,1,0.13636363636363635,1,TGFBR2,Tumorsupressor,"Apoptosis, Cell Signaling, Proliferation of cells",None Found,None Found,5,3,0,1,1,,,,,0,
105,TFPI2,1,EGR1,66,66,106,0,tumorsupressor,0,0,1,0.13636363636363635,1,TFPI2,Tumorsupressor,"Apoptosis, Cell Signaling, Proliferation of cells",None Found,None Found,5,3,2,0,0,,,,,0,
106,TBXA2R,1,EGR1,66,66,106,0,,0,0,1,0.13636363636363635,1,TBXA2R,None Found,"Apoptosis, Cell Signaling, Proliferation of cells",None Found,None Found,None Found,None Found,None Found,None Found,None Found,,,,,0,
107,SYN2,1,EGR1,66,66,106,0,,0,0,1,0.13636363636363635,1,SYN2,None Found,None Found,None Found,None Found,7,1,1,0,5,,,,,0,
108,SYN1,1,EGR1,66,66,106,0,,0,0,1,0.13636363636363635,1,SYN1,None Found,Proliferation of cells,5.450999565,None Found,9,4,1,2,2,,,,,0,
109,STMN1,1,EGR1,66,66,106,0,oncogene,0,0,1,0.13636363636363635,1,STMN1,Oncogene,"Apoptosis, Cell Signaling, Proliferation of cells",2.476243733,None Found,2,0,1,0,1,,,,,0,
110,STIM1,1,EGR1,66,66,106,0,,0,0,1,0.13636363636363635,1,STIM1,None Found,"Apoptosis, Cell Signaling, Proliferation of cells",None Found,None Found,4,2,1,0,1,,,,,0,
111,SPRY1,1,EGR1,66,66,106,0,,0,0,1,0.13636363636363635,1,SPRY1,None Found,Proliferation of cells,-2.790660858,None Found,6,4,1,1,0,,,,,0,
112,SOX18,1,EGR1,66,66,106,0,,0,0,1,0.13636363636363635,1,SOX18,None Found,"Transcription regulation, Proliferation of cells",None Found,None Found,None Found,None Found,None Found,None Found,None Found,,,,,0,
113,SOD1,1,EGR1,66,66,106,0,,0,0,1,0.13636363636363635,1,SOD1,None Found,"Apoptosis, Proliferation of cells",None Found,None Found,2,2,0,0,0,,,,,0,
114,SLC9A3,1,EGR1,66,66,106,0,,0,0,1,0.13636363636363635,1,SLC9A3,None Found,None Found,6.699056527,None Found,5,3,1,0,1,,,,,0,
115,SLC4A2,1,EGR1,66,66,106,0,,0,0,1,0.13636363636363635,1,SLC4A2,None Found,Apoptosis,None Found,None Found,14,9,4,0,1,,,,,0,
116,RBL2,1,EGR1,66,66,106,0,tumorsupressor,0,0,1,0.13636363636363635,1,RBL2,Tumorsupressor,Cell Signaling,None Found,None Found,2,1,1,0,0,,,,,0,
117,RAG2,1,EGR1,66,66,106,0,,0,0,1,0.13636363636363635,1,RAG2,None Found,Cell Signaling,None Found,None Found,5,4,0,0,1,,,,,0,
118,PTP4A1,1,EGR1,66,66,106,0,oncogene,0,0,1,0.13636363636363635,1,PTP4A1,Oncogene,Proliferation of cells,None Found,None Found,2,0,0,0,2,,,,,0,
119,PTGES,1,EGR1,66,66,106,0,,0,0,1,0.13636363636363635,1,PTGES,None Found,"Apoptosis, Proliferation of cells",None Found,None Found,None Found,None Found,None Found,None Found,None Found,,,,,0,
120,PSEN2,1,EGR1,66,66,106,0,,0,0,1,0.13636363636363635,1,PSEN2,None Found,Cell Signaling,None Found,None Found,5,4,0,0,1,,,,,0,
121,POR,1,EGR1,66,66,106,0,,0,0,1,0.13636363636363635,1,POR,None Found,"Apoptosis, Proliferation of cells",None Found,None Found,4,0,2,0,2,,,,,0,
122,PDGFC,1,EGR1,66,66,106,0,,0,0,1,0.13636363636363635,1,PDGFC,None Found,"Apoptosis, Cell Signaling, Proliferation of cells",None Found,None Found,2,1,1,0,0,,,,,0,
123,PCSK2,1,EGR1,66,66,106,0,,0,0,1,0.13636363636363635,1,PCSK2,None Found,"Apoptosis, Cell Signaling, Proliferation of cells",None Found,None Found,9,4,2,1,2,,,,,0,
124,NAB2,1,EGR1,66,66,106,0,TF,0,0,1,0.13636363636363635,1,NAB2,TF,Proliferation of cells,None Found,Repression,7,2,2,0,3,,,,,1,
125,MYB,2,"ERBB2,EGR1",145,"79,66","31,106",0,oncogene,0,0,1,0.13636363636363635,1,MYB,Oncogene,"Apoptosis, Cell Signaling, Proliferation of cells",None Found,Unknown,6,5,0,1,0,,,,,1,
126,MMP14,1,EGR1,66,66,106,0,cigene,0,0,1,0.13636363636363635,1,MMP14,Cigene,"Apoptosis, Cell Signaling, Proliferation of cells",None Found,None Found,4,3,1,0,0,,,,,0,
127,LTB,1,EGR1,66,66,106,0,,0,0,1,0.13636363636363635,1,LTB,None Found,"Apoptosis, Cell Signaling, Proliferation of cells",None Found,None Found,None Found,None Found,None Found,None Found,None Found,,,,,0,
128,LMTK2,1,EGR1,66,66,106,0,,0,0,1,0.13636363636363635,1,LMTK2,None Found,None Found,None Found,None Found,15,9,5,1,0,,,,,0,
129,LHB,1,EGR1,66,66,106,0,,0,0,1,0.13636363636363635,1,LHB,None Found,Cell Signaling,None Found,None Found,None Found,None Found,None Found,None Found,None Found,,,,,0,
130,LDLR,1,EGR1,66,66,106,0,,0,0,1,0.13636363636363635,1,LDLR,None Found,Apoptosis,None Found,None Found,3,2,1,0,0,,,,,0,
131,LAT,1,EGR1,66,66,106,0,,0,0,1,0.13636363636363635,1,LAT,None Found,"Cell Signaling, Proliferation of cells",None Found,None Found,1,1,0,0,0,,,,,0,
132,KLK3,1,EGR1,66,66,106,0,,0,0,1,0.13636363636363635,1,KLK3,None Found,"Apoptosis, Proliferation of cells",-6.768591929,None Found,5,2,1,0,2,,,,,0,
133,IMPDH2,1,EGR1,66,66,106,0,,0,0,1,0.13636363636363635,1,IMPDH2,None Found,Proliferation of cells,None Found,None Found,3,1,2,0,0,,,,,0,
134,IL3,1,EGR1,66,66,106,0,,0,0,1,0.13636363636363635,1,IL3,None Found,"Apoptosis, Cell Signaling",None Found,None Found,1,1,0,0,0,,,,,0,
135,IL2RB,1,EGR1,66,66,106,0,,0,0,1,0.13636363636363635,1,IL2RB,None Found,"Apoptosis, Cell Signaling, Proliferation of cells",None Found,None Found,4,2,0,2,0,,,,,0,
136,IL2,1,EGR1,66,66,106,0,proto-oncogene,0,0,1,0.13636363636363635,1,IL2,Proto-oncogene,Cell Signaling,None Found,None Found,2,1,0,0,1,,,,,0,
137,IFNG,1,EGR1,66,66,106,0,oncogene,0,0,1,0.13636363636363635,1,IFNG,Oncogene,"Apoptosis, Cell Signaling, Proliferation of cells",None Found,None Found,3,2,1,0,0,,,,,0,
138,HYAL1,1,EGR1,66,66,106,0,,0,0,1,0.13636363636363635,1,HYAL1,None Found,"Apoptosis, Proliferation of cells",None Found,None Found,None Found,None Found,None Found,None Found,None Found,,,,,0,
139,HSD11B2,1,EGR1,66,66,106,0,,0,0,1,0.13636363636363635,1,HSD11B2,None Found,"Apoptosis, Proliferation of cells",None Found,None Found,None Found,None Found,None Found,None Found,None Found,,,,,0,
140,HPSE,1,EGR1,66,66,106,0,,0,0,1,0.13636363636363635,1,HPSE,None Found,"Apoptosis, Proliferation of cells",3.167506204,None Found,4,3,0,1,0,,,,,0,
141,HIF1A,3,"MUC1,SERPINE1,EGR1",196,"59,71,66","10,24,106",0,"oncogene, tumorsupressor, cigene",0,0,1,0.13636363636363635,1,HIF1A,"Cigene, Tumorsupressor, Oncogene","Apoptosis, Cell Signaling, Proliferation of cells",None Found,Unknown,8,4,2,1,1,,,,,2,
142,GGPS1,1,EGR1,66,66,106,0,,0,0,1,0.13636363636363635,1,GGPS1,None Found,Drug metabolism,None Found,None Found,5,2,1,0,2,,,,,0,
143,GDF15,1,EGR1,66,66,106,0,cigene,0,0,1,0.13636363636363635,1,GDF15,Cigene,"Apoptosis, Cell Signaling, Proliferation of cells",None Found,None Found,1,0,0,1,0,,,,,0,
144,FLT1,2,"ESR1,EGR1",138,"72,66","89,106",0,,0,0,1,0.13636363636363635,1,FLT1,None Found,"Apoptosis, Cell Signaling, Proliferation of cells",None Found,None Found,6,5,1,0,0,,,,,0,
145,FGF2,1,EGR1,66,66,106,0,,0,0,1,0.13636363636363635,1,FGF2,None Found,"Apoptosis, Cell Signaling, Proliferation of cells",0.1446659799,None Found,3,1,0,1,1,,,,,0,
146,FCER2,1,EGR1,66,66,106,0,,0,0,1,0.13636363636363635,1,FCER2,None Found,"Apoptosis, Proliferation of cells",None Found,None Found,4,1,1,0,2,,,,,0,
147,FASLG,1,EGR1,66,66,106,0,,0,0,1,0.13636363636363635,1,FASLG,None Found,"Apoptosis, Proliferation of cells",None Found,None Found,3,2,0,0,1,,,,,0,
148,FAP,1,EGR1,66,66,106,0,,0,0,1,0.13636363636363635,1,FAP,None Found,"Apoptosis, Cell Signaling, Proliferation of cells",3.369356365,None Found,9,6,0,1,2,,,,,0,
149,F3,1,EGR1,66,66,106,0,,0,0,1,0.13636363636363635,1,F3,None Found,"Apoptosis, Proliferation of cells",-2.533068788,None Found,2,0,1,0,1,,,,,0,
150,EAPP,1,EGR1,66,66,106,0,TF,0,0,1,0.13636363636363635,1,EAPP,TF,None Found,None Found,None Found,4,2,1,1,0,,,,,0,
151,DMRT1,1,EGR1,66,66,106,0,,0,0,1,0.13636363636363635,1,DMRT1,None Found,"Transcription regulation, Apoptosis",None Found,None Found,1,0,0,1,0,,,,,0,
152,CYP2B6,1,EGR1,66,66,106,0,,0,0,1,0.13636363636363635,1,CYP2B6,None Found,Proliferation of cells,None Found,None Found,4,3,0,1,0,,,,,0,
153,CHGA,1,EGR1,66,66,106,0,,0,0,1,0.13636363636363635,1,CHGA,None Found,"Cell Signaling, Proliferation of cells",8.658506625,None Found,3,0,3,0,0,,,,,0,
154,CDKN1A,2,"ESR1,EGR1",138,"72,66","89,106",0,"oncogene, tumorsupressor",0,0,1,0.13636363636363635,1,CDKN1A,"Tumorsupressor, Oncogene","Apoptosis, Cell Signaling, Proliferation of cells",None Found,None Found,1,0,0,1,0,,,,,0,
155,CD28,1,EGR1,66,66,106,0,,0,0,1,0.13636363636363635,1,CD28,None Found,"Apoptosis, Cell Signaling, Proliferation of cells",None Found,None Found,2,2,0,0,0,,,,,0,
156,CCND2,1,EGR1,66,66,106,0,,0,0,1,0.13636363636363635,1,CCND2,None Found,"Apoptosis, Cell Signaling, Proliferation of cells",None Found,None Found,6,1,1,0,4,,,,,0,
157,CACNA1H,1,EGR1,66,66,106,0,,0,0,1,0.13636363636363635,1,CACNA1H,None Found,Cell Signaling,None Found,None Found,10,4,4,2,0,,,,,0,
158,ATF3,1,EGR1,66,66,106,0,"oncogene, cigene",0,0,1,0.13636363636363635,1,ATF3,"Cigene, Oncogene","Apoptosis, Cell Signaling, Proliferation of cells",None Found,None Found,4,3,1,0,0,,,,,0,
159,ALOX5,1,EGR1,66,66,106,0,,0,0,1,0.13636363636363635,1,ALOX5,None Found,"Apoptosis, Cell Signaling, Proliferation of cells",None Found,None Found,1,0,0,1,0,,,,,0,
160,AKR1B1,1,EGR1,66,66,106,0,tumorsupressor,0,0,1,0.13636363636363635,1,AKR1B1,Tumorsupressor,"Apoptosis, Proliferation of cells",None Found,None Found,1,0,0,1,0,,,,,0,
161,ACHE,1,EGR1,66,66,106,0,,0,0,1,0.13636363636363635,1,ACHE,None Found,"Apoptosis, Proliferation of cells",-2.947842682,None Found,3,2,0,0,1,,,,,0,
162,ACE,1,EGR1,66,66,106,0,,0,0,1,0.13636363636363635,1,ACE,None Found,"Apoptosis, Proliferation of cells",None Found,None Found,10,7,1,1,1,,,,,0,
163,ABCB1,1,EGR1,66,66,106,0,cigene,0,0,1,0.13636363636363635,1,ABCB1,Cigene,"Apoptosis, Proliferation of cells",-3.564622798,None Found,15,7,8,0,0,,,,,0,
164,ZBTB7A,1,FOS,74,74,86,0,oncogene,0,0,1,0.0945945945945946,1,ZBTB7A,Oncogene,"Transcription regulation, Apoptosis, Proliferation of cells",None Found,Repression,3,0,3,0,0,,,,,1,
165,TWIST2,1,FOS,74,74,86,0,tumorsupressor,0,0,1,0.0945945945945946,1,TWIST2,Tumorsupressor,"Apoptosis, Proliferation of cells",None Found,Activation,1,0,1,0,0,,,,,1,
166,TWIST1,2,"ESR1,FOS",146,"72,74","89,86",0,"oncogene, cigene",0,0,1,0.0945945945945946,1,TWIST1,"Cigene, Oncogene","Apoptosis, Proliferation of cells",None Found,Activation,2,1,0,1,0,,,,,2,
167,TBP,1,FOS,74,74,86,0,TF,0,0,1,0.0945945945945946,1,TBP,TF,None Found,None Found,Activation,3,3,0,0,0,,,,,1,
168,SRF,2,"SERPINE1,FOS",145,"71,74","24,86",0,TF,0,0,1,0.0945945945945946,1,SRF,TF,"Apoptosis, Cell Signaling, Proliferation of cells",None Found,Activation,5,1,1,0,3,,,,,2,
169,SMARCA4,1,FOS,74,74,86,0,tumorsupressor,0,0,1,0.0945945945945946,1,SMARCA4,Tumorsupressor,"Transcription regulation, Apoptosis, Proliferation of cells",None Found,Repression,15,8,3,2,2,,,,,1,
170,RBMX,4,"EGR1,FOS,JUNB,JUND",143,"66,74,1,2","106,86,9,5",0,tumorsupressor,0,0,2,0.11547911547911548,2,RBMX,Tumorsupressor,None Found,None Found,Repression,8,3,2,0,3,,,,,2,
171,RB1,2,"BIRC5,FOS",148,"74,74","26,86",0,tumorsupressor,0,0,2,0.3581081081081081,2,RB1,Tumorsupressor,"Apoptosis, Proliferation of cells",None Found,Repression,20,5,3,12,0,,,,,2,
172,NF1,2,"FOS,PLAT",74,74,"86,9",0,tumorsupressor,0,0,1,0.0945945945945946,1,NF1,Tumorsupressor,Cell Signaling,None Found,Activation,36,13,7,13,3,,,,,1,
173,NCOA6,1,FOS,74,74,86,0,TF,0,0,1,0.0945945945945946,1,NCOA6,TF,"Transcription regulation, Apoptosis",None Found,Activation,20,15,1,4,0,,,,,1,
174,MITF,1,FOS,74,74,86,0,oncogene,0,0,1,0.0945945945945946,1,MITF,Oncogene,"Apoptosis, Proliferation of cells",None Found,Activation,7,2,0,0,5,,,,,1,
175,HSF2,1,FOS,74,74,86,0,TF,0,0,1,0.0945945945945946,1,HSF2,TF,Transcription regulation,None Found,Unknown,2,0,0,1,1,,,,,1,
176,HOPX,1,FOS,74,74,86,0,tumorsupressor,0,0,1,0.0945945945945946,1,HOPX,Tumorsupressor,"Transcription regulation, Proliferation of cells",None Found,Repression,None Found,None Found,None Found,None Found,None Found,,,,,1,
177,HMGN1,1,FOS,74,74,86,0,TF,0,0,1,0.0945945945945946,1,HMGN1,TF,Proliferation of cells,None Found,Unknown,1,1,0,0,0,,,,,1,
178,GTF2I,1,FOS,74,74,86,0,TF,0,0,1,0.0945945945945946,1,GTF2I,TF,"Cell Signaling, Proliferation of cells",None Found,Activation,5,4,0,0,1,,,,,1,
179,ELK4,1,FOS,74,74,86,0,TF,0,0,1,0.0945945945945946,1,ELK4,TF,"Cell Signaling, Proliferation of cells",None Found,Activation,None Found,None Found,None Found,None Found,None Found,,,,,1,
180,ARNT,3,"ESR1,FOS,JUN",152,"72,74,6","89,86,33",0,TF,0,0,1,0.0945945945945946,1,ARNT,TF,Cell Signaling,None Found,Repression,7,4,1,1,1,,,,,2,
181,AHR,1,FOS,74,74,86,0,TF,0,0,1,0.0945945945945946,1,AHR,TF,"Transcription regulation, Apoptosis, Proliferation of cells",None Found,Unknown,3,3,0,0,0,,,,,1,
182,STAR,1,FOS,74,74,86,0,,0,0,1,0.0945945945945946,1,STAR,None Found,Apoptosis,None Found,None Found,2,2,0,0,0,,,,,0,
183,SRR,1,FOS,74,74,86,0,,0,0,1,0.0945945945945946,1,SRR,None Found,Drug metabolism,None Found,None Found,1,1,0,0,0,,,,,0,
184,SPRR3,1,FOS,74,74,86,0,,0,0,1,0.0945945945945946,1,SPRR3,None Found,Proliferation of cells,-8.668595197,None Found,3,0,0,0,3,,,,,0,
185,SPI1,1,FOS,74,74,86,0,"oncogene, tumorsupressor",0,0,1,0.0945945945945946,1,SPI1,"Tumorsupressor, Oncogene","Transcriptional misregulation, Apoptosis, Proliferation of cells",None Found,None Found,3,3,0,0,0,,,,,0,
186,SOX7,1,FOS,74,74,86,0,tumorsupressor,0,0,1,0.0945945945945946,1,SOX7,Tumorsupressor,"Transcription regulation, Proliferation of cells",-0.756745042,None Found,3,1,2,0,0,,,,,0,
187,SLC10A2,1,FOS,74,74,86,0,,0,0,1,0.0945945945945946,1,SLC10A2,None Found,None Found,None Found,None Found,3,2,1,0,0,,,,,0,
188,PDHA1,1,FOS,74,74,86,0,,0,0,1,0.0945945945945946,1,PDHA1,None Found,"Apoptosis, Cell Signaling",None Found,None Found,5,2,2,0,1,,,,,0,
189,PCK2,1,FOS,74,74,86,0,,0,0,1,0.0945945945945946,1,PCK2,None Found,"Cell Signaling, Proliferation of cells",None Found,None Found,9,4,3,0,2,,,,,0,
190,OXTR,1,FOS,74,74,86,0,,0,0,1,0.0945945945945946,1,OXTR,None Found,"Cell Signaling, Proliferation of cells",-6.207909869,None Found,1,0,0,0,1,,,,,0,
191,NTS,1,FOS,74,74,86,0,,0,0,1,0.0945945945945946,1,NTS,None Found,"Apoptosis, Cell Signaling, Proliferation of cells",None Found,None Found,1,0,1,0,0,,,,,0,
192,NQO1,1,FOS,74,74,86,0,cigene,0,0,1,0.0945945945945946,1,NQO1,Cigene,"Apoptosis, Proliferation of cells",None Found,None Found,None Found,None Found,None Found,None Found,None Found,,,,,0,
193,NPY,1,FOS,74,74,86,0,,0,0,1,0.0945945945945946,1,NPY,None Found,"Cell Signaling, Proliferation of cells",None Found,None Found,1,1,0,0,0,,,,,0,
194,NPPA,1,FOS,74,74,86,0,,0,0,1,0.0945945945945946,1,NPPA,None Found,Cell Signaling,None Found,None Found,1,1,0,0,0,,,,,0,
195,NOS2,1,FOS,74,74,86,0,,0,0,1,0.0945945945945946,1,NOS2,None Found,"Apoptosis, Cell Signaling, Proliferation of cells",4.345697573,None Found,14,11,3,0,0,,,,,0,
196,NFKB1,6,"BIRC5,MMP9,SERPINE1,EGR1,FOS,JUNB",367,"74,81,71,66,74,1","26,32,24,106,86,9",0,"oncogene, tumorsupressor, cigene",0,0,3,0.28419328419328416,3,NFKB1,"Cigene, Tumorsupressor, Oncogene","Apoptosis, Cell Signaling, Proliferation of cells",None Found,Repression,7,4,2,0,1,,,,,4,
197,NEFL,1,FOS,74,74,86,0,,0,0,1,0.0945945945945946,1,NEFL,None Found,Apoptosis,None Found,None Found,3,1,1,0,1,,,,,0,
198,MFI2,1,FOS,74,74,86,0,,0,0,1,0.0945945945945946,1,MFI2,None Found,None Found,None Found,None Found,12,7,5,0,0,,,,,0,
199,LRIG2,1,FOS,74,74,86,0,,0,0,1,0.0945945945945946,1,LRIG2,None Found,Cell Signaling,None Found,None Found,6,5,1,0,0,,,,,0,
200,IL1A,1,FOS,74,74,86,0,,0,0,1,0.0945945945945946,1,IL1A,None Found,"Apoptosis, Cell Signaling, Proliferation of cells",None Found,None Found,None Found,None Found,None Found,None Found,None Found,,,,,0,
201,HSPH1,1,FOS,74,74,86,0,,0,0,1,0.0945945945945946,1,HSPH1,None Found,Apoptosis,None Found,None Found,6,4,0,0,2,,,,,0,
202,GSTP1,1,FOS,74,74,86,0,,0,0,1,0.0945945945945946,1,GSTP1,None Found,"Apoptosis, Proliferation of cells",None Found,None Found,2,1,1,0,0,,,,,0,
203,FMO4,1,FOS,74,74,86,0,,0,0,1,0.0945945945945946,1,FMO4,None Found,Drug metabolism,None Found,None Found,7,6,1,0,0,,,,,0,
204,FIGF,1,FOS,74,74,86,0,,0,0,1,0.0945945945945946,1,FIGF,None Found,Proliferation of cells,None Found,None Found,6,4,0,0,2,,,,,0,
205,FGFBP1,1,FOS,74,74,86,0,,0,0,1,0.0945945945945946,1,FGFBP1,None Found,"Cell Signaling, Proliferation of cells",None Found,None Found,None Found,None Found,None Found,None Found,None Found,,,,,0,
206,FAS,2,"EGR1,FOS",140,"66,74","106,86",0,,0,0,2,0.11547911547911548,2,FAS,None Found,"Apoptosis, Cell Signaling, Proliferation of cells",None Found,None Found,1,1,0,0,0,,,,,0,
207,EZR,1,FOS,74,74,86,0,cigene,0,0,1,0.0945945945945946,1,EZR,Cigene,"Apoptosis, Proliferation of cells",-0.5852089833,None Found,6,2,1,1,2,,,,,0,
208,ERCC4,1,FOS,74,74,86,0,,0,0,1,0.0945945945945946,1,ERCC4,None Found,None Found,None Found,None Found,9,4,1,2,2,,,,,0,
209,DDIT3,1,FOS,74,74,86,0,oncogene,0,0,1,0.0945945945945946,1,DDIT3,Oncogene,"Apoptosis, Cell Signaling, Proliferation of cells",None Found,None Found,2,0,0,1,1,,,,,0,
210,CYP1A2,1,FOS,74,74,86,0,,0,0,1,0.0945945945945946,1,CYP1A2,None Found,Drug metabolism,None Found,None Found,4,2,1,0,1,,,,,0,
211,CSTA,1,FOS,74,74,86,0,,0,0,1,0.0945945945945946,1,CSTA,None Found,Apoptosis,None Found,None Found,1,0,1,0,0,,,,,0,
212,CLU,1,FOS,74,74,86,0,"oncogene, tumorsupressor, cigene",0,0,1,0.0945945945945946,1,CLU,"Cigene, Tumorsupressor, Oncogene","Apoptosis, Cell Signaling, Proliferation of cells",None Found,None Found,5,3,0,1,1,,,,,0,
213,CD40LG,1,FOS,74,74,86,0,,0,0,1,0.0945945945945946,1,CD40LG,None Found,"Apoptosis, Cell Signaling, Proliferation of cells",None Found,None Found,2,1,0,0,1,,,,,0,
214,CCK,1,FOS,74,74,86,0,,0,0,1,0.0945945945945946,1,CCK,None Found,"Apoptosis, Cell Signaling, Proliferation of cells",None Found,None Found,1,1,0,0,0,,,,,0,
215,CASP9,1,FOS,74,74,86,0,,0,0,1,0.0945945945945946,1,CASP9,None Found,"Apoptosis, Cell Signaling, Proliferation of cells",None Found,None Found,3,1,0,0,2,,,,,0,
216,BATF3,1,FOS,74,74,86,0,,0,0,1,0.0945945945945946,1,BATF3,None Found,Transcription regulation,None Found,None Found,2,2,0,0,0,,,,,0,
217,ACTA1,1,FOS,74,74,86,0,,0,0,1,0.0945945945945946,1,ACTA1,None Found,None Found,None Found,None Found,5,2,2,0,1,,,,,0,
218,RUNX3,2,"MMP9,CLDN7",135,"81,54","32,5",0,"oncogene, tumorsupressor",0,0,1,0.12962962962962962,1,RUNX3,"Tumorsupressor, Oncogene","Transcription regulation, Apoptosis, Proliferation of cells",None Found,Activation,1,0,1,0,0,,,,,2,
219,CTBP1,1,CLDN7,54,54,5,0,"tumorsupressor, cigene",0,0,1,0.12962962962962962,1,CTBP1,"Tumorsupressor, Cigene",Cell Signaling,None Found,Repression,7,1,1,0,5,,,,,1,
220,NFIL3,1,PGR,58,58,34,0,TF,0,0,0,,0,NFIL3,TF,"Transcription regulation, Apoptosis, Proliferation of cells",None Found,Unknown,2,2,0,0,0,,,,,1,
221,KLF9,1,PGR,58,58,34,0,TF,0,0,0,,0,KLF9,TF,"Transcription regulation, Apoptosis, Proliferation of cells",None Found,Unknown,3,0,0,0,3,,,,,1,
222,HOXA5,1,PGR,58,58,34,0,TF,0,0,0,,0,HOXA5,TF,"Transcription regulation, Apoptosis, Proliferation of cells",-2.87805321,Activation,5,3,1,0,1,,,,,1,
223,YWHAQ,2,"ESR1,PGR",130,"72,58","89,34",0,oncogene,0,0,0,,0,YWHAQ,Oncogene,"Apoptosis, Cell Signaling, Proliferation of cells",None Found,None Found,2,1,0,0,1,,,,,0,
224,RLN2,1,PGR,58,58,34,0,,0,0,0,,0,RLN2,None Found,"Apoptosis, Cell Signaling, Proliferation of cells",None Found,None Found,4,3,1,0,0,,,,,0,
225,RLN1,1,PGR,58,58,34,0,,0,0,0,,0,RLN1,None Found,Cell Signaling,None Found,None Found,1,1,0,0,0,,,,,0,
226,PTGS2,3,"EGR1,FOS,PGR",198,"66,74,58","106,86,34",0,,0,0,2,0.11547911547911548,2,PTGS2,None Found,"Apoptosis, Cell Signaling, Proliferation of cells",None Found,None Found,10,3,5,2,0,,,,,0,
227,PTGER2,1,PGR,58,58,34,0,,0,0,0,,0,PTGER2,None Found,"Apoptosis, Cell Signaling, Proliferation of cells",None Found,None Found,5,2,2,1,0,,,,,0,
228,PRL,1,PGR,58,58,34,0,,0,0,0,,0,PRL,None Found,Cell Signaling,None Found,None Found,None Found,None Found,None Found,None Found,None Found,,,,,0,
229,PLD1,1,PGR,58,58,34,0,"oncogene, tumorsupressor, cigene",0,0,0,,0,PLD1,"Cigene, Tumorsupressor, Oncogene","Apoptosis, Cell Signaling, Proliferation of cells",None Found,None Found,12,7,2,0,3,,,,,0,
230,KLK4,1,PGR,58,58,34,0,,0,0,0,,0,KLK4,None Found,"Cell Signaling, Proliferation of cells",6.920792888,None Found,3,1,0,0,2,,,,,0,
231,IRS2,1,PGR,58,58,34,0,oncogene,0,0,0,,0,IRS2,Oncogene,"Apoptosis, Cell Signaling, Proliferation of cells",-0.9311499934,None Found,None Found,None Found,None Found,None Found,None Found,,,,,0,
232,IL10,1,PGR,58,58,34,0,cigene,0,0,0,,0,IL10,Cigene,"Apoptosis, Cell Signaling, Proliferation of cells",None Found,None Found,None Found,None Found,None Found,None Found,None Found,,,,,0,
233,IGFBP1,1,PGR,58,58,34,0,,0,0,0,,0,IGFBP1,None Found,"Apoptosis, Cell Signaling, Proliferation of cells",None Found,None Found,1,0,1,0,0,,,,,0,
234,FOXP3,2,"ERBB2,PGR",137,"79,58","31,34",0,tumorsupressor,0,0,0,,0,FOXP3,Tumorsupressor,"Apoptosis, Proliferation of cells",None Found,Unknown,7,2,3,1,1,,,,,1,
235,E2F1,4,"BIRC5,SERPINE1,ESR1,PGR",275,"74,71,72,58","26,24,89,34",0,"oncogene, tumorsupressor",0,0,1,0.6216216216216216,1,E2F1,"Tumorsupressor, Oncogene","Apoptosis, Proliferation of cells",4.23572194,Repression,4,4,0,0,0,,,,,2,
236,CYP19A1,2,"ESR1,PGR",130,"72,58","89,34",0,,0,0,0,,0,CYP19A1,None Found,"Apoptosis, Proliferation of cells",None Found,None Found,3,0,2,0,1,,,,,0,
237,BCL2L1,2,"FOS,PGR",132,"74,58","86,34",0,oncogene,0,0,1,0.0945945945945946,1,BCL2L1,Oncogene,"Apoptosis, Cell Signaling, Proliferation of cells",None Found,None Found,5,2,1,0,2,,,,,0,
238,BCL2,2,"ESR1,PGR",130,"72,58","89,34",0,oncogene,0,0,0,,0,BCL2,Oncogene,"Apoptosis, Cell Signaling, Proliferation of cells",None Found,None Found,None Found,None Found,None Found,None Found,None Found,,,,,0,
239,ATP1B1,1,PGR,58,58,34,0,,0,0,0,,0,ATP1B1,None Found,Cell Signaling,None Found,None Found,7,1,2,1,3,,,,,0,
240,ABCG2,1,PGR,58,58,34,0,"oncogene, tumorsupressor, cigene",0,0,0,,0,ABCG2,"Cigene, Tumorsupressor, Oncogene","Apoptosis, Proliferation of cells",None Found,None Found,1,1,0,0,0,,,,,0,
241,CCNA2,1,ESR1,72,72,89,0,,0,0,0,,0,CCNA2,None Found,"Apoptosis, Cell Signaling, Proliferation of cells",3.73577511,None Found,6,5,0,0,1,,,,,1,
242,BIRC5,74,"TP73,TP53,TCF7L2,TCF4,STAT3,SP4,SP3,SP1,RELA,RB1,NFKB1,MYCN,LEF1,KLF5,KLF4,ILF3,HDAC1,FOXO3,EP300,EHMT2,E2F4,E2F1,DNMT1,CTNNB1,APC,AURKC,CENPU,CENPA,CENPN,CENPH,CDC20,CDCA8,CCNB2,CENPK,AURKB,BIRC5,ZWINT,KIF2C,BUB1,CDK1,CENPF,CCNB1,BUB1B,NDC80,MAD2L1,CENPE,CDCA5,SPC24,SKA1,PLK1,CASC5,NUF2,KNTC1,SGOL1,ESPL1,KIF18A,SPC25,INCENP,ERCC6L,XPO1,NUSAP1,KIF20A,TOP2A,UBE2C,DLGAP5,CCNA2,TPX2,KIF11,AURKA,PBK,TTK,RACGAP1,KIF23,CENPM",155,"2,4,1,3,5,2,4,13,6,2,6,1,2,4,2,1,6,1,4,1,1,4,1,3,1,74,1","1,5,2,2,5,2,2,10,6,2,4,1,2,4,2,1,6,1,6,1,1,2,1,3,1,1,1,1,1,1,1,1,1,1,1,26,1,1,1,1,1,1,1,1,1,1,1,1,1,1,1,1,1,1,1,1,1,1,1,1,1,1,1,1,1,1,1,1,1,1,1,1,1,1",56,oncogene,13,2,46,0.2905405405405405,2,BIRC5,Oncogene,"Apoptosis, Cell Signaling, Proliferation of cells",4.843343632,None Found,1,0,0,0,1,,,,,26,
243,MMP3,1,FOS,74,74,86,0,,0,0,1,0.0945945945945946,1,MMP3,None Found,"Apoptosis, Cell Signaling, Proliferation of cells",None Found,None Found,4,4,0,0,0,,,,,1,
244,STAT6,2,"EGR1,FOS",140,"66,74","106,86",0,TF,0,0,2,0.11547911547911548,2,STAT6,TF,Cell Signaling,None Found,Activation,12,5,6,1,0,,,,,3,
245,MMP7,1,FOS,74,74,86,0,,0,0,1,0.0945945945945946,1,MMP7,None Found,"Apoptosis, Cell Signaling, Proliferation of cells",None Found,None Found,3,0,0,0,3,,,,,1,
246,MMP1,1,FOS,74,74,86,0,cigene,0,0,1,0.0945945945945946,1,MMP1,Cigene,"Apoptosis, Cell Signaling, Proliferation of cells",-1.160650572,None Found,1,1,0,0,0,,,,,1,
247,CXCL8,2,"EGR1,FOS",140,"66,74","106,86",0,cigene,0,0,2,0.11547911547911548,2,CXCL8,Cigene,"Apoptosis, Cell Signaling, Proliferation of cells",None Found,None Found,2,1,0,0,1,,,,,1,
248,CTSD,1,ESR1,72,72,89,0,,0,0,0,,0,CTSD,None Found,"Apoptosis, Cell Signaling, Proliferation of cells",None Found,None Found,1,1,0,0,0,,,,,1,
249,MMP9,81,"TFAP2A,STAT3,STAT1,SPDEF,SP2,SP1,SNAI2,SMAD3,SIRT1,RUNX3,RELA,PPARG,PPARA,NFKBIA,NFKB1,MTA1,MAZ,KLF8,KLF6,KLF5,JUN,IRF1,IKBKB,HDAC1,FOS,ETS2,ETS1,EP300,ELF4,ELF3,CIITA,SCUBE3,EPHB1,SDC4,TIMP3,SRC,ITGB2,CTSS,TNFAIP6,TIMP2,CHIT1,OSCAR,IDH1,LTA4H,EPHB2,OLFM4,MMP3,VEGFA,PLG,MMP10,CST3,STAT6,MMP7,CD44,ACAN,CXCL1,COL18A1,EDN1,CDH1,PTX3,NID1,HP,HBEGF,B2M,TIMP1,MMP9,LYZ,MMP1,PRSS3P2,CAMP,THBS1,PPBP,MMP8,CXCL8,CTSD,LTF,SDC1,A2M,TNF,ITGAM,CTSG",253,"3,5,2,1,1,13,1,3,1,2,6,3,2,1,6,2,1,1,1,4,6,1,1,6,74,2,2,4,1,2,1,1,3,2,1,1,81,1,2,1,1","3,5,3,1,1,10,2,4,1,2,6,4,2,1,4,3,1,1,1,4,33,2,1,6,86,3,3,6,1,2,1,1,1,1,1,5,1,1,1,1,1,1,1,1,1,1,1,3,2,1,1,3,1,2,1,1,1,1,3,1,1,2,2,1,2,32,1,1,1,1,2,2,1,1,1,1,1,2,2,1,1",46,cigene,10,3,6,0.47597597597597596,3,MMP9,Cigene,"Apoptosis, Cell Signaling, Proliferation of cells",None Found,None Found,6,2,3,0,1,,,,,32,
250,HLTF,1,PGR,58,58,34,0,tumorsupressor,0,0,0,,0,HLTF,Tumorsupressor,"Apoptosis, Proliferation of cells",None Found,None Found,10,6,2,1,1,,,,,1,
251,NKX3-1,2,"ESR1,FOS",146,"72,74","89,86",0,tumorsupressor,0,0,1,0.0945945945945946,1,NKX3-1,Tumorsupressor,Proliferation of cells,None Found,Repression,2,2,0,0,0,,,,,3,
252,TCF7L2,1,BIRC5,74,74,26,0,"oncogene, tumorsupressor, cigene",0,0,1,0.6216216216216216,1,TCF7L2,"Cigene, Tumorsupressor, Oncogene","Apoptosis, Cell Signaling, Proliferation of cells",None Found,Activation,8,5,0,0,3,,,,,2,
253,GDNF,1,EGR1,66,66,106,0,,0,0,1,0.13636363636363635,1,GDNF,None Found,Cell Signaling,None Found,None Found,1,0,1,0,0,,,,,1,
254,TCF4,3,"BIRC5,EGR1,JUN",146,"74,66,6","26,106,33",0,tumorsupressor,0,0,2,0.378992628992629,2,TCF4,Tumorsupressor,"Transcription regulation, Apoptosis, Proliferation of cells",None Found,Unknown,10,6,4,0,0,,,,,2,
255,ID3,1,EGR1,66,66,106,0,TF,0,0,1,0.13636363636363635,1,ID3,TF,"Apoptosis, Cell Signaling, Proliferation of cells",None Found,None Found,2,0,0,0,2,,,,,1,
256,ID4,52,"ESR1,BLCAP,C10ORF142,GPR17,HLTF,GRHL3,ABCC3,GFAP,NKX3-1,ESM1,SRI,BRCA1,TRIM21,TCF7L2,POU3F1,NKX2-2,GDNF,NANOS2,GFRA1,SOHLH1,BCL6B,OLIG2,OLIG1,ZBTB16,SOX10,SOX2,NEUROG3,HEY2,HES5,NEUROG1,HES1,TCF4,TCF3,MYOD1,MYOG,MYRF,ID3,ID2,MYF6,EZH2,NOTCH1,PTEN,WNT5A,SOX4,YY1,CDC42,MMP2,CEBPB,BCL3,TP53,ID4,FKBP4",145,"72,1,2,5,1,1,3,1,1,2,4,52","89,1,1,1,1,1,1,1,3,1,1,5,1,2,1,1,1,1,1,1,1,1,1,1,1,1,1,1,1,1,1,2,1,1,1,1,1,1,1,2,2,2,1,1,4,3,1,1,1,5,6,2",39,"oncogene, tumorsupressor, cigene",7,3,4,,0,ID4,"Cigene, Tumorsupressor, Oncogene","Cell Signaling, Proliferation of cells",None Found,Unknown,None Found,None Found,None Found,None Found,None Found,,,,,6,
257,NGF,1,FOS,74,74,86,0,,0,0,1,0.0945945945945946,1,NGF,None Found,"Apoptosis, Cell Signaling, Proliferation of cells",None Found,None Found,6,2,3,0,1,,,,,1,
258,NTF3,1,FOS,74,74,86,0,,0,0,1,0.0945945945945946,1,NTF3,None Found,"Apoptosis, Cell Signaling, Proliferation of cells",None Found,None Found,None Found,None Found,None Found,None Found,None Found,,,,,1,
259,NR0B2,1,SERPINE1,71,71,24,0,tumorsupressor,0,0,0,,0,NR0B2,Tumorsupressor,Apoptosis,None Found,Repression,2,1,0,0,1,,,,,2,
260,PELP1,1,ESR1,72,72,89,0,oncogene,0,0,0,,0,PELP1,Oncogene,None Found,None Found,None Found,6,5,1,0,0,,,,,1,
261,STAT1,2,"MMP9,EGR1",147,"81,66","32,106",0,tumorsupressor,0,0,1,0.13636363636363635,1,STAT1,Tumorsupressor,"Apoptosis, Cell Signaling, Proliferation of cells",None Found,Unknown,5,2,2,0,1,,,,,3,
262,TERT,1,ESR1,72,72,89,0,cigene,0,0,0,,0,TERT,Cigene,"Apoptosis, Proliferation of cells",None Found,None Found,4,2,1,1,0,,,,,1,
263,BCAR1,1,EGR1,66,66,106,0,,0,0,1,0.13636363636363635,1,BCAR1,None Found,"Apoptosis, Cell Signaling, Proliferation of cells",None Found,None Found,6,4,0,1,1,,,,,1,
264,MYC,4,"ESR1,FOS,PGR,JUNB",205,"72,74,58,1","89,86,34,9",0,"oncogene, cigene",0,0,1,0.0945945945945946,1,MYC,"Cigene, Oncogene","Apoptosis, Cell Signaling, Proliferation of cells",None Found,Repression,3,3,0,0,0,,,,,1,
265,TFF1,1,ESR1,72,72,89,0,,0,0,0,,0,TFF1,None Found,"Apoptosis, Cell Signaling, Proliferation of cells",None Found,None Found,None Found,None Found,None Found,None Found,None Found,,,,,1,
266,GREB1,1,ESR1,72,72,89,0,,0,0,0,,0,GREB1,None Found,None Found,None Found,None Found,11,3,5,1,2,,,,,1,
267,BRCA1,5,"KRT5,ESR1,EGR1,FOS,ID4",318,"54,72,66,74,52","5,89,106,86,6",0,tumorsupressor,0,0,2,0.11547911547911548,2,BRCA1,Tumorsupressor,"Apoptosis, Cell Signaling, Proliferation of cells",None Found,Unknown,18,10,2,6,0,,,,,5,
268,TFAP2C,2,"ESR1,ERBB2",151,"72,79","89,31",0,TF,0,0,0,,0,TFAP2C,TF,"Transcription regulation, Apoptosis, Proliferation of cells",None Found,Unknown,4,3,0,0,1,,,,,2,
269,PTEN,1,EGR1,66,66,106,0,tumorsupressor,0,0,1,0.13636363636363635,1,PTEN,Tumorsupressor,Cell Signaling,None Found,None Found,34,18,0,14,2,,,,,2,
270,DLC1,52,"GATA3,TENC1,TNS3,TRAF3IP3,GPM6B,HP,TLN2,SYN3,ZNF12,FBXW5,STARD7,RASA1,STARD6,STARD4,STARD5,ACOT12,COL4A3BP,ACOT11,STARD9,SPG20,PCTP,PRKD1,TNS4,RTKN,PTEN,CAV1,RHOD,RHOBTB1,RHOT1,RHOBTB2,RHOF,RAC3,RHOH,RHOJ,RHOT2,RAC1,RHOG,RHOQ,RHOU,RHOV,RHOA,DLC1,TLN1,AKT1,CDC42,CDH1,CDK6,PLCD1,RHOB,RHOC,RAC2,TNS1",57,"3,1,52,1","5,1,1,1,1,2,1,1,1,1,1,2,1,1,1,1,1,1,1,1,1,1,1,1,2,1,1,1,1,1,1,1,1,1,1,2,1,1,1,1,2,2,1,2,3,3,1,1,1,2,1,1",41,tumorsupressor,4,1,3,,0,DLC1,Tumorsupressor,"Apoptosis, Proliferation of cells",None Found,None Found,15,11,1,0,3,,,,,2,
271,TGFA,1,ESR1,72,72,89,0,,0,0,0,,0,TGFA,None Found,"Apoptosis, Cell Signaling, Proliferation of cells",None Found,None Found,3,1,0,0,2,,,,,1,
272,CTNNB1,3,"BIRC5,ESR1,JUN",152,"74,72,6","26,89,33",0,"oncogene, cigene",0,0,1,0.6216216216216216,1,CTNNB1,"Cigene, Oncogene",Cell Signaling,None Found,Unknown,5,2,3,0,0,,,,,3,
273,KRT5,54,"TFAP2A,SP1,BRCA1,KRT79,KRT4,KRT78,KRT6B,KRT77,KRT72,KRT6A,KRT82,KRT3,KRT2,KRT6C,KRT17,KRT80,KRT74,KRT81,KRT28,KRT25,KRT76,KRT35,KRT71,KRT15,KRT1,KRT5,KRT14,KRT86,KRT84,KRT32,KRT27,KRT38,KRT33B,KRT16,KRT75,KRT8,KRT7,KRT37,KRT39,KRT40,KRT36,KRT13,KRT26,KRT31,KRT23,KRT9,KRT10,KRT24,KRT34,KRT12,KRT18,KRT19,KRT20,KRT33A",129,"3,13,5,54,54","3,10,5,2,2,2,2,2,2,2,2,2,2,2,2,2,2,2,2,1,2,1,2,2,2,5,4,2,2,2,1,2,1,2,2,3,2,2,1,2,2,2,2,1,2,2,2,2,2,2,3,6,2,2",6,,0,0,5,,0,KRT5,None Found,None Found,None Found,None Found,4,2,2,0,0,,,,,5,
274,PIAS3,2,"ESR1,MUC1",131,"72,59","89,10",0,TF,0,0,0,,0,PIAS3,TF,"Apoptosis, Cell Signaling, Proliferation of cells",None Found,Repression,3,1,0,0,2,,,,,3,
275,NCOR1,1,ESR1,72,72,89,0,TF,0,0,0,,0,NCOR1,TF,Cell Signaling,None Found,Repression,44,22,2,19,1,,,,,2,
276,ERBB2,79,"YY1,YBX1,XRCC6,XRCC5,WWP1,VDR,TFAP2C,TFAP2B,TFAP2A,SP4,SP3,SP1,PURA,PGR,PAX2,NCOA3,MYB,JUND,GATA4,GABPA,FOXP3,ETV4,EP300,ELK1,ELF1,ECD,CREB1,ATF7,ATF1,AR,PLXNB1,SEMA4D,GRB7,ERRFI1,TFF3,AREG,BTC,EREG,ADAM17,NRG1,NRG2,NRG3,PTK6,MEMO1,PTPN12,IL6,TGFA,CD44,MAPK8,HBEGF,PIK3CA,SHC1,PIK3R1,ERBB3,PTPN11,SOS1,FYN,RHOA,JAK2,PLCG1,RHOC,PLCG2,HRAS,KRAS,NRAS,CTNNB1,VEGFA,PIK3R2,HSP90AA1,ERBB2IP,PTK2,STUB1,ERBB2,EGFR,EGF,SRC,GAB1,GRB2,PTPN18",211,"2,1,1,1,1,1,2,1,3,2,4,13,1,58,1,1,2,2,1,1,2,1,4,2,1,1,4,1,1,5,1,1,3,3,79,3","4,1,1,1,1,1,2,1,3,2,2,10,1,34,1,3,1,5,1,1,1,1,6,2,1,1,2,1,1,3,1,1,1,1,1,1,1,1,1,1,1,1,1,1,1,2,1,2,2,2,4,2,2,1,2,2,1,2,1,2,2,1,2,2,2,3,3,1,3,1,1,2,31,2,2,5,2,2,1",41,"oncogene, cigene",11,6,2,1.0,1,ERBB2,"Cigene, Oncogene","Apoptosis, Cell Signaling, Proliferation of cells",None Found,None Found,28,25,2,0,1,,,,,31,
277,AR,5,"ERBB2,MUC1,ESR1,EGR1,JUN",282,"79,59,72,66,6","31,10,89,106,33",0,"oncogene, cigene",0,0,1,0.13636363636363635,1,AR,"Cigene, Oncogene","Apoptosis, Proliferation of cells",None Found,Repression,8,3,3,2,0,,,,,3,
278,NCOA3,1,ERBB2,79,79,31,0,"oncogene, cigene",0,0,0,,0,NCOA3,"Cigene, Oncogene",Cell Signaling,None Found,Unknown,14,9,2,1,2,,,,,3,
279,PGR,58,"ESR1,ERBB2,FOS,SP1,RELA,NFIL3,KLF9,JUN,HOXA5,PIAS3,NCOR1,SUMO1,NCOR2,PRKACB,PRKACA,PIK3CA,MED1,NCOA1,HSP90AA1,STIP1,HSP90AB1,AR,PTGES3,NR3C1,PGR,NR3C2,HSPA8,HSPA2,HSPA1A,HSPA1L,HSPA1B,ACTR1A,MAPK3,MAPK1,DYNLL2,FOXA1,EP300,DYNLL1,TLE3,CAPZA1,NRIP1,DCTN1,FKBP5,ACTR10,GATA3,DYNC1LI2,DYNC1LI1,DYNC1I2,DCTN5,DYNC1H1,DYNC1I1,CAPZA3,DCTN6,DCTN3,NCOA3,SRC,UBE2I,FKBP4",328,"72,79,74,13,6,1,1,6,1,2,1,5,58,1,4,3,1","89,31,86,10,6,1,1,33,1,3,2,1,2,1,1,4,2,2,3,1,2,3,1,2,34,1,1,1,1,1,1,1,4,4,1,3,6,1,1,1,2,1,1,1,5,1,1,1,1,1,1,1,1,1,3,5,1,2",32,tumorsupressor,1,0,3,0.0472972972972973,1,PGR,Tumorsupressor,"Apoptosis, Proliferation of cells",None Found,Repression,6,5,1,0,0,,,,,34,
280,ELF3,2,"MMP9,CLDN7",135,"81,54","32,5",0,TF,0,0,1,0.12962962962962962,1,ELF3,TF,"Transcription regulation, Proliferation of cells",None Found,Unknown,2,1,0,0,1,,,,,2,
281,CDH1,1,ESR1,72,72,89,0,"oncogene, tumorsupressor",0,0,0,,0,CDH1,"Tumorsupressor, Oncogene","Apoptosis, Cell Signaling, Proliferation of cells",None Found,None Found,55,15,2,38,0,,,,,3,
282,KRT19,54,"ESR1,SP1,KLF4,MAPK11,MAPK14,EPCAM,KRT79,KRT4,KRT78,KRT6B,KRT73,KRT77,KRT72,KRT85,KRT6A,KRT82,KRT3,KRT2,KRT6C,KRT17,KRT80,KRT74,KRT81,KRT28,KRT76,KRT71,KRT15,KRT1,KRT5,KRT14,KRT86,KRT84,KRT32,KRT38,KRT16,KRT75,KRT8,KRT7,KRT37,KRT40,KRT83,KRT36,KRT13,KRT26,KRT23,KRT9,KRT10,KRT24,KRT34,KRT12,KRT18,KRT19,KRT20,KRT33A",195,"72,13,2,54,54","89,10,2,1,2,2,2,2,2,2,1,2,2,1,2,2,2,2,2,2,2,2,2,2,2,2,2,2,5,4,2,2,2,2,2,2,3,2,2,2,1,2,2,2,2,2,2,2,2,2,3,6,2,2",4,,0,0,5,,0,KRT19,None Found,Proliferation of cells,None Found,None Found,5,3,1,1,0,,,,,6,
283,CLDN7,54,"RUNX3,HDAC1,ELF3,CTBP1,ING1,RPL23,M1AP,PI4K2B,PKP3,PRSS8,SPINT1,ST14,TACSTD2,CD81,SCARB1,CCDC102A,CDH1,EPCAM,KRT19,KRT18,RAB25,KRT8,SNAI1,CLDN12,CLDN23,CLDN14,CLDN16,CLDN5,CLDN6,CLDN2,CLDN19,CLDN3,CLDN9,CLDN10,CLDN4,CLDN18,CLDN8,CLDN15,CLDN1,CLDN17,CLDN22,CLDN7,CLDN20,OCLN,ESAM,CLDN25,TJP1,CLDN24,F11R,TJP3,TJP2,WNK4,MARVELD2,CLDN11",120,"2,6,2,1,1,54,54","2,6,2,1,1,1,1,1,1,1,1,1,1,1,1,1,3,2,6,3,1,3,2,1,1,1,1,1,1,1,1,1,1,1,1,1,1,1,1,1,1,5,1,1,1,1,1,1,1,1,1,1,1,1",44,,2,3,7,0.12962962962962962,1,CLDN7,None Found,"Apoptosis, Proliferation of cells",0.4289850751,None Found,None Found,None Found,None Found,None Found,None Found,,,,,5,
284,CREM,2,"FOS,PLAT",74,74,"86,9",0,TF,0,0,1,0.0945945945945946,1,CREM,TF,"Apoptosis, Cell Signaling, Proliferation of cells",None Found,Repression,5,2,1,0,2,,,,,1,
285,FOXA1,1,FOS,74,74,86,0,oncogene,0,0,1,0.0945945945945946,1,FOXA1,Oncogene,"Transcription regulation, Proliferation of cells",None Found,None Found,22,22,0,0,0,,,,,3,
286,GATA3,3,"ESR1,DLC1,MUC1",183,"72,52,59","89,2,10",0,cigene,0,0,0,,0,GATA3,Cigene,"Transcription regulation, Apoptosis, Proliferation of cells",None Found,Activation,18,12,1,4,1,,,,,5,
287,YY1,2,"ERBB2,SERPINE1",150,"79,71","31,24",0,oncogene,0,0,0,,0,YY1,Oncogene,Transcription regulation,None Found,Repression,1,1,0,0,0,,,,,4,
288,DUSP1,1,PGR,58,58,34,0,,0,0,0,,0,DUSP1,None Found,"Apoptosis, Cell Signaling, Proliferation of cells",-2.450636542,None Found,3,1,1,0,1,,,,,1,
289,ETS1,2,"MMP9,EGR1",147,"81,66","32,106",0,"oncogene, tumorsupressor, cigene",0,0,1,0.13636363636363635,1,ETS1,"Cigene, Tumorsupressor, Oncogene","Apoptosis, Cell Signaling, Proliferation of cells",None Found,Activation,11,2,5,0,4,,,,,3,
290,STAT5A,1,ESR1,72,72,89,0,tumorsupressor,0,0,0,,0,STAT5A,Tumorsupressor,"Apoptosis, Cell Signaling, Proliferation of cells",None Found,Unknown,12,7,2,2,1,,,,,2,
291,CREB1,4,"ERBB2,FOS,PLAT,JUN",159,"79,74,6","31,86,9,33",0,oncogene,0,0,1,0.0945945945945946,1,CREB1,Oncogene,Cell Signaling,None Found,Unknown,3,1,1,0,1,,,,,2,
292,IL6,1,EGR1,66,66,106,0,,0,0,1,0.13636363636363635,1,IL6,None Found,"Apoptosis, Cell Signaling, Proliferation of cells",-3.692904801,None Found,4,2,0,0,2,,,,,2,
293,STAT5B,1,ESR1,72,72,89,0,TF,0,0,0,,0,STAT5B,TF,"Apoptosis, Cell Signaling, Proliferation of cells",None Found,Unknown,7,4,1,1,1,,,,,2,
294,ESR1,72,"ESR1,KRT19,SERPINE1,FOS,PGR,ID4,XBP1,TWIST1,TP53,TFAP2C,STAT5B,STAT5A,SP1,RUNX2,PIAS3,NR2E3,NKX3-1,NCOR1,MTA1,MECP2,LEF1,KDM4B,HDAC9,HDAC7,HDAC1,GATA3,BRCA1,BARX2,BARD1,ARNT,NCOA7,NCOA2,PHB2,CCNT1,KDM1A,CARM1,NR0B2,PELP1,ZNF217,PPARGC1A,JUN,MAPK3,SMAD3,HSP90AA1,STAT1,SRC,IGF1,TERT,NCOR2,HSP90AB1,IGF1R,NRIP1,AKT1,CCND1,GAPDH,SMAD4,NOS3,PIK3CA,STK11,NCOA3,MED1,NCOA1,BCAR1,STUB1,MAPK1,MYC,EP300,CREBBP,FOXA1,TFF1,GREB1,JUNB",474,"72,54,71,74,58,52,1,2,4,2,1,1,13,1,2,1,2,1,2,1,2,1,1,1,6,3,5,1,1,3,1,1,6,3,2,1,4,3,1,1,4,4,1,1,1,1","89,6,24,86,34,6,1,2,5,2,2,2,10,1,3,1,3,2,3,1,2,1,1,2,6,5,5,1,1,2,1,1,1,1,2,1,2,1,1,1,33,4,4,3,3,5,3,1,2,2,1,2,2,2,1,2,1,4,1,3,2,2,1,2,4,1,6,1,3,1,1,9",26,TF,6,5,2,0.0472972972972973,1,ESR1,TF,"Apoptosis, Cell Signaling, Proliferation of cells",None Found,Activation,9,3,3,1,2,,,,,89,
295,SP1,13,"BIRC5,MMP9,KRT5,ESR1,ERBB2,KRT19,SERPINE1,EGR1,FOS,PGR,PLAT,ID4,KRT14",735,"74,81,54,72,79,54,71,66,74,58,52","26,32,5,89,31,6,24,106,86,34,9,6,4",0,TF,0,0,3,0.28419328419328416,3,SP1,TF,"Apoptosis, Cell Signaling, Proliferation of cells",None Found,Activation,5,3,1,0,1,,,,,10,
296,RELA,6,"BIRC5,MMP9,SERPINE1,EGR1,PGR,JUNB",351,"74,81,71,66,58,1","26,32,24,106,34,9",0,cigene,0,0,2,0.378992628992629,2,RELA,Cigene,"Apoptosis, Cell Signaling, Proliferation of cells",None Found,Repression,1,1,0,0,0,,,,,6,
297,ELK1,2,"ERBB2,FOS",153,"79,74","31,86",0,oncogene,0,0,1,0.0945945945945946,1,ELK1,Oncogene,"Apoptosis, Cell Signaling, Proliferation of cells",None Found,Unknown,8,4,4,0,0,,,,,2,
298,ETS2,2,"MMP9,EGR1",147,"81,66","32,106",0,oncogene,0,0,1,0.13636363636363635,1,ETS2,Oncogene,"Apoptosis, Cell Signaling, Proliferation of cells",None Found,Unknown,7,5,1,1,0,,,,,3,
299,ESR2,3,"SERPINE1,FOS,JUN",151,"71,74,6","24,86,33",0,"oncogene, tumorsupressor, cigene",0,0,1,0.0945945945945946,1,ESR2,"Cigene, Tumorsupressor, Oncogene",Cell Signaling,None Found,Unknown,6,4,0,0,2,,,,,2,
300,CCND1,4,"ESR1,EGR1,FOS,PGR",270,"72,66,74,58","89,106,86,34",0,"oncogene, cigene",0,0,2,0.11547911547911548,2,CCND1,"Cigene, Oncogene","Apoptosis, Cell Signaling, Proliferation of cells",None Found,None Found,1,0,0,0,1,,,,,2,
301,TNF,1,EGR1,66,66,106,0,,0,0,1,0.13636363636363635,1,TNF,None Found,"Apoptosis, Cell Signaling, Proliferation of cells",None Found,None Found,None Found,None Found,None Found,None Found,None Found,,,,,2,
302,JUND,2,"ERBB2,PLAT",79,79,"31,9",0,oncogene,0,0,0,,0,JUND,Oncogene,"Apoptosis, Cell Signaling, Proliferation of cells",None Found,Unknown,None Found,None Found,None Found,None Found,None Found,,,,,5,
303,EP300,4,"BIRC5,MMP9,ERBB2,EGR1",300,"74,81,79,66","26,32,31,106",0,TF,0,0,2,0.378992628992629,2,EP300,TF,Cell Signaling,None Found,Unknown,17,9,3,3,2,,,,,6,
304,CDK5R1,1,EGR1,66,66,106,0,,0,0,1,0.13636363636363635,1,CDK5R1,None Found,"Apoptosis, Proliferation of cells",None Found,None Found,1,0,1,0,0,,,,,2,
305,FOS,74,"MMP9,FOS,PGR,ESR1,ZBTB7A,TWIST2,TWIST1,TBP,STAT6,STAT3,SRF,SP1,SMARCA4,RBMX,RB1,NKX3-1,NF1,NCOA6,MITF,JUN,HSF2,HOPX,HMGN1,HDAC1,GTF2I,ESR2,ELK4,ELK1,CREM,CREB1,BRCA1,ARNT,AHR,TNFRSF11A,NFATC3,NFATC2,FOXA1,HIST1H2BA,H2AFZ,GATA3,MAPK10,MAPK9,YY1,DUSP1,MAPK3,ETS1,STAT5A,SMAD3,TP53,IL6,ATF2,STAT5B,EGR1,NR3C1,RELA,MAPK8,TGFB1,ETS2,TNFSF11,MAPK14,CCND1,TNF,JUND,CCL2,HMOX1,EP300,PPARG,NOTCH1,NFATC1,FOSB,GATA2,CEBPA,JUNB,MAPK1",472,"81,74,58,72,1,1,2,1,2,5,2,13,1,4,2,2,2,1,1,6,1,1,1,6,1,3,1,2,2,4,5,3,1,1,3,2,1,2,1,3,4,1,2,1,66,6,2,4,1,2,4,3,1","32,86,34,89,1,1,2,1,3,5,2,10,1,2,2,3,1,1,1,33,1,1,1,6,1,2,1,2,1,2,5,2,1,1,2,2,3,1,1,5,1,1,4,1,4,3,2,4,5,2,2,2,106,2,6,2,2,3,1,2,2,2,5,1,1,6,4,2,2,2,1,1,9,4",25,"oncogene, cigene",2,4,7,0.31285831285831284,4,FOS,"Cigene, Oncogene","Apoptosis, Cell Signaling, Proliferation of cells",-3.261178455,Unknown,3,1,1,0,1,,,,,86,
306,JUNB,1,ESR1,72,72,89,0,oncogene,0,0,0,,0,JUNB,Oncogene,"Apoptosis, Cell Signaling, Proliferation of cells",None Found,None Found,1,0,1,0,0,,,,,9,
307,HDAC1,6,"BIRC5,MMP9,ESR1,EGR1,FOS,CLDN7",421,"74,81,72,66,74,54","26,32,89,106,86,5",0,oncogene,0,0,4,0.24555237055237056,4,HDAC1,Oncogene,"Apoptosis, Cell Signaling, Proliferation of cells",None Found,Activation,10,3,4,2,1,,,,,6,
308,TP53,4,"BIRC5,ESR1,EGR1,FOS",286,"74,72,66,74","26,89,106,86",0,tumorsupressor,0,0,3,0.28419328419328416,3,TP53,Tumorsupressor,"Apoptosis, Cell Signaling, Proliferation of cells",None Found,Unknown,264,198,4,59,3,,,,,5,
309,MTA1,2,"MMP9,ESR1",153,"81,72","32,89",0,TF,0,0,0,,0,MTA1,TF,"Transcription regulation, Proliferation of cells",None Found,Repression,None Found,None Found,None Found,None Found,None Found,,,,,3,
310,JUN,6,"MMP9,FOS,PGR,ESR1,PLAT,JUN",291,"81,74,58,72,6","32,86,34,89,9,33",0,"oncogene, cigene",0,0,1,0.0945945945945946,1,JUN,"Cigene, Oncogene","Apoptosis, Cell Signaling, Proliferation of cells",None Found,Repression,1,0,0,0,1,,,,,33,
311,SNAI2,1,MMP9,81,81,32,0,TF,0,0,0,,0,SNAI2,TF,"Apoptosis, Cell Signaling, Proliferation of cells",None Found,Activation,1,0,0,0,1,,,,,2,
312,PPARG,3,"MMP9,SERPINE1,EGR1",218,"81,71,66","32,24,106",0,"oncogene, tumorsupressor, cigene",0,0,1,0.13636363636363635,1,PPARG,"Cigene, Tumorsupressor, Oncogene","Apoptosis, Cell Signaling, Proliferation of cells",-3.620634432,Unknown,5,5,0,0,0,,,,,4,
313,IRF1,1,MMP9,81,81,32,0,tumorsupressor,0,0,0,,0,IRF1,Tumorsupressor,"Apoptosis, Cell Signaling, Proliferation of cells",None Found,Unknown,2,1,0,0,1,,,,,2,
314,HDAC7,1,ESR1,72,72,89,0,TF,0,0,0,,0,HDAC7,TF,Proliferation of cells,None Found,Repression,2,0,1,0,1,,,,,2,
315,EGR1,66,"TP53,STAT6,STAT1,SP1,RELA,RBMX,NKX2-3,NFKB1,NAB2,MAML1,KLF5,HDAC1,FOXO1,ETS2,ETS1,BRCA1,ATF5,NFATC2,NFATC3,IRF8,IRF4,IRF2,STAT2,ISG15,IRF7,OASL,MX1,IFIT1,IFIT2,IRF5,IFI6,IFIT3,CDK5R1,FOS,MAPK3,IRF3,NFATC1,FOSB,JUNB,RNASEL,MAPK1,HDAC2,HDAC3,KDM1A,RBBP7,RBBP4,NR2E1,EZH2,RCOR1,HDAC5,MTA1,CHD4,CHD3,JUN,ATF2,EED,MTA3,EGR1,REST,SUZ12,SNAI1,SNAI2,PPARG,PHC3,IRF1,HDAC7",220,"4,2,2,13,6,4,1,6,1,1,4,6,1,2,2,5,1,1,74,1,1,2,6,2,66,1,3,1,1","5,3,3,10,6,2,1,4,1,1,4,6,1,3,3,5,1,2,2,1,1,1,1,1,1,1,1,1,1,1,1,1,2,86,4,1,2,2,9,1,4,1,1,2,1,1,1,2,1,1,3,1,1,33,2,1,1,106,1,1,2,2,4,1,2,2",34,tumorsupressor,4,1,9,0.1880971880971881,3,EGR1,Tumorsupressor,"Apoptosis, Proliferation of cells",-3.444520788,None Found,3,1,2,0,0,,,,,106,
316,ARNTL2,1,SERPINE1,71,71,24,0,TF,0,0,0,,0,ARNTL2,TF,"Transcription regulation, Proliferation of cells",None Found,Activation,1,1,0,0,0,,,,,1,
317,VEGFA,3,"ESR1,EGR1,PGR",196,"72,66,58","89,106,34",0,tumorsupressor,0,0,1,0.13636363636363635,1,VEGFA,Tumorsupressor,"Apoptosis, Cell Signaling, Proliferation of cells",None Found,None Found,4,0,0,0,4,,,,,3,
318,FN1,1,EGR1,66,66,106,0,,0,0,1,0.13636363636363635,1,FN1,None Found,"Apoptosis, Cell Signaling, Proliferation of cells",4.232064555,None Found,22,10,6,1,5,,,,,1,
319,PDGFB,1,EGR1,66,66,106,0,oncogene,0,0,1,0.13636363636363635,1,PDGFB,Oncogene,"Apoptosis, Cell Signaling, Proliferation of cells",None Found,None Found,3,1,0,0,2,,,,,1,
320,IGF2,1,EGR1,66,66,106,0,oncogene,0,0,1,0.13636363636363635,1,IGF2,Oncogene,"Apoptosis, Proliferation of cells",None Found,None Found,1,0,0,0,1,,,,,1,
321,SMAD3,3,"MMP9,SERPINE1,JUN",158,"81,71,6","32,24,33",0,tumorsupressor,0,0,0,,0,SMAD3,Tumorsupressor,"Apoptosis, Cell Signaling, Proliferation of cells",None Found,Activation,2,2,0,0,0,,,,,4,
322,PLAU,2,"EGR1,FOS",140,"66,74","106,86",0,,0,0,2,0.11547911547911548,2,PLAU,None Found,"Apoptosis, Cell Signaling, Proliferation of cells",None Found,None Found,2,0,1,0,1,,,,,1,
323,PLAUR,2,"EGR1,FOS",140,"66,74","106,86",0,cigene,0,0,2,0.11547911547911548,2,PLAUR,Cigene,"Apoptosis, Proliferation of cells",3.045628499,None Found,2,2,0,0,0,,,,,1,
324,SMAD7,2,"FOS,KRT14",74,74,"86,4",0,TF,0,0,1,0.0945945945945946,1,SMAD7,TF,"Apoptosis, Cell Signaling, Proliferation of cells",None Found,Repression,2,1,0,0,1,,,,,1,
325,SMAD4,3,"SERPINE1,FOS,JUN",151,"71,74,6","24,86,33",0,tumorsupressor,0,0,1,0.0945945945945946,1,SMAD4,Tumorsupressor,"Apoptosis, Cell Signaling, Proliferation of cells",None Found,Activation,8,3,0,3,2,,,,,2,
326,SERPINE1,71,"ESR1,YY1,USF1,TGIF1,SRF,SP1,SMAD4,SMAD3,RELA,PPARG,PPARA,PARP1,NR4A1,NR0B2,NFKB1,KLF5,KLF10,HSF1,HIF1A,ESR2,EPAS1,E2F1,ARNTL2,CLOCK,ARNTL,VLDLR,ITGAV,ITGB3,TGFB1,THBS1,EGF,SERPINE1,VEGFA,FN1,PLG,HGF,ALB,IGF1,A2M,SPARC,VWF,TGFB2,PF4,VEGFC,TGFB3,PDGFB,IGF2,PPBP,KNG1,AHSG,CFD,SERPINF2,SRGN,PROS1,F13A1,ORM1,ACTN4,F8,FGB,FGA,FGG,HRG,F5,PLAU,PLAUR,PLAT,SMAD2,LRP1,VTN,SMAD7,TIMP1",221,"72,2,2,1,2,13,3,3,6,3,2,2,1,1,6,4,1,2,3,3,1,4,1,71,3,1,1,1,2,2,2","89,4,1,1,2,10,2,4,6,4,2,1,1,2,4,4,1,1,2,2,1,2,1,1,1,1,1,1,2,2,2,24,3,1,2,1,1,3,2,1,1,1,1,1,1,1,1,2,1,1,1,1,1,1,1,1,1,1,1,1,1,1,1,1,1,9,1,1,1,1,2",45,,4,3,8,0.6458333333333334,4,SERPINE1,None Found,"Apoptosis, Cell Signaling, Proliferation of cells",None Found,None Found,12,3,4,2,3,,,,,24,
327,EGFR,3,"ESR1,EGR1,PGR",196,"72,66,58","89,106,34",0,"oncogene, cigene",0,0,1,0.13636363636363635,1,EGFR,"Cigene, Oncogene","Apoptosis, Cell Signaling, Proliferation of cells",None Found,None Found,17,9,6,0,2,,,,,2,
328,STAT3,5,"BIRC5,MMP9,MUC1,FOS,JUNB",289,"74,81,59,74,1","26,32,10,86,9",0,"oncogene, tumorsupressor, cigene",0,0,2,0.3581081081081081,2,STAT3,"Cigene, Tumorsupressor, Oncogene","Apoptosis, Cell Signaling, Proliferation of cells",None Found,Activation,8,7,1,0,0,,,,,5,
329,MUC1,59,"ZEB1,STAT3,PIAS4,PIAS3,PIAS2,PIAS1,HIF1A,GATA3,AR,ST3GAL4,EGFR,CLEC10A,ST3GAL2,ST6GALNAC4,ST3GAL1,ST3GAL3,ST6GALNAC3,GALNT13,GALNT18,ST6GALNAC2,MUC1,MUC16,MUC5B,MUC5AC,MUC4,MUC6,MUC7,MUC20,MUC13,MUC12,MUC17,MUC3A,MUC21,MUC15,MUCL1,B3GNT3,GCNT1,B3GNT6,C1GALT1,C1GALT1C1,GALNT6,GALNT4,GALNT15,GALNT7,GALNT3,GCNT3,GALNT5,GALNT8,GALNT10,GALNT12,GALNT2,GALNT14,GALNT16,GALNT1,GALNT9,GALNTL6,GALNTL5,GALNT11,ST6GAL1",85,"2,5,1,2,1,1,3,3,5,3,59","1,5,1,3,1,1,2,5,3,1,2,1,1,1,1,1,1,1,1,1,10,1,1,1,1,1,1,1,1,1,1,1,1,1,1,1,1,1,1,1,1,1,1,1,1,1,1,1,1,1,1,1,1,1,1,1,1,1,1",52,"oncogene, tumorsupressor",2,1,2,,0,MUC1,"Tumorsupressor, Oncogene","Apoptosis, Cell Signaling, Proliferation of cells",None Found,None Found,5,2,2,0,1,,,,,10,
330,ATF2,2,"PLAT,JUN",6,6,"9,33",0,Activation,0,0,0,,0,ATF2,Tumorsupressor,None Found,None Found,Activation,7,6,0,0,1,,,,,2,
331,WT1,2,"JUNB,JUN",7,"1,6","9,33",0,"TF, oncogene",0,0,0,,0,WT1,Oncogene,"Apoptosis, Proliferation of cells",13.34718918,Unknown,8,2,2,0,4,,,,,0,
332,ABL1,1,JUN,6,6,33,0,"Activation, oncogene",0,0,0,,0,ABL1,"Activation, Oncogene","Apoptosis, Proliferation of cells",None Found,Activation,7,4,1,1,1,,,,,0,
333,GLI1,1,JUN,6,6,33,0,"TF, cigene, oncogene",0,0,0,,0,GLI1,"Cigene, Oncogene","Apoptosis, Proliferation of cells",None Found,Unknown,5,4,1,0,0,,,,,0,
334,GLI2,1,JUN,6,6,33,0,"TF, oncogene",0,0,0,,0,GLI2,Oncogene,"Apoptosis, Proliferation of cells",None Found,Unknown,12,8,3,0,1,,,,,0,
335,HDAC3,1,JUN,6,6,33,0,Repression,0,0,0,,0,HDAC3,Repression,None Found,None Found,Repression,4,1,1,0,2,,,,,1,
336,HDAC4,1,JUN,6,6,33,0,Activation,0,0,0,,0,HDAC4,Activation,"Apoptosis, Proliferation of cells",None Found,Activation,7,4,2,0,1,,,,,0,
337,MEF2A,1,JUN,6,6,33,0,Activation,0,0,0,,0,MEF2A,Activation,Apoptosis,None Found,Activation,5,3,0,0,2,,,,,0,
338,MEF2C,1,JUN,6,6,33,0,"Activation, oncogene",0,0,0,,0,MEF2C,"Activation, Oncogene","Apoptosis, Proliferation of cells",None Found,Activation,9,3,1,1,4,,,,,0,
339,MEF2D,1,JUN,6,6,33,0,Activation,0,0,0,,0,MEF2D,Activation,"Apoptosis, Proliferation of cells",None Found,Activation,2,2,0,0,0,,,,,0,
340,NFIC,1,JUN,6,6,33,0,TF,0,0,0,,0,NFIC,TF,"Apoptosis, Proliferation of cells",None Found,Unknown,2,1,0,1,0,,,,,0,
341,NFRKB,1,JUN,6,6,33,0,Activation,0,0,0,,0,NFRKB,Activation,None Found,None Found,Activation,5,5,0,0,0,,,,,0,
342,PITX1,1,JUN,6,6,33,0,Repression,0,0,0,,0,PITX1,Repression,morbidity or mortality,4.212824238,Repression,None Found,None Found,None Found,None Found,None Found,,,,,0,
343,RUNX1,1,JUN,6,6,33,0,"Activation, oncogene",0,0,0,,0,RUNX1,"Activation, Oncogene","Apoptosis, Proliferation of cells",None Found,Activation,21,14,2,3,2,,,,,0,
344,TNFAIP3,1,JUN,6,6,33,0,Repression,0,0,0,,0,TNFAIP3,Repression,"Apoptosis, Proliferation of cells",None Found,Repression,7,3,3,1,0,,,,,0,
345,ZNF382,1,JUN,6,6,33,0,"Repression, tumorsupressor",0,0,0,,0,ZNF382,"Repression, Tumorsupressor",None Found,None Found,Repression,6,4,1,1,0,,,,,0,
346,ZNF383,1,JUN,6,6,33,0,Repression,0,0,0,,0,ZNF383,Repression,None Found,None Found,Repression,4,2,1,1,0,,,,,0,
347,MEN1,1,JUND,2,2,5,0,Repression,0,0,0,,0,MEN1,Repression,"Apoptosis, Proliferation of cells",None Found,Repression,9,5,2,1,1,,,,,0,
348,ZIC1,1,JUND,2,2,5,0,Activation,0,0,0,,0,ZIC1,Activation,"Apoptosis, Proliferation of cells",None Found,Activation,4,2,1,0,1,,,,,0,
