Genes (Node 1),1-hop directly regulating (degree centrality),1-hop directly regulating genes,2-hop directly regulating,2-hop directly regulating.1,Regulating Mutually Exclusively (ones array),ME,ME score,ME weighted averaged,ME score,ME Non TS or O,ME oncogene,ME TS,1-hop Causal,2-hop Causal,2-hop Cascade,Protein,Classification,Class score,Function (discrete),Gene Expression,TF (type) (TRRUST),Mutation Count (TCGA),Mut Score,Moderate mutations,Moderate mutations,Low Mutations,Low Mutations,High Mutations,High Mutations,Modifier Mutations,Modifier Mutations,MT score (intensity),Combination gene reguation (regulated by this # genes),Final Score
PRL,1,PGR,58,58,34,0,0,0,0,0,0,0,0,,0,PRL,None Found,,Cell Signaling,None Found,None Found,0,0,0,0,0,0,0,0,0,0,0,0,0
TFF1,1,ESR1,72,72,89,0,0,0,0,0,0,0,0,,0,TFF1,None Found,,"Apoptosis, Cell Signaling, Proliferation of cells",None Found,None Found,0,0,0,0,0,0,0,0,0,0,0,1,0
MTA1,2,"MMP9,ESR1",153,"81,72","32,89",0,0,0,0,0,0,0,0,,0,MTA1,TF,,"Transcription regulation, Proliferation of cells",None Found,Repression,0,0,0,0,0,0,0,0,0,0,0,3,0
IGFBP1,1,PGR,58,58,34,0,0,0,0,0,0,0,0,,0,IGFBP1,None Found,,"Apoptosis, Cell Signaling, Proliferation of cells",None Found,None Found,1,0.003787878788,0,0,1,1,0,0,0,0,0.1,0,0.01305239899
CYP19A1,2,"ESR1,PGR",130,"72,58","89,34",0,0,0,0,0,0,0,0,,0,CYP19A1,None Found,,"Apoptosis, Proliferation of cells",None Found,None Found,3,0.01136363636,0,0,2,0.6666666667,0,0,1,0.3333333333,0.1666666667,0,0.0224905303
PIAS4,1,MUC1,59,59,10,0,0,0,0,0,0,0,0,,0,PIAS4,TF,,Cell Signaling,None Found,Repression,4,0.01515151515,3,0.75,1,0.25,0,0,0,0,0.175,1,0.02408459596
RLN2,1,PGR,58,58,34,0,0,0,0,0,0,0,0,,0,RLN2,None Found,,"Apoptosis, Cell Signaling, Proliferation of cells",None Found,None Found,4,0.01515151515,3,0.75,1,0.25,0,0,0,0,0.175,0,0.02408459596
ATF7,1,ERBB2,79,79,31,0,0,0,0,0,0,0,0,,0,ATF7,TF,,"Transcription regulation, Apoptosis",None Found,Unknown,1,0.003787878788,1,1,0,0,0,0,0,0,0.2,1,0.02555239899
RLN1,1,PGR,58,58,34,0,0,0,0,0,0,0,0,,0,RLN1,None Found,,Cell Signaling,None Found,None Found,1,0.003787878788,1,1,0,0,0,0,0,0,0.2,0,0.02555239899
CTSD,1,ESR1,72,72,89,0,0,0,0,0,0,0,0,,0,CTSD,None Found,,"Apoptosis, Cell Signaling, Proliferation of cells",None Found,None Found,1,0.003787878788,1,1,0,0,0,0,0,0,0.2,1,0.02555239899
ARNTL2,1,SERPINE1,71,71,24,0,0,0,0,0,0,0,0,,0,ARNTL2,TF,,"Transcription regulation, Proliferation of cells",None Found,Activation,1,0.003787878788,1,1,0,0,0,0,0,0,0.2,1,0.02555239899
SP2,1,MMP9,81,81,32,0,0,0,0,0,0,0,0,,0,SP2,TF,,"Apoptosis, Cell Signaling",None Found,Repression,2,0.007575757576,2,1,0,0,0,0,0,0,0.2,1,0.02610479798
NFIL3,1,PGR,58,58,34,0,0,0,0,0,0,0,0,,0,NFIL3,TF,,"Transcription regulation, Apoptosis, Proliferation of cells",None Found,Unknown,2,0.007575757576,2,1,0,0,0,0,0,0,0.2,1,0.02610479798
HDAC7,1,ESR1,72,72,89,0,0,0,0,0,0,0,0,,0,HDAC7,TF,,Proliferation of cells,None Found,Repression,2,0.007575757576,0,0,1,0.5,0,0,1,0.5,0.2,2,0.02610479798
HSF1,2,"SERPINE1,JUN",77,"71,6","24,33",0,0,0,0,0,0,0,0,,0,HSF1,TF,,None Found,None Found,Activation,3,0.01136363636,3,1,0,0,0,0,0,0,0.2,1,0.02665719697
DUSP1,1,PGR,58,58,34,0,0,0,0,0,0,0,0,,0,DUSP1,None Found,,"Apoptosis, Cell Signaling, Proliferation of cells",-2.450636542,None Found,3,0.01136363636,1,0.3333333333,1,0.3333333333,0,0,1,0.3333333333,0.2,1,0.02665719697
HOXA5,1,PGR,58,58,34,0,0,0,0,0,0,0,0,,0,HOXA5,TF,,"Transcription regulation, Apoptosis, Proliferation of cells",-2.87805321,Activation,5,0.01893939394,3,0.6,1,0.2,0,0,1,0.2,0.2,1,0.02776199495
PTGER2,1,PGR,58,58,34,0,0,0,0,0,0,0,0,,0,PTGER2,None Found,,"Apoptosis, Cell Signaling, Proliferation of cells",None Found,None Found,5,0.01893939394,2,0.4,2,0.4,1,0.2,0,0,0.2,0,0.02776199495
GREB1,1,ESR1,72,72,89,0,0,0,0,0,0,0,0,,0,GREB1,None Found,,None Found,None Found,None Found,11,0.04166666667,3,0.2727272727,5,0.4545454545,1,0.09090909091,2,0.1818181818,0.1909090909,1,0.02994002525
ECD,1,ERBB2,79,79,31,0,0,0,0,0,0,0,0,,0,ECD,TF,,Transcription regulation,None Found,Activation,5,0.01893939394,3,0.6,1,0.2,1,0.2,0,0,0.22,1,0.03026199495
TFAP2C,2,"ESR1,ERBB2",151,"72,79","89,31",0,0,0,0,0,0,0,0,,0,TFAP2C,TF,,"Transcription regulation, Apoptosis, Proliferation of cells",None Found,Unknown,4,0.01515151515,3,0.75,0,0,0,0,1,0.25,0.225,2,0.03033459596
PIAS2,1,MUC1,59,59,10,0,0,0,0,0,0,0,0,,0,PIAS2,TF,,"Apoptosis, Cell Signaling, Proliferation of cells",None Found,Repression,6,0.02272727273,5,0.8333333333,0,0,0,0,1,0.1666666667,0.2166666667,1,0.03039772727
CCNA2,1,ESR1,72,72,89,0,0,0,0,0,0,0,0,,0,CCNA2,None Found,,"Apoptosis, Cell Signaling, Proliferation of cells",3.73577511,None Found,6,0.02272727273,5,0.8333333333,0,0,0,0,1,0.1666666667,0.2166666667,1,0.03039772727
STAT5B,1,ESR1,72,72,89,0,0,0,0,0,0,0,0,,0,STAT5B,TF,,"Apoptosis, Cell Signaling, Proliferation of cells",None Found,Unknown,7,0.02651515152,4,0.5714285714,1,0.1428571429,1,0.1428571429,1,0.1428571429,0.2285714286,2,0.0324382215
ELF1,1,ERBB2,79,79,31,0,0,0,0,0,0,0,0,,0,ELF1,TF,,"Transcription regulation, Proliferation of cells",None Found,Unknown,8,0.0303030303,4,0.5,1,0.125,1,0.125,2,0.25,0.2375,1,0.03410669192
ATP1B1,1,PGR,58,58,34,0,0,0,0,0,0,0,0,,0,ATP1B1,None Found,,Cell Signaling,None Found,None Found,7,0.02651515152,1,0.1428571429,2,0.2857142857,1,0.1428571429,3,0.4285714286,0.2428571429,0,0.03422393579
PARP1,2,"SERPINE1,JUN",77,"71,6","24,33",0,0,0,0,0,0,0,0,,0,PARP1,TF,,"Apoptosis, Proliferation of cells",None Found,Activation,12,0.04545454545,7,0.5833333333,2,0.1666666667,2,0.1666666667,1,0.08333333333,0.225,1,0.03475378788
TGIF1,1,SERPINE1,71,71,24,0,0,0,0,0,0,0,0,,0,TGIF1,TF,,"Cell Signaling, Proliferation of cells",None Found,Repression,3,0.01136363636,1,0.3333333333,0,0,0,0,2,0.6666666667,0.2666666667,1,0.0349905303
KLK4,1,PGR,58,58,34,0,0,0,0,0,0,0,0,,0,KLK4,None Found,,"Cell Signaling, Proliferation of cells",6.920792888,None Found,3,0.01136363636,1,0.3333333333,0,0,0,0,2,0.6666666667,0.2666666667,0,0.0349905303
TGFA,1,ESR1,72,72,89,0,0,0,0,0,0,0,0,,0,TGFA,None Found,,"Apoptosis, Cell Signaling, Proliferation of cells",None Found,None Found,3,0.01136363636,1,0.3333333333,0,0,0,0,2,0.6666666667,0.2666666667,1,0.0349905303
PIAS3,2,"ESR1,MUC1",131,"72,59","89,10",0,0,0,0,0,0,0,0,,0,PIAS3,TF,,"Apoptosis, Cell Signaling, Proliferation of cells",None Found,Repression,3,0.01136363636,1,0.3333333333,0,0,0,0,2,0.6666666667,0.2666666667,3,0.0349905303
USF1,2,"SERPINE1,ID4",123,"71,52","24,6",0,0,0,0,0,0,0,0,,0,USF1,TF,,Transcription regulation,None Found,Activation,7,0.02651515152,2,0.2857142857,1,0.1428571429,1,0.1428571429,3,0.4285714286,0.2571428571,1,0.03600965007
SNAI2,1,MMP9,81,81,32,0,0,0,0,0,0,0,0,,0,SNAI2,TF,,"Apoptosis, Cell Signaling, Proliferation of cells",None Found,Activation,1,0.003787878788,0,0,0,0,0,0,1,1,0.3,2,0.03805239899
PURA,1,ERBB2,79,79,31,0,0,0,0,0,0,0,0,,0,PURA,TF,,Transcription regulation,None Found,Unknown,2,0.007575757576,0,0,0,0,0,0,2,1,0.3,1,0.03860479798
GABPA,1,ERBB2,79,79,31,0,0,0,0,0,0,0,0,,0,GABPA,TF,,Transcription regulation,None Found,Unknown,2,0.007575757576,0,0,0,0,0,0,2,1,0.3,1,0.03860479798
NFIC,1,JUN,6,6,33,0,0,0,0,0,0,0,0,,0,NFIC,TF,,"Apoptosis, Proliferation of cells",None Found,Unknown,2,0.007575757576,1,0.5,0,0,1,0.5,0,0,0.3,0,0.03860479798
KLF9,1,PGR,58,58,34,0,0,0,0,0,0,0,0,,0,KLF9,TF,,"Transcription regulation, Apoptosis, Proliferation of cells",None Found,Unknown,3,0.01136363636,0,0,0,0,0,0,3,1,0.3,1,0.03915719697
KRT5,54,"TFAP2A,SP1,BRCA1,KRT79,KRT4,KRT78,KRT6B,KRT77,KRT72,KRT6A,KRT82,KRT3,KRT2,KRT6C,KRT17,KRT80,KRT74,KRT81,KRT28,KRT25,KRT76,KRT35,KRT71,KRT15,KRT1,KRT5,KRT14,KRT86,KRT84,KRT32,KRT27,KRT38,KRT33B,KRT16,KRT75,KRT8,KRT7,KRT37,KRT39,KRT40,KRT36,KRT13,KRT26,KRT31,KRT23,KRT9,KRT10,KRT24,KRT34,KRT12,KRT18,KRT19,KRT20,KRT33A",129,"3,13,5,54,54","3,10,5,2,2,2,2,2,2,2,2,2,2,2,2,2,2,2,2,1,2,1,2,2,2,5,4,2,2,2,1,2,1,2,2,3,2,2,1,2,2,2,2,1,2,2,2,2,2,2,3,6,2,2",6,1.2,1.2,0.0002222222222,6,0,0,0.09259259259,,0,KRT5,None Found,,None Found,None Found,None Found,4,0.01515151515,2,0.5,2,0.5,0,0,0,0,0.15,5,0.04028212682
ESR1,72,"ESR1,KRT19,SERPINE1,FOS,PGR,ID4,XBP1,TWIST1,TP53,TFAP2C,STAT5B,STAT5A,SP1,RUNX2,PIAS3,NR2E3,NKX3-1,NCOR1,MTA1,MECP2,LEF1,KDM4B,HDAC9,HDAC7,HDAC1,GATA3,BRCA1,BARX2,BARD1,ARNT,NCOA7,NCOA2,PHB2,CCNT1,KDM1A,CARM1,NR0B2,PELP1,ZNF217,PPARGC1A,JUN,MAPK3,SMAD3,HSP90AA1,STAT1,SRC,IGF1,TERT,NCOR2,HSP90AB1,IGF1R,NRIP1,AKT1,CCND1,GAPDH,SMAD4,NOS3,PIK3CA,STK11,NCOA3,MED1,NCOA1,BCAR1,STUB1,MAPK1,MYC,EP300,CREBBP,FOXA1,TFF1,GREB1,JUNB",474,"72,54,71,74,58,52,1,2,4,2,1,1,13,1,2,1,2,1,2,1,2,1,1,1,6,3,5,1,1,3,1,1,6,3,2,1,4,3,1,1,4,4,1,1,1,1","89,6,24,86,34,6,1,2,5,2,2,2,10,1,3,1,3,2,3,1,2,1,1,2,6,5,5,1,1,2,1,1,1,1,2,1,2,1,1,1,33,4,4,3,3,5,3,1,2,2,1,2,2,2,1,2,1,4,1,3,2,2,1,2,4,1,6,1,3,1,1,9",26,7.4,7.4,0.001027777778,15,6,5,0.02777777778,0.0472972973,0.5,ESR1,TF,,"Apoptosis, Cell Signaling, Proliferation of cells",None Found,Activation,9,0.03409090909,3,0.3333333333,3,0.3333333333,1,0.1111111111,2,0.2222222222,0.2111111111,89,0.0471510047
KRT19,54,"ESR1,SP1,KLF4,MAPK11,MAPK14,EPCAM,KRT79,KRT4,KRT78,KRT6B,KRT73,KRT77,KRT72,KRT85,KRT6A,KRT82,KRT3,KRT2,KRT6C,KRT17,KRT80,KRT74,KRT81,KRT28,KRT76,KRT71,KRT15,KRT1,KRT5,KRT14,KRT86,KRT84,KRT32,KRT38,KRT16,KRT75,KRT8,KRT7,KRT37,KRT40,KRT83,KRT36,KRT13,KRT26,KRT23,KRT9,KRT10,KRT24,KRT34,KRT12,KRT18,KRT19,KRT20,KRT33A",195,"72,13,2,54,54","89,10,2,1,2,2,2,2,2,2,1,2,2,1,2,2,2,2,2,2,2,2,2,2,2,2,2,2,5,4,2,2,2,2,2,2,3,2,2,2,1,2,2,2,2,2,2,2,2,2,3,6,2,2",4,0.8,0.8,0.0001481481481,4,0,0,0.09259259259,,0,KRT19,None Found,,Proliferation of cells,None Found,None Found,5,0.01893939394,3,0.6,1,0.2,1,0.2,0,0,0.22,6,0.04957372334
CLDN7,54,"RUNX3,HDAC1,ELF3,CTBP1,ING1,RPL23,M1AP,PI4K2B,PKP3,PRSS8,SPINT1,ST14,TACSTD2,CD81,SCARB1,CCDC102A,CDH1,EPCAM,KRT19,KRT18,RAB25,KRT8,SNAI1,CLDN12,CLDN23,CLDN14,CLDN16,CLDN5,CLDN6,CLDN2,CLDN19,CLDN3,CLDN9,CLDN10,CLDN4,CLDN18,CLDN8,CLDN15,CLDN1,CLDN17,CLDN22,CLDN7,CLDN20,OCLN,ESAM,CLDN25,TJP1,CLDN24,F11R,TJP3,TJP2,WNK4,MARVELD2,CLDN11",120,"2,6,2,1,1,54,54","2,6,2,1,1,1,1,1,1,1,1,1,1,1,1,1,3,2,6,3,1,3,2,1,1,1,1,1,1,1,1,1,1,1,1,1,1,1,1,1,1,5,1,1,1,1,1,1,1,1,1,1,1,1",44,9.8,9.8,0.001814814815,39,2,3,0.1296296296,0.1296296296,0.1428571429,CLDN7,None Found,,"Apoptosis, Proliferation of cells",0.4289850751,None Found,0,0,0,0,0,0,0,0,0,0,0,5,0.05427700617
NCOR1,1,ESR1,72,72,89,0,0,0,0,0,0,0,0,,0,NCOR1,TF,,Cell Signaling,None Found,Repression,44,0.1666666667,22,0.5,2,0.04545454545,19,0.4318181818,1,0.02272727273,0.2840909091,2,0.05981691919
TAC3,1,ESR1,72,72,89,0,0,0,0,0,0,0,0,,0,TAC3,Tumorsupressor,0.5,Proliferation of cells,None Found,None Found,0,0,0,0,0,0,0,0,0,0,0,0,0.08333333333
OXT,1,ESR1,72,72,89,0,0,0,0,0,0,0,0,,0,OXT,Oncogene,0.5,"Cell Signaling, Proliferation of cells",None Found,None Found,0,0,0,0,0,0,0,0,0,0,0,0,0.08333333333
CXCL12,1,ESR1,72,72,89,0,0,0,0,0,0,0,0,,0,CXCL12,Tumorsupressor,0.5,"Apoptosis, Cell Signaling, Proliferation of cells",None Found,None Found,0,0,0,0,0,0,0,0,0,0,0,0,0.08333333333
CD24,1,ESR1,72,72,89,0,0,0,0,0,0,0,0,,0,CD24,Oncogene,0.5,None Found,None Found,None Found,0,0,0,0,0,0,0,0,0,0,0,0,0.08333333333
BTG2,1,ESR1,72,72,89,0,0,0,0,0,0,0,0,,0,BTG2,Tumorsupressor,0.5,"Apoptosis, Proliferation of cells",None Found,None Found,0,0,0,0,0,0,0,0,0,0,0,0,0.08333333333
AVP,1,ESR1,72,72,89,0,0,0,0,0,0,0,0,,0,AVP,Oncogene,0.5,Cell Signaling,None Found,None Found,0,0,0,0,0,0,0,0,0,0,0,0,0.08333333333
ETV4,1,ERBB2,79,79,31,0,0,0,0,0,0,0,0,,0,ETV4,Oncogene,0.5,"Transcriptional misregulation, Proliferation of cells",None Found,Repression,0,0,0,0,0,0,0,0,0,0,0,1,0.08333333333
IRS2,1,PGR,58,58,34,0,0,0,0,0,0,0,0,,0,IRS2,Oncogene,0.5,"Apoptosis, Cell Signaling, Proliferation of cells",-0.9311499934,None Found,0,0,0,0,0,0,0,0,0,0,0,0,0.08333333333
IL10,1,PGR,58,58,34,0,0,0,0,0,0,0,0,,0,IL10,Cigene,0.5,"Apoptosis, Cell Signaling, Proliferation of cells",None Found,None Found,0,0,0,0,0,0,0,0,0,0,0,0,0.08333333333
BCL2,2,"ESR1,PGR",130,"72,58","89,34",0,0,0,0,0,0,0,0,,0,BCL2,Oncogene,0.5,"Apoptosis, Cell Signaling, Proliferation of cells",None Found,None Found,0,0,0,0,0,0,0,0,0,0,0,0,0.08333333333
JUND,2,"ERBB2,PLAT",79,79,"31,9",0,0,0,0,0,0,0,0,,0,JUND,Oncogene,0.5,"Apoptosis, Cell Signaling, Proliferation of cells",None Found,Unknown,0,0,0,0,0,0,0,0,0,0,0,5,0.08333333333
PITX1,1,JUN,6,6,33,0,0,0,0,0,0,0,0,,0,PITX1,Repression,0.5,None Found,4.212824238,Repression,0,0,0,0,0,0,0,0,0,0,0,0,0.08333333333
ESRRA,1,ESR1,72,72,89,0,0,0,0,0,0,0,0,,0,ESRRA,Tumorsupressor,0.5,Proliferation of cells,None Found,None Found,1,0.003787878788,0,0,1,1,0,0,0,0,0.1,0,0.09638573232
JUNB,1,ESR1,72,72,89,0,0,0,0,0,0,0,0,,0,JUNB,Oncogene,0.5,"Apoptosis, Cell Signaling, Proliferation of cells",None Found,None Found,1,0.003787878788,0,0,1,1,0,0,0,0,0.1,9,0.09638573232
NR4A1,1,SERPINE1,71,71,24,0,0,0,0,0,0,0,0,,0,NR4A1,Tumorsupressor,0.5,"Apoptosis, Cell Signaling, Proliferation of cells",None Found,Unknown,4,0.01515151515,2,0.5,2,0.5,0,0,0,0,0.15,1,0.1042929293
NR2E3,1,ESR1,72,72,89,0,0,0,0,0,0,0,0,,0,NR2E3,Oncogene,0.5,None Found,None Found,Unknown,3,0.01136363636,2,0.6666666667,1,0.3333333333,0,0,0,0,0.1666666667,1,0.1058238636
YBX1,1,ERBB2,79,79,31,0,0,0,0,0,0,0,0,,0,YBX1,Oncogene,0.5,"Apoptosis, Proliferation of cells",None Found,Activation,3,0.01136363636,2,0.6666666667,1,0.3333333333,0,0,0,0,0.1666666667,1,0.1058238636
RARA,1,ESR1,72,72,89,0,0,0,0,0,0,0,0,,0,RARA,Oncogene,0.5,"Apoptosis, Cell Signaling, Proliferation of cells",None Found,None Found,5,0.01893939394,1,0.2,3,0.6,0,0,1,0.2,0.16,0,0.1060953283
MMP13,1,ESR1,72,72,89,0,0,0,0,0,0,0,0,,0,MMP13,Cigene,0.5,Cell Signaling,10.23270762,None Found,5,0.01893939394,3,0.6,2,0.4,0,0,0,0,0.16,0,0.1060953283
XRCC6,1,ERBB2,79,79,31,0,0,0,0,0,0,0,0,,0,XRCC6,Tumorsupressor,0.5,"Apoptosis, Proliferation of cells",None Found,Unknown,5,0.01893939394,3,0.6,2,0.4,0,0,0,0,0.16,1,0.1060953283
SERPINB9,1,ESR1,72,72,89,0,0,0,0,0,0,0,0,,0,SERPINB9,Oncogene,0.5,"Apoptosis, Proliferation of cells",None Found,None Found,6,0.02272727273,4,0.6666666667,2,0.3333333333,0,0,0,0,0.1666666667,0,0.1074810606
CYP2C19,1,ESR1,72,72,89,0,0,0,0,0,0,0,0,,0,CYP2C19,Tumorsupressor,0.5,Drug metabolism,None Found,None Found,8,0.0303030303,5,0.625,3,0.375,0,0,0,0,0.1625,0,0.1080650253
GLI1,1,JUN,6,6,33,0,0,0,0,0,0,0,0,,0,GLI1,"Cigene, Oncogene",0.5,"Apoptosis, Proliferation of cells",None Found,Unknown,5,0.01893939394,4,0.8,1,0.2,0,0,0,0,0.18,0,0.1085953283
CIITA,1,MMP9,81,81,32,0,0,0,0,0,0,0,0,,0,CIITA,Oncogene,0.5,"Apoptosis, Proliferation of cells",None Found,Repression,7,0.02651515152,5,0.7142857143,2,0.2857142857,0,0,0,0,0.1714285714,1,0.1086286977
TYMS,1,ESR1,72,72,89,0,0,0,0,0,0,0,0,,0,TYMS,Oncogene,0.5,"Apoptosis, Proliferation of cells",3.472520694,None Found,1,0.003787878788,1,1,0,0,0,0,0,0,0.2,0,0.1088857323
CDK4,1,ESR1,72,72,89,0,0,0,0,0,0,0,0,,0,CDK4,Oncogene,0.5,"Apoptosis, Cell Signaling, Proliferation of cells",None Found,None Found,1,0.003787878788,1,1,0,0,0,0,0,0,0.2,0,0.1088857323
AMH,1,ESR1,72,72,89,0,0,0,0,0,0,0,0,,0,AMH,Tumorsupressor,0.5,"Apoptosis, Cell Signaling, Proliferation of cells",None Found,None Found,1,0.003787878788,1,1,0,0,0,0,0,0,0.2,0,0.1088857323
XRCC5,1,ERBB2,79,79,31,0,0,0,0,0,0,0,0,,0,XRCC5,Tumorsupressor,0.5,None Found,None Found,Unknown,1,0.003787878788,1,1,0,0,0,0,0,0,0.2,1,0.1088857323
GATA4,1,ERBB2,79,79,31,0,0,0,0,0,0,0,0,,0,GATA4,Tumorsupressor,0.5,"Apoptosis, Cell Signaling, Proliferation of cells",None Found,Repression,1,0.003787878788,1,1,0,0,0,0,0,0,0.2,1,0.1088857323
YY1,2,"ERBB2,SERPINE1",150,"79,71","31,24",0,0,0,0,0,0,0,0,,0,YY1,Oncogene,0.5,Transcription regulation,None Found,Repression,1,0.003787878788,1,1,0,0,0,0,0,0,0.2,4,0.1088857323
BARX2,1,ESR1,72,72,89,0,0,0,0,0,0,0,0,,0,BARX2,Tumorsupressor,0.5,Proliferation of cells,None Found,Unknown,2,0.007575757576,2,1,0,0,0,0,0,0,0.2,1,0.1094381313
UGT1A4,1,ESR1,72,72,89,0,0,0,0,0,0,0,0,,0,UGT1A4,Tumorsupressor,0.5,None Found,None Found,None Found,2,0.007575757576,2,1,0,0,0,0,0,0,0.2,0,0.1094381313
MDM2,1,ESR1,72,72,89,0,0,0,0,0,0,0,0,,0,MDM2,Oncogene,0.5,"Apoptosis, Cell Signaling, Proliferation of cells",None Found,None Found,2,0.007575757576,2,1,0,0,0,0,0,0,0.2,0,0.1094381313
HTRA2,1,ESR1,72,72,89,0,0,0,0,0,0,0,0,,0,HTRA2,Tumorsupressor,0.5,Apoptosis,None Found,None Found,2,0.007575757576,0,0,1,0.5,0,0,1,0.5,0.2,0,0.1094381313
ATF1,1,ERBB2,79,79,31,0,0,0,0,0,0,0,0,,0,ATF1,Oncogene,0.5,Transcriptional misregulation,None Found,Unknown,2,0.007575757576,2,1,0,0,0,0,0,0,0.2,1,0.1094381313
SMAD3,3,"MMP9,SERPINE1,JUN",158,"81,71,6","32,24,33",0,0,0,0,0,0,0,0,,0,SMAD3,Tumorsupressor,0.5,"Apoptosis, Cell Signaling, Proliferation of cells",None Found,Activation,2,0.007575757576,2,1,0,0,0,0,0,0,0.2,4,0.1094381313
MEF2D,1,JUN,6,6,33,0,0,0,0,0,0,0,0,,0,MEF2D,Activation,0.5,"Apoptosis, Proliferation of cells",None Found,Activation,2,0.007575757576,2,1,0,0,0,0,0,0,0.2,0,0.1094381313
TFAP2B,1,ERBB2,79,79,31,0,0,0,0,0,0,0,0,,0,TFAP2B,Oncogene,0.5,"Apoptosis, Proliferation of cells",None Found,Unknown,6,0.02272727273,3,0.5,2,0.3333333333,0,0,1,0.1666666667,0.1833333333,1,0.1095643939
PELP1,1,ESR1,72,72,89,0,0,0,0,0,0,0,0,,0,PELP1,Oncogene,0.5,None Found,None Found,None Found,6,0.02272727273,5,0.8333333333,1,0.1666666667,0,0,0,0,0.1833333333,1,0.1095643939
VDR,1,ERBB2,79,79,31,0,0,0,0,0,0,0,0,,0,VDR,Tumorsupressor,0.5,"Apoptosis, Proliferation of cells",None Found,Unknown,3,0.01136363636,1,0.3333333333,1,0.3333333333,0,0,1,0.3333333333,0.2,1,0.1099905303
PIAS1,1,MUC1,59,59,10,0,0,0,0,0,0,0,0,,0,PIAS1,Tumorsupressor,0.5,Cell Signaling,None Found,Repression,3,0.01136363636,3,1,0,0,0,0,0,0,0.2,1,0.1099905303
HDAC4,1,JUN,6,6,33,0,0,0,0,0,0,0,0,,0,HDAC4,Activation,0.5,"Apoptosis, Proliferation of cells",None Found,Activation,7,0.02651515152,4,0.5714285714,2,0.2857142857,0,0,1,0.1428571429,0.1857142857,0,0.110414412
TNFAIP3,1,JUN,6,6,33,0,0,0,0,0,0,0,0,,0,TNFAIP3,Repression,0.5,"Apoptosis, Proliferation of cells",None Found,Repression,7,0.02651515152,3,0.4285714286,3,0.4285714286,1,0.1428571429,0,0,0.1857142857,0,0.110414412
KDR,1,ESR1,72,72,89,0,0,0,0,0,0,0,0,,0,KDR,Cigene,0.5,"Apoptosis, Cell Signaling, Proliferation of cells",None Found,None Found,9,0.03409090909,7,0.7777777778,2,0.2222222222,0,0,0,0,0.1777777778,0,0.1105271465
NRF1,1,ESR1,72,72,89,0,0,0,0,0,0,0,0,,0,NRF1,Tumorsupressor,0.5,Cell Signaling,None Found,None Found,4,0.01515151515,2,0.5,1,0.25,0,0,1,0.25,0.2,0,0.1105429293
DCT,1,ESR1,72,72,89,0,0,0,0,0,0,0,0,,0,DCT,Tumorsupressor,0.5,Drug metabolism,-11.07460299,None Found,4,0.01515151515,4,1,0,0,0,0,0,0,0.2,0,0.1105429293
CYP1B1,1,ESR1,72,72,89,0,0,0,0,0,0,0,0,,0,CYP1B1,Tumorsupressor,0.5,"Apoptosis, Proliferation of cells",None Found,None Found,4,0.01515151515,2,0.5,1,0.25,0,0,1,0.25,0.2,0,0.1105429293
ZIC1,1,JUND,2,2,5,0,0,0,0,0,0,0,0,,0,ZIC1,Activation,0.5,"Apoptosis, Proliferation of cells",None Found,Activation,4,0.01515151515,2,0.5,1,0.25,0,0,1,0.25,0.2,0,0.1105429293
NFRKB,1,JUN,6,6,33,0,0,0,0,0,0,0,0,,0,NFRKB,Activation,0.5,None Found,None Found,Activation,5,0.01893939394,5,1,0,0,0,0,0,0,0.2,0,0.1110953283
RET,1,ESR1,72,72,89,0,0,0,0,0,0,0,0,,0,RET,Oncogene,0.5,"Apoptosis, Cell Signaling, Proliferation of cells",None Found,None Found,8,0.0303030303,7,0.875,1,0.125,0,0,0,0,0.1875,0,0.1111900253
UGT2B15,1,ESR1,72,72,89,0,0,0,0,0,0,0,0,,0,UGT2B15,Oncogene,0.5,Proliferation of cells,None Found,None Found,6,0.02272727273,3,0.5,2,0.3333333333,1,0.1666666667,0,0,0.2,0,0.1116477273
FOXP3,2,"ERBB2,PGR",137,"79,58","31,34",0,0,0,0,0,0,0,0,,0,FOXP3,Tumorsupressor,0.5,"Apoptosis, Proliferation of cells",None Found,Unknown,7,0.02651515152,2,0.2857142857,3,0.4285714286,1,0.1428571429,1,0.1428571429,0.2,1,0.1122001263
ELF4,1,MMP9,81,81,32,0,0,0,0,0,0,0,0,,0,ELF4,Oncogene,0.5,"Apoptosis, Cell Signaling, Proliferation of cells",None Found,Repression,10,0.03787878788,5,0.5,3,0.3,0,0,2,0.2,0.19,1,0.1126073232
GLI2,1,JUN,6,6,33,0,0,0,0,0,0,0,0,,0,GLI2,Oncogene,0.5,"Apoptosis, Proliferation of cells",None Found,Unknown,12,0.04545454545,8,0.6666666667,3,0.25,0,0,1,0.08333333333,0.1833333333,0,0.1128787879
CYP1A1,1,ESR1,72,72,89,0,0,0,0,0,0,0,0,,0,CYP1A1,Oncogene,0.5,Proliferation of cells,None Found,None Found,4,0.01515151515,1,0.25,1,0.25,0,0,2,0.5,0.225,0,0.1136679293
KLF10,1,SERPINE1,71,71,24,0,0,0,0,0,0,0,0,,0,KLF10,Tumorsupressor,0.5,"Transcription regulation, Apoptosis, Proliferation of cells",None Found,Activation,4,0.01515151515,1,0.25,1,0.25,0,0,2,0.5,0.225,1,0.1136679293
TERT,1,ESR1,72,72,89,0,0,0,0,0,0,0,0,,0,TERT,Cigene,0.5,"Apoptosis, Proliferation of cells",None Found,None Found,4,0.01515151515,2,0.5,1,0.25,1,0.25,0,0,0.225,1,0.1136679293
HDAC3,1,JUN,6,6,33,0,0,0,0,0,0,0,0,,0,HDAC3,Repression,0.5,None Found,None Found,Repression,4,0.01515151515,1,0.25,1,0.25,0,0,2,0.5,0.225,1,0.1136679293
ZNF383,1,JUN,6,6,33,0,0,0,0,0,0,0,0,,0,ZNF383,Repression,0.5,None Found,None Found,Repression,4,0.01515151515,2,0.5,1,0.25,1,0.25,0,0,0.225,0,0.1136679293
KDM4B,1,ESR1,72,72,89,0,0,0,0,0,0,0,0,,0,KDM4B,Tumorsupressor,0.5,None Found,None Found,Unknown,6,0.02272727273,2,0.3333333333,2,0.3333333333,1,0.1666666667,1,0.1666666667,0.2166666667,1,0.1137310606
ZNF382,1,JUN,6,6,33,0,0,0,0,0,0,0,0,,0,ZNF382,"Repression, Tumorsupressor",0.5,None Found,None Found,Repression,6,0.02272727273,4,0.6666666667,1,0.1666666667,1,0.1666666667,0,0,0.2166666667,0,0.1137310606
ZEB1,2,"MUC1,ESR1",131,"59,72","10,89",0,0,0,0,0,0,0,0,,0,ZEB1,Cigene,0.5,"Apoptosis, Proliferation of cells",None Found,Repression,10,0.03787878788,8,0.8,1,0.1,0,0,1,0.1,0.2,1,0.1138573232
MAZ,1,MMP9,81,81,32,0,0,0,0,0,0,0,0,,0,MAZ,Tumorsupressor,0.5,Proliferation of cells,None Found,Unknown,7,0.02651515152,3,0.4285714286,2,0.2857142857,1,0.1428571429,1,0.1428571429,0.2142857143,1,0.1139858405
ATF2,2,"PLAT,JUN",6,6,"9,33",0,0,0,0,0,0,0,0,,0,ATF2,Tumorsupressor,0.5,None Found,None Found,Activation,7,0.02651515152,6,0.8571428571,0,0,0,0,1,0.1428571429,0.2142857143,2,0.1139858405
HSPB1,1,ESR1,72,72,89,0,0,0,0,0,0,0,0,,0,HSPB1,Oncogene,0.5,"Apoptosis, Cell Signaling, Proliferation of cells",None Found,None Found,3,0.01136363636,0,0,1,0.3333333333,0,0,2,0.6666666667,0.2333333333,0,0.114157197
HDAC9,1,ESR1,72,72,89,0,0,0,0,0,0,0,0,,0,HDAC9,Tumorsupressor,0.5,Apoptosis,None Found,Repression,8,0.0303030303,4,0.5,2,0.25,1,0.125,1,0.125,0.2125,1,0.1143150253
MEN1,1,JUND,2,2,5,0,0,0,0,0,0,0,0,,0,MEN1,Repression,0.5,"Apoptosis, Proliferation of cells",None Found,Repression,9,0.03409090909,5,0.5555555556,2,0.2222222222,1,0.1111111111,1,0.1111111111,0.2111111111,0,0.1146938131
HLTF,1,PGR,58,58,34,0,0,0,0,0,0,0,0,,0,HLTF,Tumorsupressor,0.5,"Apoptosis, Proliferation of cells",None Found,None Found,10,0.03787878788,6,0.6,2,0.2,1,0.1,1,0.1,0.21,1,0.1151073232
NFKBIA,1,MMP9,81,81,32,0,0,0,0,0,0,0,0,,0,NFKBIA,Oncogene,0.5,"Apoptosis, Cell Signaling, Proliferation of cells",None Found,Unknown,2,0.007575757576,1,0.5,0,0,0,0,1,0.5,0.25,1,0.1156881313
PAX2,1,ERBB2,79,79,31,0,0,0,0,0,0,0,0,,0,PAX2,Oncogene,0.5,"Transcription regulation, Apoptosis, Proliferation of cells",None Found,Unknown,2,0.007575757576,1,0.5,0,0,0,0,1,0.5,0.25,1,0.1156881313
YWHAQ,2,"ESR1,PGR",130,"72,58","89,34",0,0,0,0,0,0,0,0,,0,YWHAQ,Oncogene,0.5,"Apoptosis, Cell Signaling, Proliferation of cells",None Found,None Found,2,0.007575757576,1,0.5,0,0,0,0,1,0.5,0.25,0,0.1156881313
NR0B2,1,SERPINE1,71,71,24,0,0,0,0,0,0,0,0,,0,NR0B2,Tumorsupressor,0.5,Apoptosis,None Found,Repression,2,0.007575757576,1,0.5,0,0,0,0,1,0.5,0.25,2,0.1156881313
IRF1,1,MMP9,81,81,32,0,0,0,0,0,0,0,0,,0,IRF1,Tumorsupressor,0.5,"Apoptosis, Cell Signaling, Proliferation of cells",None Found,Unknown,2,0.007575757576,1,0.5,0,0,0,0,1,0.5,0.25,2,0.1156881313
ABL1,1,JUN,6,6,33,0,0,0,0,0,0,0,0,,0,ABL1,"Activation, Oncogene",0.5,"Apoptosis, Proliferation of cells",None Found,Activation,7,0.02651515152,4,0.5714285714,1,0.1428571429,1,0.1428571429,1,0.1428571429,0.2285714286,0,0.1157715548
WT1,2,"JUNB,JUN",7,"1,6","9,33",0,0,0,0,0,0,0,0,,0,WT1,Oncogene,0.5,"Apoptosis, Proliferation of cells",13.34718918,Unknown,8,0.0303030303,2,0.25,2,0.25,0,0,4,0.5,0.225,0,0.1158775253
MEF2A,1,JUN,6,6,33,0,0,0,0,0,0,0,0,,0,MEF2A,Activation,0.5,Apoptosis,None Found,Activation,5,0.01893939394,3,0.6,0,0,0,0,2,0.4,0.24,0,0.1160953283
NR5A2,1,ESR1,72,72,89,0,0,0,0,0,0,0,0,,0,NR5A2,Oncogene,0.5,Proliferation of cells,None Found,None Found,10,0.03787878788,4,0.4,2,0.2,0,0,4,0.4,0.22,0,0.1163573232
TFAP2A,3,"MMP9,KRT5,ERBB2",214,"81,54,79","32,5,31",0,0,0,0,0,0,0,0,,0,TFAP2A,Tumorsupressor,0.5,"Apoptosis, Proliferation of cells",None Found,Unknown,13,0.04924242424,8,0.6153846154,2,0.1538461538,0,0,3,0.2307692308,0.2076923077,3,0.1164760587
BLM,1,ESR1,72,72,89,0,0,0,0,0,0,0,0,,0,BLM,Tumorsupressor,0.5,"Apoptosis, Proliferation of cells",2.524347298,None Found,15,0.05681818182,10,0.6666666667,3,0.2,1,0.06666666667,1,0.06666666667,0.2,0,0.1166193182
PPARA,2,"MMP9,SERPINE1",152,"81,71","32,24",0,0,0,0,0,0,0,0,,0,PPARA,Tumorsupressor,0.5,"Apoptosis, Cell Signaling, Proliferation of cells",None Found,Activation,4,0.01515151515,3,0.75,0,0,1,0.25,0,0,0.25,2,0.1167929293
WWP1,1,ERBB2,79,79,31,0,0,0,0,0,0,0,0,,0,WWP1,Oncogene,0.5,None Found,None Found,Activation,10,0.03787878788,7,0.7,1,0.1,2,0.2,0,0,0.23,1,0.1176073232
EPAS1,1,SERPINE1,71,71,24,0,0,0,0,0,0,0,0,,0,EPAS1,Tumorsupressor,0.5,"Apoptosis, Proliferation of cells",None Found,Activation,11,0.04166666667,5,0.4545454545,2,0.1818181818,1,0.09090909091,3,0.2727272727,0.2272727273,1,0.1178188131
NCOA3,1,ERBB2,79,79,31,0,0,0,0,0,0,0,0,,0,NCOA3,"Cigene, Oncogene",0.5,Cell Signaling,None Found,Unknown,14,0.05303030303,9,0.6428571429,2,0.1428571429,1,0.07142857143,2,0.1428571429,0.2142857143,3,0.1178526335
MECP2,1,ESR1,72,72,89,0,0,0,0,0,0,0,0,,0,MECP2,Cigene,0.5,"Apoptosis, Proliferation of cells",None Found,Repression,12,0.04545454545,5,0.4166666667,2,0.1666666667,0,0,5,0.4166666667,0.225,1,0.1180871212
STAT5A,1,ESR1,72,72,89,0,0,0,0,0,0,0,0,,0,STAT5A,Tumorsupressor,0.5,"Apoptosis, Cell Signaling, Proliferation of cells",None Found,Unknown,12,0.04545454545,7,0.5833333333,2,0.1666666667,2,0.1666666667,1,0.08333333333,0.225,2,0.1180871212
RUNX2,1,ESR1,72,72,89,0,0,0,0,0,0,0,0,,0,RUNX2,Tumorsupressor,0.5,"Transcriptional misregulation, Apoptosis, Proliferation of cells",None Found,Unknown,6,0.02272727273,2,0.3333333333,1,0.1666666667,2,0.3333333333,1,0.1666666667,0.2666666667,1,0.1199810606
MEF2C,1,JUN,6,6,33,0,0,0,0,0,0,0,0,,0,MEF2C,"Activation, Oncogene",0.5,"Apoptosis, Proliferation of cells",None Found,Activation,9,0.03409090909,3,0.3333333333,1,0.1111111111,1,0.1111111111,4,0.4444444444,0.2555555556,0,0.1202493687
IKBKB,1,MMP9,81,81,32,0,0,0,0,0,0,0,0,,0,IKBKB,Oncogene,0.5,"Apoptosis, Cell Signaling, Proliferation of cells",None Found,Repression,10,0.03787878788,5,0.5,0,0,1,0.1,4,0.4,0.26,1,0.1213573232
PMAIP1,1,ESR1,72,72,89,0,0,0,0,0,0,0,0,,0,PMAIP1,Tumorsupressor,0.5,"Apoptosis, Cell Signaling, Proliferation of cells",4.374616319,None Found,1,0.003787878788,0,0,0,0,0,0,1,1,0.3,0,0.1213857323
ARNT,3,"ESR1,FOS,JUN",152,"72,74,6","89,86,33",0,0,0,0,0,0,0,0.3333333333,0.09459459459,1,ARNT,TF,,Cell Signaling,None Found,Repression,7,0.02651515152,4,0.5714285714,1,0.1428571429,1,0.1428571429,1,0.1428571429,0.2285714286,2,0.1215898732
KLF8,1,MMP9,81,81,32,0,0,0,0,0,0,0,0,,0,KLF8,Oncogene,0.5,Proliferation of cells,None Found,Activation,2,0.007575757576,0,0,0,0,0,0,2,1,0.3,1,0.1219381313
PTMA,1,ESR1,72,72,89,0,0,0,0,0,0,0,0,,0,PTMA,Oncogene,0.5,"Apoptosis, Proliferation of cells",None Found,None Found,2,0.007575757576,0,0,0,0,0,0,2,1,0.3,0,0.1219381313
CRHBP,1,ESR1,72,72,89,0,0,0,0,0,0,0,0,,0,CRHBP,Oncogene,0.5,None Found,-4.534659588,None Found,2,0.007575757576,1,0.5,0,0,1,0.5,0,0,0.3,0,0.1219381313
XBP1,1,ESR1,72,72,89,0,0,0,0,0,0,0,0,,0,XBP1,Tumorsupressor,0.5,"Apoptosis, Proliferation of cells",None Found,Activation,8,0.0303030303,3,0.375,0,0,1,0.125,4,0.5,0.275,1,0.1221275253
ZFHX3,1,ESR1,72,72,89,0,0,0,0,0,0,0,0,,0,ZFHX3,Tumorsupressor,0.5,None Found,None Found,None Found,21,0.07954545455,8,0.380952381,7,0.3333333333,5,0.2380952381,1,0.04761904762,0.219047619,0,0.1223146645
RUNX1,1,JUN,6,6,33,0,0,0,0,0,0,0,0,,0,RUNX1,"Activation, Oncogene",0.5,"Apoptosis, Proliferation of cells",None Found,Activation,21,0.07954545455,14,0.6666666667,2,0.09523809524,3,0.1428571429,2,0.09523809524,0.2285714286,0,0.1235051407
GATA3,3,"ESR1,DLC1,MUC1",183,"72,52,59","89,2,10",0,0,0,0,0,0,0,0,,0,GATA3,Cigene,0.5,"Transcription regulation, Apoptosis, Proliferation of cells",None Found,Activation,18,0.06818181818,12,0.6666666667,1,0.05555555556,4,0.2222222222,1,0.05555555556,0.2444444444,5,0.1238320707
PGR,58,"ESR1,ERBB2,FOS,SP1,RELA,NFIL3,KLF9,JUN,HOXA5,PIAS3,NCOR1,SUMO1,NCOR2,PRKACB,PRKACA,PIK3CA,MED1,NCOA1,HSP90AA1,STIP1,HSP90AB1,AR,PTGES3,NR3C1,PGR,NR3C2,HSPA8,HSPA2,HSPA1A,HSPA1L,HSPA1B,ACTR1A,MAPK3,MAPK1,DYNLL2,FOXA1,EP300,DYNLL1,TLE3,CAPZA1,NRIP1,DCTN1,FKBP5,ACTR10,GATA3,DYNC1LI2,DYNC1LI1,DYNC1I2,DCTN5,DYNC1H1,DYNC1I1,CAPZA3,DCTN6,DCTN3,NCOA3,SRC,UBE2I,FKBP4",328,"72,79,74,13,6,1,1,6,1,2,1,5,58,1,4,3,1","89,31,86,10,6,1,1,33,1,3,2,1,2,1,1,4,2,2,3,1,2,3,1,2,34,1,1,1,1,1,1,1,4,4,1,3,6,1,1,1,2,1,1,1,5,1,1,1,1,1,1,1,1,1,3,5,1,2",32,6.6,6.6,0.001137931034,31,1,0,0.05172413793,0.0472972973,0.3333333333,PGR,Tumorsupressor,0.5,"Apoptosis, Proliferation of cells",None Found,Repression,6,0.02272727273,5,0.8333333333,1,0.1666666667,0,0,0,0,0.1833333333,34,0.1303598079
DLC1,52,"GATA3,TENC1,TNS3,TRAF3IP3,GPM6B,HP,TLN2,SYN3,ZNF12,FBXW5,STARD7,RASA1,STARD6,STARD4,STARD5,ACOT12,COL4A3BP,ACOT11,STARD9,SPG20,PCTP,PRKD1,TNS4,RTKN,PTEN,CAV1,RHOD,RHOBTB1,RHOT1,RHOBTB2,RHOF,RAC3,RHOH,RHOJ,RHOT2,RAC1,RHOG,RHOQ,RHOU,RHOV,RHOA,DLC1,TLN1,AKT1,CDC42,CDH1,CDK6,PLCD1,RHOB,RHOC,RAC2,TNS1",57,"3,1,52,1","5,1,1,1,1,2,1,1,1,1,1,2,1,1,1,1,1,1,1,1,1,1,1,1,2,1,1,1,1,1,1,1,1,1,1,2,1,1,1,1,2,2,1,2,3,3,1,1,1,2,1,1",41,9.2,9.2,0.001769230769,36,4,1,0.05769230769,,0,DLC1,Tumorsupressor,0.5,"Apoptosis, Proliferation of cells",None Found,None Found,15,0.05681818182,11,0.7333333333,1,0.06666666667,0,0,3,0.2,0.2133333333,2,0.1305632284
SP1,13,"BIRC5,MMP9,KRT5,ESR1,ERBB2,KRT19,SERPINE1,EGR1,FOS,PGR,PLAT,ID4,KRT14",735,"74,81,54,72,79,54,71,66,74,58,52","26,32,5,89,31,6,24,106,86,34,9,6,4",0,0,0,0,0,0,0,0.2307692308,0.2841932842,1,SP1,TF,,"Apoptosis, Cell Signaling, Proliferation of cells",None Found,Activation,5,0.01893939394,3,0.6,1,0.2,0,0,1,0.2,0.2,10,0.1350458522
CREM,2,"FOS,PLAT",74,74,"86,9",0,0,0,0,0,0,0,0.5,0.09459459459,1,CREM,TF,,"Apoptosis, Cell Signaling, Proliferation of cells",None Found,Repression,5,0.01893939394,2,0.4,1,0.2,0,0,2,0.4,0.22,1,0.1541358688
SMAD7,2,"FOS,KRT14",74,74,"86,4",0,0,0,0,0,0,0,0.5,0.09459459459,1,SMAD7,TF,,"Apoptosis, Cell Signaling, Proliferation of cells",None Found,Repression,2,0.007575757576,1,0.5,0,0,0,0,1,0.5,0.25,1,0.1562286719
SRF,2,"SERPINE1,FOS",145,"71,74","24,86",0,0,0,0,0,0,0,0.5,0.09459459459,1,SRF,TF,,"Apoptosis, Cell Signaling, Proliferation of cells",None Found,Activation,5,0.01893939394,1,0.2,1,0.2,0,0,3,0.6,0.24,2,0.1566358688
FLT1,2,"ESR1,EGR1",138,"72,66","89,106",0,0,0,0,0,0,0,0.5,0.1363636364,1,FLT1,None Found,,"Apoptosis, Cell Signaling, Proliferation of cells",None Found,None Found,6,0.02272727273,5,0.8333333333,1,0.1666666667,0,0,0,0,0.1833333333,0,0.1588068182
ELF3,2,"MMP9,CLDN7",135,"81,54","32,5",0,0,0,0,0,0,0,0.5,0.1296296296,1,ELF3,TF,,"Transcription regulation, Proliferation of cells",None Found,Unknown,2,0.007575757576,1,0.5,0,0,0,0,1,0.5,0.25,2,0.1635276375
EGR1,66,"TP53,STAT6,STAT1,SP1,RELA,RBMX,NKX2-3,NFKB1,NAB2,MAML1,KLF5,HDAC1,FOXO1,ETS2,ETS1,BRCA1,ATF5,NFATC2,NFATC3,IRF8,IRF4,IRF2,STAT2,ISG15,IRF7,OASL,MX1,IFIT1,IFIT2,IRF5,IFI6,IFIT3,CDK5R1,FOS,MAPK3,IRF3,NFATC1,FOSB,JUNB,RNASEL,MAPK1,HDAC2,HDAC3,KDM1A,RBBP7,RBBP4,NR2E1,EZH2,RCOR1,HDAC5,MTA1,CHD4,CHD3,JUN,ATF2,EED,MTA3,EGR1,REST,SUZ12,SNAI1,SNAI2,PPARG,PHC3,IRF1,HDAC7",220,"4,2,2,13,6,4,1,6,1,1,4,6,1,2,2,5,1,1,74,1,1,2,6,2,66,1,3,1,1","5,3,3,10,6,2,1,4,1,1,4,6,1,3,3,5,1,2,2,1,1,1,1,1,1,1,1,1,1,1,1,1,2,86,4,1,2,2,9,1,4,1,1,2,1,1,1,2,1,1,3,1,1,33,2,1,1,106,1,1,2,2,4,1,2,2",34,7.8,7.8,0.001181818182,29,4,1,0.1363636364,0.1880971881,0.3333333333,EGR1,Tumorsupressor,0.5,"Apoptosis, Proliferation of cells",-3.444520788,None Found,3,0.01136363636,1,0.3333333333,2,0.6666666667,0,0,0,0,0.1333333333,106,0.1694255506
JUN,6,"MMP9,FOS,PGR,ESR1,PLAT,JUN",291,"81,74,58,72,6","32,86,34,89,9,33",0,0,0,0,0,0,0,0.1666666667,0.09459459459,1,JUN,"Cigene, Oncogene",0.5,"Apoptosis, Cell Signaling, Proliferation of cells",None Found,Repression,1,0.003787878788,0,0,0,0,0,0,1,1,0.3,33,0.1758151618
MYC,4,"ESR1,FOS,PGR,JUNB",205,"72,74,58,1","89,86,34,9",0,0,0,0,0,0,0,0.25,0.09459459459,1,MYC,"Cigene, Oncogene",0.5,"Apoptosis, Cell Signaling, Proliferation of cells",None Found,Repression,3,0.01136363636,3,1,0,0,0,0,0,0,0.2,1,0.1817810708
CREB1,4,"ERBB2,FOS,PLAT,JUN",159,"79,74,6","31,86,9,33",0,0,0,0,0,0,0,0.25,0.09459459459,1,CREB1,Oncogene,0.5,Cell Signaling,None Found,Unknown,3,0.01136363636,1,0.3333333333,1,0.3333333333,0,0,1,0.3333333333,0.2,2,0.1817810708
ID4,52,"ESR1,BLCAP,C10ORF142,GPR17,HLTF,GRHL3,ABCC3,GFAP,NKX3-1,ESM1,SRI,BRCA1,TRIM21,TCF7L2,POU3F1,NKX2-2,GDNF,NANOS2,GFRA1,SOHLH1,BCL6B,OLIG2,OLIG1,ZBTB16,SOX10,SOX2,NEUROG3,HEY2,HES5,NEUROG1,HES1,TCF4,TCF3,MYOD1,MYOG,MYRF,ID3,ID2,MYF6,EZH2,NOTCH1,PTEN,WNT5A,SOX4,YY1,CDC42,MMP2,CEBPB,BCL3,TP53,ID4,FKBP4",145,"72,1,2,5,1,1,3,1,1,2,4,52","89,1,1,1,1,1,1,1,3,1,1,5,1,2,1,1,1,1,1,1,1,1,1,1,1,1,1,1,1,1,1,2,1,1,1,1,1,1,1,2,2,2,1,1,4,3,1,1,1,5,6,2",39,9.8,9.8,0.001884615385,29,7,3,0.07692307692,,0,ID4,"Cigene, Tumorsupressor, Oncogene",1,"Cell Signaling, Proliferation of cells",None Found,Unknown,0,0,0,0,0,0,0,0,0,0,0,6,0.1829671474
AR,5,"ERBB2,MUC1,ESR1,EGR1,JUN",282,"79,59,72,66,6","31,10,89,106,33",0,0,0,0,0,0,0,0.2,0.1363636364,1,AR,"Cigene, Oncogene",0.5,"Apoptosis, Proliferation of cells",None Found,Repression,8,0.0303030303,3,0.375,3,0.375,2,0.25,0,0,0.2125,3,0.1843907828
BARD1,1,ESR1,72,72,89,0,0,0,0,0,0,0,0,,0,BARD1,"Tumorsupressor, Oncogene",1,"Apoptosis, Proliferation of cells",-1.116906394,Activation,3,0.01136363636,0,0,2,0.6666666667,0,0,1,0.3333333333,0.1666666667,1,0.189157197
CHAT,1,ESR1,72,72,89,0,0,0,0,0,0,0,0,,0,CHAT,"Tumorsupressor, Oncogene",1,Drug metabolism,None Found,None Found,3,0.01136363636,2,0.6666666667,1,0.3333333333,0,0,0,0,0.1666666667,0,0.189157197
KLF6,1,MMP9,81,81,32,0,0,0,0,0,0,0,0,,0,KLF6,"Tumorsupressor, Oncogene",1,"Apoptosis, Proliferation of cells",None Found,Repression,1,0.003787878788,1,1,0,0,0,0,0,0,0.2,1,0.1922190657
F12,1,ESR1,72,72,89,0,0,0,0,0,0,0,0,,0,F12,"Tumorsupressor, Oncogene",1,"Cell Signaling, Proliferation of cells",None Found,None Found,1,0.003787878788,1,1,0,0,0,0,0,0,0.2,0,0.1922190657
ABCG2,1,PGR,58,58,34,0,0,0,0,0,0,0,0,,0,ABCG2,"Cigene, Tumorsupressor, Oncogene",1,"Apoptosis, Proliferation of cells",None Found,None Found,1,0.003787878788,1,1,0,0,0,0,0,0,0.2,0,0.1922190657
PTGS2,3,"EGR1,FOS,PGR",198,"66,74,58","106,86,34",0,0,0,0,0,0,0,0.6666666667,0.1154791155,1,PTGS2,None Found,,"Apoptosis, Cell Signaling, Proliferation of cells",None Found,None Found,10,0.03787878788,3,0.3,5,0.5,2,0.2,0,0,0.19,0,0.1922210278
SERPINE1,71,"ESR1,YY1,USF1,TGIF1,SRF,SP1,SMAD4,SMAD3,RELA,PPARG,PPARA,PARP1,NR4A1,NR0B2,NFKB1,KLF5,KLF10,HSF1,HIF1A,ESR2,EPAS1,E2F1,ARNTL2,CLOCK,ARNTL,VLDLR,ITGAV,ITGB3,TGFB1,THBS1,EGF,SERPINE1,VEGFA,FN1,PLG,HGF,ALB,IGF1,A2M,SPARC,VWF,TGFB2,PF4,VEGFC,TGFB3,PDGFB,IGF2,PPBP,KNG1,AHSG,CFD,SERPINF2,SRGN,PROS1,F13A1,ORM1,ACTN4,F8,FGB,FGA,FGG,HRG,F5,PLAU,PLAUR,PLAT,SMAD2,LRP1,VTN,SMAD7,TIMP1",221,"72,2,2,1,2,13,3,3,6,3,2,2,1,1,6,4,1,2,3,3,1,4,1,71,3,1,1,1,2,2,2","89,4,1,1,2,10,2,4,6,4,2,1,1,2,4,4,1,1,2,2,1,2,1,1,1,1,1,1,2,2,2,24,3,1,2,1,1,3,2,1,1,1,1,1,1,1,1,2,1,1,1,1,1,1,1,1,1,1,1,1,1,1,1,1,1,9,1,1,1,1,2",45,10.4,10.4,0.001464788732,38,4,3,0.1126760563,0.6458333333,0.5,SERPINE1,None Found,,"Apoptosis, Cell Signaling, Proliferation of cells",None Found,None Found,12,0.04545454545,3,0.25,4,0.3333333333,2,0.1666666667,3,0.25,0.225,24,0.1929901924
SPDEF,1,MMP9,81,81,32,0,0,0,0,0,0,0,0,,0,SPDEF,"Tumorsupressor, Oncogene",1,"Apoptosis, Proliferation of cells",None Found,Repression,4,0.01515151515,4,1,0,0,0,0,0,0,0.2,1,0.1938762626
FOS,74,"MMP9,FOS,PGR,ESR1,ZBTB7A,TWIST2,TWIST1,TBP,STAT6,STAT3,SRF,SP1,SMARCA4,RBMX,RB1,NKX3-1,NF1,NCOA6,MITF,JUN,HSF2,HOPX,HMGN1,HDAC1,GTF2I,ESR2,ELK4,ELK1,CREM,CREB1,BRCA1,ARNT,AHR,TNFRSF11A,NFATC3,NFATC2,FOXA1,HIST1H2BA,H2AFZ,GATA3,MAPK10,MAPK9,YY1,DUSP1,MAPK3,ETS1,STAT5A,SMAD3,TP53,IL6,ATF2,STAT5B,EGR1,NR3C1,RELA,MAPK8,TGFB1,ETS2,TNFSF11,MAPK14,CCND1,TNF,JUND,CCL2,HMOX1,EP300,PPARG,NOTCH1,NFATC1,FOSB,GATA2,CEBPA,JUNB,MAPK1",472,"81,74,58,72,1,1,2,1,2,5,2,13,1,4,2,2,2,1,1,6,1,1,1,6,1,3,1,2,2,4,5,3,1,1,3,2,1,2,1,3,4,1,2,1,66,6,2,4,1,2,4,3,1","32,86,34,89,1,1,2,1,3,5,2,10,1,2,2,3,1,1,1,33,1,1,1,6,1,2,1,2,1,2,5,2,1,1,2,2,3,1,1,5,1,1,4,1,4,3,2,4,5,2,2,2,106,2,6,2,2,3,1,2,2,2,5,1,1,6,4,2,2,2,1,1,9,4",25,6.2,6.2,0.0008378378378,19,2,4,0.09459459459,0.3128583129,0.5714285714,FOS,"Cigene, Oncogene",0.5,"Apoptosis, Cell Signaling, Proliferation of cells",-3.261178455,Unknown,3,0.01136363636,1,0.3333333333,1,0.3333333333,0,0,1,0.3333333333,0.2,86,0.1949987374
SIRT1,1,MMP9,81,81,32,0,0,0,0,0,0,0,0,,0,SIRT1,"Tumorsupressor, Oncogene",1,"Apoptosis, Cell Signaling, Proliferation of cells",None Found,Repression,3,0.01136363636,2,0.6666666667,0,0,0,0,1,0.3333333333,0.2333333333,1,0.1974905303
MUC1,59,"ZEB1,STAT3,PIAS4,PIAS3,PIAS2,PIAS1,HIF1A,GATA3,AR,ST3GAL4,EGFR,CLEC10A,ST3GAL2,ST6GALNAC4,ST3GAL1,ST3GAL3,ST6GALNAC3,GALNT13,GALNT18,ST6GALNAC2,MUC1,MUC16,MUC5B,MUC5AC,MUC4,MUC6,MUC7,MUC20,MUC13,MUC12,MUC17,MUC3A,MUC21,MUC15,MUCL1,B3GNT3,GCNT1,B3GNT6,C1GALT1,C1GALT1C1,GALNT6,GALNT4,GALNT15,GALNT7,GALNT3,GCNT3,GALNT5,GALNT8,GALNT10,GALNT12,GALNT2,GALNT14,GALNT16,GALNT1,GALNT9,GALNTL6,GALNTL5,GALNT11,ST6GAL1",85,"2,5,1,2,1,1,3,3,5,3,59","1,5,1,3,1,1,2,5,3,1,2,1,1,1,1,1,1,1,1,1,10,1,1,1,1,1,1,1,1,1,1,1,1,1,1,1,1,1,1,1,1,1,1,1,1,1,1,1,1,1,1,1,1,1,1,1,1,1,1",52,11,11,0.00186440678,49,2,1,0.03389830508,,0,MUC1,"Tumorsupressor, Oncogene",1,"Apoptosis, Cell Signaling, Proliferation of cells",None Found,None Found,5,0.01893939394,2,0.4,2,0.4,0,0,1,0.2,0.18,10,0.1992627012
PLD1,1,PGR,58,58,34,0,0,0,0,0,0,0,0,,0,PLD1,"Cigene, Tumorsupressor, Oncogene",1,"Apoptosis, Cell Signaling, Proliferation of cells",None Found,None Found,12,0.04545454545,7,0.5833333333,2,0.1666666667,0,0,3,0.25,0.2083333333,0,0.1993371212
FOXP1,1,ESR1,72,72,89,0,0,0,0,0,0,0,0,,0,FOXP1,"Tumorsupressor, Oncogene",1,"Apoptosis, Proliferation of cells",None Found,None Found,8,0.0303030303,3,0.375,1,0.125,2,0.25,2,0.25,0.2625,0,0.2038983586
CRH,1,ESR1,72,72,89,0,0,0,0,0,0,0,0,,0,CRH,"Tumorsupressor, Oncogene",1,"Apoptosis, Proliferation of cells",None Found,None Found,1,0.003787878788,0,0,0,0,0,0,1,1,0.3,0,0.2047190657
EGFR,3,"ESR1,EGR1,PGR",196,"72,66,58","89,106,34",0,0,0,0,0,0,0,0.3333333333,0.1363636364,1,EGFR,"Cigene, Oncogene",0.5,"Apoptosis, Cell Signaling, Proliferation of cells",None Found,None Found,17,0.06439393939,9,0.5294117647,6,0.3529411765,0,0,2,0.1176470588,0.1764705882,2,0.212636475
SMAD4,3,"SERPINE1,FOS,JUN",151,"71,74,6","24,86,33",0,0,0,0,0,0,0,0.3333333333,0.09459459459,1,SMAD4,Tumorsupressor,0.5,"Apoptosis, Cell Signaling, Proliferation of cells",None Found,Activation,8,0.0303030303,3,0.375,0,0,3,0.375,2,0.25,0.3,2,0.2144041769
CDKN1B,1,ESR1,72,72,89,0,0,0,0,0,0,0,0,,0,CDKN1B,"Tumorsupressor, Oncogene",1,"Cell Division, Cell Cycle",None Found,None Found,6,0.02272727273,0,0,0,0,5,0.8333333333,1,0.1666666667,0.3833333333,0,0.2178977273
SP3,4,"BIRC5,ERBB2,PLAT,ID4",205,"74,79,52","26,31,9,6",0,0,0,0,0,0,0,0.25,0.6216216216,1,SP3,TF,,Transcription regulation,None Found,Activation,8,0.0303030303,4,0.5,0,0,1,0.125,3,0.375,0.2625,2,0.2188195298
VEGFA,3,"ESR1,EGR1,PGR",196,"72,66,58","89,106,34",0,0,0,0,0,0,0,0.3333333333,0.1363636364,1,VEGFA,Tumorsupressor,0.5,"Apoptosis, Cell Signaling, Proliferation of cells",None Found,None Found,4,0.01515151515,0,0,0,0,0,0,4,1,0.3,3,0.2208964646
EP300,4,"BIRC5,MMP9,ERBB2,EGR1",300,"74,81,79,66","26,32,31,106",0,0,0,0,0,0,0,0.5,0.378992629,1,EP300,TF,,Cell Signaling,None Found,Unknown,17,0.06439393939,9,0.5294117647,3,0.1764705882,3,0.1764705882,2,0.1176470588,0.2294117647,6,0.2211907178
MMP9,81,"TFAP2A,STAT3,STAT1,SPDEF,SP2,SP1,SNAI2,SMAD3,SIRT1,RUNX3,RELA,PPARG,PPARA,NFKBIA,NFKB1,MTA1,MAZ,KLF8,KLF6,KLF5,JUN,IRF1,IKBKB,HDAC1,FOS,ETS2,ETS1,EP300,ELF4,ELF3,CIITA,SCUBE3,EPHB1,SDC4,TIMP3,SRC,ITGB2,CTSS,TNFAIP6,TIMP2,CHIT1,OSCAR,IDH1,LTA4H,EPHB2,OLFM4,MMP3,VEGFA,PLG,MMP10,CST3,STAT6,MMP7,CD44,ACAN,CXCL1,COL18A1,EDN1,CDH1,PTX3,NID1,HP,HBEGF,B2M,TIMP1,MMP9,LYZ,MMP1,PRSS3P2,CAMP,THBS1,PPBP,MMP8,CXCL8,CTSD,LTF,SDC1,A2M,TNF,ITGAM,CTSG",253,"3,5,2,1,1,13,1,3,1,2,6,3,2,1,6,2,1,1,1,4,6,1,1,6,74,2,2,4,1,2,1,1,3,2,1,1,81,1,2,1,1","3,5,3,1,1,10,2,4,1,2,6,4,2,1,4,3,1,1,1,4,33,2,1,6,86,3,3,6,1,2,1,1,1,1,1,5,1,1,1,1,1,1,1,1,1,1,1,3,2,1,1,3,1,2,1,1,1,1,3,1,1,2,2,1,2,32,1,1,1,1,2,2,1,1,1,1,1,2,2,1,1",46,11.8,11.8,0.001456790123,33,10,3,0.07407407407,0.475975976,0.5,MMP9,Cigene,0.5,"Apoptosis, Cell Signaling, Proliferation of cells",None Found,None Found,6,0.02272727273,2,0.3333333333,3,0.5,0,0,1,0.1666666667,0.1666666667,32,0.2222872696
ELK4,1,FOS,74,74,86,0,0,0,0,0,0,0,1,0.09459459459,1,ELK4,TF,,"Cell Signaling, Proliferation of cells",None Found,Activation,0,0,0,0,0,0,0,0,0,0,0,1,0.2280405405
IL1A,1,FOS,74,74,86,0,0,0,0,0,0,0,1,0.09459459459,1,IL1A,None Found,,"Apoptosis, Cell Signaling, Proliferation of cells",None Found,None Found,0,0,0,0,0,0,0,0,0,0,0,0,0.2280405405
FGFBP1,1,FOS,74,74,86,0,0,0,0,0,0,0,1,0.09459459459,1,FGFBP1,None Found,,"Cell Signaling, Proliferation of cells",None Found,None Found,0,0,0,0,0,0,0,0,0,0,0,0,0.2280405405
NTF3,1,FOS,74,74,86,0,0,0,0,0,0,0,1,0.09459459459,1,NTF3,None Found,,"Apoptosis, Cell Signaling, Proliferation of cells",None Found,None Found,0,0,0,0,0,0,0,0,0,0,0,1,0.2280405405
ELK1,2,"ERBB2,FOS",153,"79,74","31,86",0,0,0,0,0,0,0,0.5,0.09459459459,1,ELK1,Oncogene,0.5,"Apoptosis, Cell Signaling, Proliferation of cells",None Found,Unknown,8,0.0303030303,4,0.5,4,0.5,0,0,0,0,0.15,2,0.2303763991
BRCA1,5,"KRT5,ESR1,EGR1,FOS,ID4",318,"54,72,66,74,52","5,89,106,86,6",0,0,0,0,0,0,0,0.4,0.1154791155,1,BRCA1,Tumorsupressor,0.5,"Apoptosis, Cell Signaling, Proliferation of cells",None Found,Unknown,18,0.06818181818,10,0.5555555556,2,0.1111111111,6,0.3333333333,0,0,0.2555555556,5,0.232612442
NKX3-1,2,"ESR1,FOS",146,"72,74","89,86",0,0,0,0,0,0,0,0.5,0.09459459459,1,NKX3-1,Tumorsupressor,0.5,Proliferation of cells,None Found,Repression,2,0.007575757576,2,1,0,0,0,0,0,0,0.2,3,0.2333120052
NKX2-3,1,EGR1,66,66,106,0,0,0,0,0,0,0,1,0.1363636364,1,NKX2-3,TF,,"Transcription regulation, Proliferation of cells",None Found,Unknown,0,0,0,0,0,0,0,0,0,0,0,1,0.2367424242
UBE2S,1,EGR1,66,66,106,0,0,0,0,0,0,0,1,0.1363636364,1,UBE2S,None Found,,Apoptosis,2.456823213,None Found,0,0,0,0,0,0,0,0,0,0,0,0,0.2367424242
TBXA2R,1,EGR1,66,66,106,0,0,0,0,0,0,0,1,0.1363636364,1,TBXA2R,None Found,,"Apoptosis, Cell Signaling, Proliferation of cells",None Found,None Found,0,0,0,0,0,0,0,0,0,0,0,0,0.2367424242
SOX18,1,EGR1,66,66,106,0,0,0,0,0,0,0,1,0.1363636364,1,SOX18,None Found,,"Transcription regulation, Proliferation of cells",None Found,None Found,0,0,0,0,0,0,0,0,0,0,0,0,0.2367424242
PTGES,1,EGR1,66,66,106,0,0,0,0,0,0,0,1,0.1363636364,1,PTGES,None Found,,"Apoptosis, Proliferation of cells",None Found,None Found,0,0,0,0,0,0,0,0,0,0,0,0,0.2367424242
LTB,1,EGR1,66,66,106,0,0,0,0,0,0,0,1,0.1363636364,1,LTB,None Found,,"Apoptosis, Cell Signaling, Proliferation of cells",None Found,None Found,0,0,0,0,0,0,0,0,0,0,0,0,0.2367424242
LHB,1,EGR1,66,66,106,0,0,0,0,0,0,0,1,0.1363636364,1,LHB,None Found,,Cell Signaling,None Found,None Found,0,0,0,0,0,0,0,0,0,0,0,0,0.2367424242
HYAL1,1,EGR1,66,66,106,0,0,0,0,0,0,0,1,0.1363636364,1,HYAL1,None Found,,"Apoptosis, Proliferation of cells",None Found,None Found,0,0,0,0,0,0,0,0,0,0,0,0,0.2367424242
HSD11B2,1,EGR1,66,66,106,0,0,0,0,0,0,0,1,0.1363636364,1,HSD11B2,None Found,,"Apoptosis, Proliferation of cells",None Found,None Found,0,0,0,0,0,0,0,0,0,0,0,0,0.2367424242
TNF,1,EGR1,66,66,106,0,0,0,0,0,0,0,1,0.1363636364,1,TNF,None Found,,"Apoptosis, Cell Signaling, Proliferation of cells",None Found,None Found,0,0,0,0,0,0,0,0,0,0,0,2,0.2367424242
BCL2L1,2,"FOS,PGR",132,"74,58","86,34",0,0,0,0,0,0,0,0.5,0.09459459459,1,BCL2L1,Oncogene,0.5,"Apoptosis, Cell Signaling, Proliferation of cells",None Found,None Found,5,0.01893939394,2,0.4,1,0.2,0,0,2,0.4,0.22,0,0.2374692022
CDH1,1,ESR1,72,72,89,0,0,0,0,0,0,0,0,,0,CDH1,"Tumorsupressor, Oncogene",1,"Apoptosis, Cell Signaling, Proliferation of cells",None Found,None Found,55,0.2083333333,15,0.2727272727,2,0.03636363636,38,0.6909090909,0,0,0.3345454545,3,0.2388667929
NTS,1,FOS,74,74,86,0,0,0,0,0,0,0,1,0.09459459459,1,NTS,None Found,,"Apoptosis, Cell Signaling, Proliferation of cells",None Found,None Found,1,0.003787878788,0,0,1,1,0,0,0,0,0.1,0,0.2410929395
CSTA,1,FOS,74,74,86,0,0,0,0,0,0,0,1,0.09459459459,1,CSTA,None Found,,Apoptosis,None Found,None Found,1,0.003787878788,0,0,1,1,0,0,0,0,0.1,0,0.2410929395
STAT1,2,"MMP9,EGR1",147,"81,66","32,106",0,0,0,0,0,0,0,0.5,0.1363636364,1,STAT1,Tumorsupressor,0.5,"Apoptosis, Cell Signaling, Proliferation of cells",None Found,Unknown,5,0.01893939394,2,0.4,2,0.4,0,0,1,0.2,0.18,3,0.2411710859
RBMX,4,"EGR1,FOS,JUNB,JUND",143,"66,74,1,2","106,86,9,5",0,0,0,0,0,0,0,0.5,0.1154791155,1,RBMX,Tumorsupressor,0.5,None Found,None Found,Repression,8,0.0303030303,3,0.375,2,0.25,0,0,3,0.375,0.2125,2,0.242539841
TWIST1,2,"ESR1,FOS",146,"72,74","89,86",0,0,0,0,0,0,0,0.5,0.09459459459,1,TWIST1,"Cigene, Oncogene",0.5,"Apoptosis, Proliferation of cells",None Found,Activation,2,0.007575757576,1,0.5,0,0,1,0.5,0,0,0.3,2,0.2458120052
ETS2,2,"MMP9,EGR1",147,"81,66","32,106",0,0,0,0,0,0,0,0.5,0.1363636364,1,ETS2,Oncogene,0.5,"Apoptosis, Cell Signaling, Proliferation of cells",None Found,Unknown,7,0.02651515152,5,0.7142857143,1,0.1428571429,1,0.1428571429,0,0,0.2142857143,3,0.2465615981
GSTP1,1,FOS,74,74,86,0,0,0,0,0,0,0,1,0.09459459459,1,GSTP1,None Found,,"Apoptosis, Proliferation of cells",None Found,None Found,2,0.007575757576,1,0.5,1,0.5,0,0,0,0,0.15,0,0.2478953385
MYB,2,"ERBB2,EGR1",145,"79,66","31,106",0,0,0,0,0,0,0,0.5,0.1363636364,1,MYB,Oncogene,0.5,"Apoptosis, Cell Signaling, Proliferation of cells",None Found,Unknown,6,0.02272727273,5,0.8333333333,0,0,1,0.1666666667,0,0,0.2333333333,1,0.2483901515
CCND1,4,"ESR1,EGR1,FOS,PGR",270,"72,66,74,58","89,106,86,34",0,0,0,0,0,0,0,0.5,0.1154791155,1,CCND1,"Cigene, Oncogene",0.5,"Apoptosis, Cell Signaling, Proliferation of cells",None Found,None Found,1,0.003787878788,0,0,0,0,0,0,1,1,0.3,2,0.249610548
GDNF,1,EGR1,66,66,106,0,0,0,0,0,0,0,1,0.1363636364,1,GDNF,None Found,,Cell Signaling,None Found,None Found,1,0.003787878788,0,0,1,1,0,0,0,0,0.1,1,0.2497948232
CDK5R1,1,EGR1,66,66,106,0,0,0,0,0,0,0,1,0.1363636364,1,CDK5R1,None Found,,"Apoptosis, Proliferation of cells",None Found,None Found,1,0.003787878788,0,0,1,1,0,0,0,0,0.1,2,0.2497948232
TNFSF10,1,EGR1,66,66,106,0,0,0,0,0,0,0,1,0.1363636364,1,TNFSF10,None Found,,"Apoptosis, Cell Signaling, Proliferation of cells",None Found,None Found,2,0.007575757576,0,0,2,1,0,0,0,0,0.1,0,0.2503472222
SLC10A2,1,FOS,74,74,86,0,0,0,0,0,0,0,1,0.09459459459,1,SLC10A2,None Found,,None Found,None Found,None Found,3,0.01136363636,2,0.6666666667,1,0.3333333333,0,0,0,0,0.1666666667,0,0.2505310708
CHGA,1,EGR1,66,66,106,0,0,0,0,0,0,0,1,0.1363636364,1,CHGA,None Found,,"Cell Signaling, Proliferation of cells",8.658506625,None Found,3,0.01136363636,0,0,3,1,0,0,0,0,0.1,0,0.2508996212
NGF,1,FOS,74,74,86,0,0,0,0,0,0,0,1,0.09459459459,1,NGF,None Found,,"Apoptosis, Cell Signaling, Proliferation of cells",None Found,None Found,6,0.02272727273,2,0.3333333333,3,0.5,0,0,1,0.1666666667,0.1666666667,1,0.2521882678
PDHA1,1,FOS,74,74,86,0,0,0,0,0,0,0,1,0.09459459459,1,PDHA1,None Found,,"Apoptosis, Cell Signaling",None Found,None Found,5,0.01893939394,2,0.4,2,0.4,0,0,1,0.2,0.18,0,0.2533025355
ACTA1,1,FOS,74,74,86,0,0,0,0,0,0,0,1,0.09459459459,1,ACTA1,None Found,,None Found,None Found,None Found,5,0.01893939394,2,0.4,2,0.4,0,0,1,0.2,0.18,0,0.2533025355
HMGN1,1,FOS,74,74,86,0,0,0,0,0,0,0,1,0.09459459459,1,HMGN1,TF,,Proliferation of cells,None Found,Unknown,1,0.003787878788,1,1,0,0,0,0,0,0,0.2,1,0.2535929395
SRR,1,FOS,74,74,86,0,0,0,0,0,0,0,1,0.09459459459,1,SRR,None Found,,Drug metabolism,None Found,None Found,1,0.003787878788,1,1,0,0,0,0,0,0,0.2,0,0.2535929395
NPY,1,FOS,74,74,86,0,0,0,0,0,0,0,1,0.09459459459,1,NPY,None Found,,"Cell Signaling, Proliferation of cells",None Found,None Found,1,0.003787878788,1,1,0,0,0,0,0,0,0.2,0,0.2535929395
NPPA,1,FOS,74,74,86,0,0,0,0,0,0,0,1,0.09459459459,1,NPPA,None Found,,Cell Signaling,None Found,None Found,1,0.003787878788,1,1,0,0,0,0,0,0,0.2,0,0.2535929395
CCK,1,FOS,74,74,86,0,0,0,0,0,0,0,1,0.09459459459,1,CCK,None Found,,"Apoptosis, Cell Signaling, Proliferation of cells",None Found,None Found,1,0.003787878788,1,1,0,0,0,0,0,0,0.2,0,0.2535929395
STAR,1,FOS,74,74,86,0,0,0,0,0,0,0,1,0.09459459459,1,STAR,None Found,,Apoptosis,None Found,None Found,2,0.007575757576,2,1,0,0,0,0,0,0,0.2,0,0.2541453385
BATF3,1,FOS,74,74,86,0,0,0,0,0,0,0,1,0.09459459459,1,BATF3,None Found,,Transcription regulation,None Found,None Found,2,0.007575757576,2,1,0,0,0,0,0,0,0.2,0,0.2541453385
LRIG2,1,FOS,74,74,86,0,0,0,0,0,0,0,1,0.09459459459,1,LRIG2,None Found,,Cell Signaling,None Found,None Found,6,0.02272727273,5,0.8333333333,1,0.1666666667,0,0,0,0,0.1833333333,0,0.2542716011
MFI2,1,FOS,74,74,86,0,0,0,0,0,0,0,1,0.09459459459,1,MFI2,None Found,,None Found,None Found,None Found,12,0.04545454545,7,0.5833333333,5,0.4166666667,0,0,0,0,0.1583333333,0,0.2544609951
TBP,1,FOS,74,74,86,0,0,0,0,0,0,0,1,0.09459459459,1,TBP,TF,,None Found,None Found,Activation,3,0.01136363636,3,1,0,0,0,0,0,0,0.2,1,0.2546977375
AHR,1,FOS,74,74,86,0,0,0,0,0,0,0,1,0.09459459459,1,AHR,TF,,"Transcription regulation, Apoptosis, Proliferation of cells",None Found,Unknown,3,0.01136363636,3,1,0,0,0,0,0,0,0.2,1,0.2546977375
NEFL,1,FOS,74,74,86,0,0,0,0,0,0,0,1,0.09459459459,1,NEFL,None Found,,Apoptosis,None Found,None Found,3,0.01136363636,1,0.3333333333,1,0.3333333333,0,0,1,0.3333333333,0.2,0,0.2546977375
IMPDH2,1,EGR1,66,66,106,0,0,0,0,0,0,0,1,0.1363636364,1,IMPDH2,None Found,,Proliferation of cells,None Found,None Found,3,0.01136363636,1,0.3333333333,2,0.6666666667,0,0,0,0,0.1333333333,0,0.2550662879
FMO4,1,FOS,74,74,86,0,0,0,0,0,0,0,1,0.09459459459,1,FMO4,None Found,,Drug metabolism,None Found,None Found,7,0.02651515152,6,0.8571428571,1,0.1428571429,0,0,0,0,0.1857142857,0,0.2551216192
CYP1A2,1,FOS,74,74,86,0,0,0,0,0,0,0,1,0.09459459459,1,CYP1A2,None Found,,Drug metabolism,None Found,None Found,4,0.01515151515,2,0.5,1,0.25,0,0,1,0.25,0.2,0,0.2552501365
MMP3,1,FOS,74,74,86,0,0,0,0,0,0,0,1,0.09459459459,1,MMP3,None Found,,"Apoptosis, Cell Signaling, Proliferation of cells",None Found,None Found,4,0.01515151515,4,1,0,0,0,0,0,0,0.2,1,0.2552501365
PDGFC,1,EGR1,66,66,106,0,0,0,0,0,0,0,1,0.1363636364,1,PDGFC,None Found,,"Apoptosis, Cell Signaling, Proliferation of cells",None Found,None Found,2,0.007575757576,1,0.5,1,0.5,0,0,0,0,0.15,0,0.2565972222
PCK2,1,FOS,74,74,86,0,0,0,0,0,0,0,1,0.09459459459,1,PCK2,None Found,,"Cell Signaling, Proliferation of cells",None Found,None Found,9,0.03409090909,4,0.4444444444,3,0.3333333333,0,0,2,0.2222222222,0.1888888889,0,0.2566232426
MAML1,1,EGR1,66,66,106,0,0,0,0,0,0,0,1,0.1363636364,1,MAML1,TF,,"Cell Signaling, Proliferation of cells",None Found,Activation,5,0.01893939394,2,0.4,3,0.6,0,0,0,0,0.14,1,0.2570044192
RELA,6,"BIRC5,MMP9,SERPINE1,EGR1,PGR,JUNB",351,"74,81,71,66,58,1","26,32,24,106,34,9",0,0,0,0,0,0,0,0.3333333333,0.378992629,1,RELA,Cigene,0.5,"Apoptosis, Cell Signaling, Proliferation of cells",None Found,Repression,1,0.003787878788,1,1,0,0,0,0,0,0,0.2,6,0.2572869745
FAS,2,"EGR1,FOS",140,"66,74","106,86",0,0,0,0,0,0,0,1,0.1154791155,1,FAS,None Found,,"Apoptosis, Cell Signaling, Proliferation of cells",None Found,None Found,1,0.003787878788,1,1,0,0,0,0,0,0,0.2,0,0.2579438814
NOS2,1,FOS,74,74,86,0,0,0,0,0,0,0,1,0.09459459459,1,NOS2,None Found,,"Apoptosis, Cell Signaling, Proliferation of cells",4.345697573,None Found,14,0.05303030303,11,0.7857142857,3,0.2142857143,0,0,0,0,0.1785714286,0,0.258095555
GTF2I,1,FOS,74,74,86,0,0,0,0,0,0,0,1,0.09459459459,1,GTF2I,TF,,"Cell Signaling, Proliferation of cells",None Found,Activation,5,0.01893939394,4,0.8,0,0,0,0,1,0.2,0.22,1,0.2583025355
SP4,2,"BIRC5,ERBB2",153,"74,79","26,31",0,0,0,0,0,0,0,0.5,0.6216216216,1,SP4,TF,,Transcription regulation,None Found,Activation,8,0.0303030303,5,0.625,3,0.375,0,0,0,0,0.1625,2,0.2584028631
PLAU,2,"EGR1,FOS",140,"66,74","106,86",0,0,0,0,0,0,0,1,0.1154791155,1,PLAU,None Found,,"Apoptosis, Cell Signaling, Proliferation of cells",None Found,None Found,2,0.007575757576,0,0,1,0.5,0,0,1,0.5,0.2,1,0.2584962804
LDLR,1,EGR1,66,66,106,0,0,0,0,0,0,0,1,0.1363636364,1,LDLR,None Found,,Apoptosis,None Found,None Found,3,0.01136363636,2,0.6666666667,1,0.3333333333,0,0,0,0,0.1666666667,0,0.2592329545
NF1,2,"FOS,PLAT",74,74,"86,9",0,0,0,0,0,0,0,0.5,0.09459459459,1,NF1,Tumorsupressor,0.5,Cell Signaling,None Found,Activation,36,0.1363636364,13,0.3611111111,7,0.1944444444,13,0.3611111111,3,0.08333333333,0.2611111111,1,0.2597324597
STAT6,2,"EGR1,FOS",140,"66,74","106,86",0,0,0,0,0,0,0,1,0.1154791155,1,STAT6,TF,,Cell Signaling,None Found,Activation,12,0.04545454545,5,0.4166666667,6,0.5,1,0.08333333333,0,0,0.1666666667,3,0.2598536036
CD40LG,1,FOS,74,74,86,0,0,0,0,0,0,0,1,0.09459459459,1,CD40LG,None Found,,"Apoptosis, Cell Signaling, Proliferation of cells",None Found,None Found,2,0.007575757576,1,0.5,0,0,0,0,1,0.5,0.25,0,0.2603953385
HSPH1,1,FOS,74,74,86,0,0,0,0,0,0,0,1,0.09459459459,1,HSPH1,None Found,,Apoptosis,None Found,None Found,6,0.02272727273,4,0.6666666667,0,0,0,0,2,0.3333333333,0.2333333333,0,0.2605216011
FIGF,1,FOS,74,74,86,0,0,0,0,0,0,0,1,0.09459459459,1,FIGF,None Found,,Proliferation of cells,None Found,None Found,6,0.02272727273,4,0.6666666667,0,0,0,0,2,0.3333333333,0.2333333333,0,0.2605216011
LAT,1,EGR1,66,66,106,0,0,0,0,0,0,0,1,0.1363636364,1,LAT,None Found,,"Cell Signaling, Proliferation of cells",None Found,None Found,1,0.003787878788,1,1,0,0,0,0,0,0,0.2,0,0.2622948232
IL3,1,EGR1,66,66,106,0,0,0,0,0,0,0,1,0.1363636364,1,IL3,None Found,,"Apoptosis, Cell Signaling",None Found,None Found,1,0.003787878788,1,1,0,0,0,0,0,0,0.2,0,0.2622948232
ATF5,1,EGR1,66,66,106,0,0,0,0,0,0,0,1,0.1363636364,1,ATF5,TF,,"Transcription regulation, Apoptosis, Proliferation of cells",None Found,Unknown,2,0.007575757576,2,1,0,0,0,0,0,0,0.2,1,0.2628472222
TOE1,1,EGR1,66,66,106,0,0,0,0,0,0,0,1,0.1363636364,1,TOE1,None Found,,None Found,None Found,None Found,2,0.007575757576,0,0,1,0.5,0,0,1,0.5,0.2,0,0.2628472222
SOD1,1,EGR1,66,66,106,0,0,0,0,0,0,0,1,0.1363636364,1,SOD1,None Found,,"Apoptosis, Proliferation of cells",None Found,None Found,2,0.007575757576,2,1,0,0,0,0,0,0,0.2,0,0.2628472222
F3,1,EGR1,66,66,106,0,0,0,0,0,0,0,1,0.1363636364,1,F3,None Found,,"Apoptosis, Proliferation of cells",-2.533068788,None Found,2,0.007575757576,0,0,1,0.5,0,0,1,0.5,0.2,0,0.2628472222
CD28,1,EGR1,66,66,106,0,0,0,0,0,0,0,1,0.1363636364,1,CD28,None Found,,"Apoptosis, Cell Signaling, Proliferation of cells",None Found,None Found,2,0.007575757576,2,1,0,0,0,0,0,0,0.2,0,0.2628472222
CASP9,1,FOS,74,74,86,0,0,0,0,0,0,0,1,0.09459459459,1,CASP9,None Found,,"Apoptosis, Cell Signaling, Proliferation of cells",None Found,None Found,3,0.01136363636,1,0.3333333333,0,0,0,0,2,0.6666666667,0.2666666667,0,0.2630310708
TMPO,1,EGR1,66,66,106,0,0,0,0,0,0,0,1,0.1363636364,1,TMPO,None Found,,"Cell Signaling, Proliferation of cells",None Found,None Found,4,0.01515151515,4,1,0,0,0,0,0,0,0.2,0,0.2639520202
STIM1,1,EGR1,66,66,106,0,0,0,0,0,0,0,1,0.1363636364,1,STIM1,None Found,,"Apoptosis, Cell Signaling, Proliferation of cells",None Found,None Found,4,0.01515151515,2,0.5,1,0.25,0,0,1,0.25,0.2,0,0.2639520202
POR,1,EGR1,66,66,106,0,0,0,0,0,0,0,1,0.1363636364,1,POR,None Found,,"Apoptosis, Proliferation of cells",None Found,None Found,4,0.01515151515,0,0,2,0.5,0,0,2,0.5,0.2,0,0.2639520202
SLC9A3,1,EGR1,66,66,106,0,0,0,0,0,0,0,1,0.1363636364,1,SLC9A3,None Found,,None Found,6.699056527,None Found,5,0.01893939394,3,0.6,1,0.2,0,0,1,0.2,0.2,0,0.2645044192
ERCC4,1,FOS,74,74,86,0,0,0,0,0,0,0,1,0.09459459459,1,ERCC4,None Found,,None Found,None Found,None Found,9,0.03409090909,4,0.4444444444,1,0.1111111111,2,0.2222222222,2,0.2222222222,0.2555555556,0,0.2649565759
OXTR,1,FOS,74,74,86,0,0,0,0,0,0,0,1,0.09459459459,1,OXTR,None Found,,"Cell Signaling, Proliferation of cells",-6.207909869,None Found,1,0.003787878788,0,0,0,0,0,0,1,1,0.3,0,0.2660929395
SLC4A2,1,EGR1,66,66,106,0,0,0,0,0,0,0,1,0.1363636364,1,SLC4A2,None Found,,Apoptosis,None Found,None Found,14,0.05303030303,9,0.6428571429,4,0.2857142857,0,0,1,0.07142857143,0.1785714286,0,0.2667974387
RAG2,1,EGR1,66,66,106,0,0,0,0,0,0,0,1,0.1363636364,1,RAG2,None Found,,Cell Signaling,None Found,None Found,5,0.01893939394,4,0.8,0,0,0,0,1,0.2,0.22,0,0.2670044192
PSEN2,1,EGR1,66,66,106,0,0,0,0,0,0,0,1,0.1363636364,1,PSEN2,None Found,,Cell Signaling,None Found,None Found,5,0.01893939394,4,0.8,0,0,0,0,1,0.2,0.22,0,0.2670044192
KLK3,1,EGR1,66,66,106,0,0,0,0,0,0,0,1,0.1363636364,1,KLK3,None Found,,"Apoptosis, Proliferation of cells",-6.768591929,None Found,5,0.01893939394,2,0.4,1,0.2,0,0,2,0.4,0.22,0,0.2670044192
GGPS1,1,EGR1,66,66,106,0,0,0,0,0,0,0,1,0.1363636364,1,GGPS1,None Found,,Drug metabolism,None Found,None Found,5,0.01893939394,2,0.4,1,0.2,0,0,2,0.4,0.22,0,0.2670044192
WNT4,1,EGR1,66,66,106,0,0,0,0,0,0,0,1,0.1363636364,1,WNT4,None Found,,"Cell Signaling, Proliferation of cells",-3.682056459,None Found,4,0.01515151515,3,0.75,0,0,0,0,1,0.25,0.225,0,0.2670770202
FCER2,1,EGR1,66,66,106,0,0,0,0,0,0,0,1,0.1363636364,1,FCER2,None Found,,"Apoptosis, Proliferation of cells",None Found,None Found,4,0.01515151515,1,0.25,1,0.25,0,0,2,0.5,0.225,0,0.2670770202
EAPP,1,EGR1,66,66,106,0,0,0,0,0,0,0,1,0.1363636364,1,EAPP,TF,,None Found,None Found,None Found,4,0.01515151515,2,0.5,1,0.25,1,0.25,0,0,0.225,0,0.2670770202
SPRY1,1,EGR1,66,66,106,0,0,0,0,0,0,0,1,0.1363636364,1,SPRY1,None Found,,Proliferation of cells,-2.790660858,None Found,6,0.02272727273,4,0.6666666667,1,0.1666666667,1,0.1666666667,0,0,0.2166666667,0,0.2671401515
SPRR3,1,FOS,74,74,86,0,0,0,0,0,0,0,1,0.09459459459,1,SPRR3,None Found,,Proliferation of cells,-8.668595197,None Found,3,0.01136363636,0,0,0,0,0,0,3,1,0.3,0,0.2671977375
MMP7,1,FOS,74,74,86,0,0,0,0,0,0,0,1,0.09459459459,1,MMP7,None Found,,"Apoptosis, Cell Signaling, Proliferation of cells",None Found,None Found,3,0.01136363636,0,0,0,0,0,0,3,1,0.3,1,0.2671977375
CACNA1H,1,EGR1,66,66,106,0,0,0,0,0,0,0,1,0.1363636364,1,CACNA1H,None Found,,Cell Signaling,None Found,None Found,10,0.03787878788,4,0.4,4,0.4,2,0.2,0,0,0.2,0,0.2672664141
NAB2,1,EGR1,66,66,106,0,0,0,0,0,0,0,1,0.1363636364,1,NAB2,TF,,Proliferation of cells,None Found,Repression,7,0.02651515152,2,0.2857142857,2,0.2857142857,0,0,3,0.4285714286,0.2142857143,1,0.2673949315
LMTK2,1,EGR1,66,66,106,0,0,0,0,0,0,0,1,0.1363636364,1,LMTK2,None Found,,None Found,None Found,None Found,15,0.05681818182,9,0.6,5,0.3333333333,1,0.06666666667,0,0,0.18,0,0.2675284091
FASLG,1,EGR1,66,66,106,0,0,0,0,0,0,0,1,0.1363636364,1,FASLG,None Found,,"Apoptosis, Proliferation of cells",None Found,None Found,3,0.01136363636,2,0.6666666667,0,0,0,0,1,0.3333333333,0.2333333333,0,0.2675662879
ACHE,1,EGR1,66,66,106,0,0,0,0,0,0,0,1,0.1363636364,1,ACHE,None Found,,"Apoptosis, Proliferation of cells",-2.947842682,None Found,3,0.01136363636,2,0.6666666667,0,0,0,0,1,0.3333333333,0.2333333333,0,0.2675662879
NCOA6,1,FOS,74,74,86,0,0,0,0,0,0,0,1,0.09459459459,1,NCOA6,TF,,"Transcription regulation, Apoptosis",None Found,Activation,20,0.07575757576,15,0.75,1,0.05,4,0.2,0,0,0.235,1,0.2684635203
PCSK2,1,EGR1,66,66,106,0,0,0,0,0,0,0,1,0.1363636364,1,PCSK2,None Found,,"Apoptosis, Cell Signaling, Proliferation of cells",None Found,None Found,9,0.03409090909,4,0.4444444444,2,0.2222222222,1,0.1111111111,2,0.2222222222,0.2222222222,0,0.2694917929
ACE,1,EGR1,66,66,106,0,0,0,0,0,0,0,1,0.1363636364,1,ACE,None Found,,"Apoptosis, Proliferation of cells",None Found,None Found,10,0.03787878788,7,0.7,1,0.1,1,0.1,1,0.1,0.22,0,0.2697664141
HPSE,1,EGR1,66,66,106,0,0,0,0,0,0,0,1,0.1363636364,1,HPSE,None Found,,"Apoptosis, Proliferation of cells",3.167506204,None Found,4,0.01515151515,3,0.75,0,0,1,0.25,0,0,0.25,0,0.2702020202
CYP2B6,1,EGR1,66,66,106,0,0,0,0,0,0,0,1,0.1363636364,1,CYP2B6,None Found,,Proliferation of cells,None Found,None Found,4,0.01515151515,3,0.75,0,0,1,0.25,0,0,0.25,0,0.2702020202
IL6,1,EGR1,66,66,106,0,0,0,0,0,0,0,1,0.1363636364,1,IL6,None Found,,"Apoptosis, Cell Signaling, Proliferation of cells",-3.692904801,None Found,4,0.01515151515,2,0.5,0,0,0,0,2,0.5,0.25,2,0.2702020202
CCND2,1,EGR1,66,66,106,0,0,0,0,0,0,0,1,0.1363636364,1,CCND2,None Found,,"Apoptosis, Cell Signaling, Proliferation of cells",None Found,None Found,6,0.02272727273,1,0.1666666667,1,0.1666666667,0,0,4,0.6666666667,0.25,0,0.2713068182
BCAR1,1,EGR1,66,66,106,0,0,0,0,0,0,0,1,0.1363636364,1,BCAR1,None Found,,"Apoptosis, Cell Signaling, Proliferation of cells",None Found,None Found,6,0.02272727273,4,0.6666666667,0,0,1,0.1666666667,1,0.1666666667,0.25,1,0.2713068182
FAP,1,EGR1,66,66,106,0,0,0,0,0,0,0,1,0.1363636364,1,FAP,None Found,,"Apoptosis, Cell Signaling, Proliferation of cells",3.369356365,None Found,9,0.03409090909,6,0.6666666667,0,0,1,0.1111111111,2,0.2222222222,0.2444444444,0,0.2722695707
SYN2,1,EGR1,66,66,106,0,0,0,0,0,0,0,1,0.1363636364,1,SYN2,None Found,,None Found,None Found,None Found,7,0.02651515152,1,0.1428571429,1,0.1428571429,0,0,5,0.7142857143,0.2571428571,0,0.2727520743
HSF2,1,FOS,74,74,86,0,0,0,0,0,0,0,1,0.09459459459,1,HSF2,TF,,Transcription regulation,None Found,Unknown,2,0.007575757576,0,0,0,0,1,0.5,1,0.5,0.35,1,0.2728953385
SYN1,1,EGR1,66,66,106,0,0,0,0,0,0,0,1,0.1363636364,1,SYN1,None Found,,Proliferation of cells,5.450999565,None Found,9,0.03409090909,4,0.4444444444,1,0.1111111111,2,0.2222222222,2,0.2222222222,0.2555555556,0,0.2736584596
FN1,1,EGR1,66,66,106,0,0,0,0,0,0,0,1,0.1363636364,1,FN1,None Found,,"Apoptosis, Cell Signaling, Proliferation of cells",4.232064555,None Found,22,0.08333333333,10,0.4545454545,6,0.2727272727,1,0.04545454545,5,0.2272727273,0.2045454545,1,0.2744633838
ID3,1,EGR1,66,66,106,0,0,0,0,0,0,0,1,0.1363636364,1,ID3,TF,,"Apoptosis, Cell Signaling, Proliferation of cells",None Found,None Found,2,0.007575757576,0,0,0,0,0,0,2,1,0.3,1,0.2753472222
FGF2,1,EGR1,66,66,106,0,0,0,0,0,0,0,1,0.1363636364,1,FGF2,None Found,,"Apoptosis, Cell Signaling, Proliferation of cells",0.1446659799,None Found,3,0.01136363636,1,0.3333333333,0,0,1,0.3333333333,1,0.3333333333,0.3,0,0.2758996212
IL2RB,1,EGR1,66,66,106,0,0,0,0,0,0,0,1,0.1363636364,1,IL2RB,None Found,,"Apoptosis, Cell Signaling, Proliferation of cells",None Found,None Found,4,0.01515151515,2,0.5,0,0,2,0.5,0,0,0.3,0,0.2764520202
DMRT1,1,EGR1,66,66,106,0,0,0,0,0,0,0,1,0.1363636364,1,DMRT1,None Found,,"Transcription regulation, Apoptosis",None Found,None Found,1,0.003787878788,0,0,0,0,1,1,0,0,0.4,0,0.2872948232
ALOX5,1,EGR1,66,66,106,0,0,0,0,0,0,0,1,0.1363636364,1,ALOX5,None Found,,"Apoptosis, Cell Signaling, Proliferation of cells",None Found,None Found,1,0.003787878788,0,0,0,0,1,1,0,0,0.4,0,0.2872948232
ESR2,3,"SERPINE1,FOS,JUN",151,"71,74,6","24,86,33",0,0,0,0,0,0,0,0.3333333333,0.09459459459,1,ESR2,"Cigene, Tumorsupressor, Oncogene",1,Cell Signaling,None Found,Unknown,6,0.02272727273,4,0.6666666667,0,0,0,0,2,0.3333333333,0.2333333333,2,0.2882993789
PPARG,3,"MMP9,SERPINE1,EGR1",218,"81,71,66","32,24,106",0,0,0,0,0,0,0,0.3333333333,0.1363636364,1,PPARG,"Cigene, Tumorsupressor, Oncogene",1,"Apoptosis, Cell Signaling, Proliferation of cells",-3.620634432,Unknown,5,0.01893939394,5,1,0,0,0,0,0,0,0.2,4,0.292282197
HIF1A,3,"MUC1,SERPINE1,EGR1",196,"59,71,66","10,24,106",0,0,0,0,0,0,0,0.3333333333,0.1363636364,1,HIF1A,"Cigene, Tumorsupressor, Oncogene",1,"Apoptosis, Cell Signaling, Proliferation of cells",None Found,Unknown,8,0.0303030303,4,0.5,2,0.25,1,0.125,1,0.125,0.2125,2,0.2955018939
CTNNB1,3,"BIRC5,ESR1,JUN",152,"74,72,6","26,89,33",0,0,0,0,0,0,0,0.3333333333,0.6216216216,1,CTNNB1,"Cigene, Oncogene",0.5,Cell Signaling,None Found,Unknown,5,0.01893939394,2,0.4,3,0.6,0,0,0,0,0.14,3,0.3025442772
HDAC1,6,"BIRC5,MMP9,ESR1,EGR1,FOS,CLDN7",421,"74,81,72,66,74,54","26,32,89,106,86,5",0,0,0,0,0,0,0,0.6666666667,0.2455523706,1,HDAC1,Oncogene,0.5,"Apoptosis, Cell Signaling, Proliferation of cells",None Found,Activation,10,0.03787878788,3,0.3,4,0.4,2,0.2,1,0.1,0.21,6,0.305152956
RUNX3,2,"MMP9,CLDN7",135,"81,54","32,5",0,0,0,0,0,0,0,0.5,0.1296296296,1,RUNX3,"Tumorsupressor, Oncogene",1,"Transcription regulation, Apoptosis, Proliferation of cells",None Found,Activation,1,0.003787878788,0,0,1,1,0,0,0,0,0.1,2,0.3108919052
HOPX,1,FOS,74,74,86,0,0,0,0,0,0,0,1,0.09459459459,1,HOPX,Tumorsupressor,0.5,"Transcription regulation, Proliferation of cells",None Found,Repression,0,0,0,0,0,0,0,0,0,0,0,1,0.3113738739
NQO1,1,FOS,74,74,86,0,0,0,0,0,0,0,1,0.09459459459,1,NQO1,Cigene,0.5,"Apoptosis, Proliferation of cells",None Found,None Found,0,0,0,0,0,0,0,0,0,0,0,0,0.3113738739
BIRC5,74,"TP73,TP53,TCF7L2,TCF4,STAT3,SP4,SP3,SP1,RELA,RB1,NFKB1,MYCN,LEF1,KLF5,KLF4,ILF3,HDAC1,FOXO3,EP300,EHMT2,E2F4,E2F1,DNMT1,CTNNB1,APC,AURKC,CENPU,CENPA,CENPN,CENPH,CDC20,CDCA8,CCNB2,CENPK,AURKB,BIRC5,ZWINT,KIF2C,BUB1,CDK1,CENPF,CCNB1,BUB1B,NDC80,MAD2L1,CENPE,CDCA5,SPC24,SKA1,PLK1,CASC5,NUF2,KNTC1,SGOL1,ESPL1,KIF18A,SPC25,INCENP,ERCC6L,XPO1,NUSAP1,KIF20A,TOP2A,UBE2C,DLGAP5,CCNA2,TPX2,KIF11,AURKA,PBK,TTK,RACGAP1,KIF23,CENPM",155,"2,4,1,3,5,2,4,13,6,2,6,1,2,4,2,1,6,1,4,1,1,4,1,3,1,74,1","1,5,2,2,5,2,2,10,6,2,4,1,2,4,2,1,6,1,6,1,1,2,1,3,1,1,1,1,1,1,1,1,1,1,1,26,1,1,1,1,1,1,1,1,1,1,1,1,1,1,1,1,1,1,1,1,1,1,1,1,1,1,1,1,1,1,1,1,1,1,1,1,1,1",56,14.2,14.2,0.001918918919,41,13,2,0.6216216216,0.2905405405,0.04347826087,BIRC5,Oncogene,0.5,"Apoptosis, Cell Signaling, Proliferation of cells",4.843343632,None Found,1,0.003787878788,0,0,0,0,0,0,1,1,0.3,26,0.3116993584
TWIST2,1,FOS,74,74,86,0,0,0,0,0,0,0,1,0.09459459459,1,TWIST2,Tumorsupressor,0.5,"Apoptosis, Proliferation of cells",None Found,Activation,1,0.003787878788,0,0,1,1,0,0,0,0,0.1,1,0.3244262729
ZBTB7A,1,FOS,74,74,86,0,0,0,0,0,0,0,1,0.09459459459,1,ZBTB7A,Oncogene,0.5,"Transcription regulation, Apoptosis, Proliferation of cells",None Found,Repression,3,0.01136363636,0,0,3,1,0,0,0,0,0.1,1,0.3255310708
TCF4,3,"BIRC5,EGR1,JUN",146,"74,66,6","26,106,33",0,0,0,0,0,0,0,0.6666666667,0.378992629,1,TCF4,Tumorsupressor,0.5,"Transcription regulation, Apoptosis, Proliferation of cells",None Found,Unknown,10,0.03787878788,6,0.6,4,0.4,0,0,0,0,0.16,2,0.3267030098
ETS1,2,"MMP9,EGR1",147,"81,66","32,106",0,0,0,0,0,0,0,0.5,0.1363636364,1,ETS1,"Cigene, Tumorsupressor, Oncogene",1,"Apoptosis, Cell Signaling, Proliferation of cells",None Found,Activation,11,0.04166666667,2,0.1818181818,5,0.4545454545,0,0,4,0.3636363636,0.1909090909,3,0.3291824495
SOX7,1,FOS,74,74,86,0,0,0,0,0,0,0,1,0.09459459459,1,SOX7,Tumorsupressor,0.5,"Transcription regulation, Proliferation of cells",-0.756745042,None Found,3,0.01136363636,1,0.3333333333,2,0.6666666667,0,0,0,0,0.1333333333,0,0.3296977375
MMP1,1,FOS,74,74,86,0,0,0,0,0,0,0,1,0.09459459459,1,MMP1,Cigene,0.5,"Apoptosis, Cell Signaling, Proliferation of cells",-1.160650572,None Found,1,0.003787878788,1,1,0,0,0,0,0,0,0.2,1,0.3369262729
ERBB2,79,"YY1,YBX1,XRCC6,XRCC5,WWP1,VDR,TFAP2C,TFAP2B,TFAP2A,SP4,SP3,SP1,PURA,PGR,PAX2,NCOA3,MYB,JUND,GATA4,GABPA,FOXP3,ETV4,EP300,ELK1,ELF1,ECD,CREB1,ATF7,ATF1,AR,PLXNB1,SEMA4D,GRB7,ERRFI1,TFF3,AREG,BTC,EREG,ADAM17,NRG1,NRG2,NRG3,PTK6,MEMO1,PTPN12,IL6,TGFA,CD44,MAPK8,HBEGF,PIK3CA,SHC1,PIK3R1,ERBB3,PTPN11,SOS1,FYN,RHOA,JAK2,PLCG1,RHOC,PLCG2,HRAS,KRAS,NRAS,CTNNB1,VEGFA,PIK3R2,HSP90AA1,ERBB2IP,PTK2,STUB1,ERBB2,EGFR,EGF,SRC,GAB1,GRB2,PTPN18",211,"2,1,1,1,1,1,2,1,3,2,4,13,1,58,1,1,2,2,1,1,2,1,4,2,1,1,4,1,1,5,1,1,3,3,79,3","4,1,1,1,1,1,2,1,3,2,2,10,1,34,1,3,1,5,1,1,1,1,6,2,1,1,2,1,1,3,1,1,1,1,1,1,1,1,1,1,1,1,1,1,1,2,1,2,2,2,4,2,2,1,2,2,1,2,1,2,2,1,2,2,2,3,3,1,3,1,1,2,31,2,2,5,2,2,1",41,11.6,11.6,0.00146835443,24,11,6,0.0253164557,1,0.5,ERBB2,"Cigene, Oncogene",0.5,"Apoptosis, Cell Signaling, Proliferation of cells",None Found,None Found,28,0.1060606061,25,0.8928571429,2,0.07142857143,0,0,1,0.03571428571,0.1964285714,31,0.3371758064
RBL2,1,EGR1,66,66,106,0,0,0,0,0,0,0,1,0.1363636364,1,RBL2,Tumorsupressor,0.5,Cell Signaling,None Found,None Found,2,0.007575757576,1,0.5,1,0.5,0,0,0,0,0.15,0,0.3399305556
PLAUR,2,"EGR1,FOS",140,"66,74","106,86",0,0,0,0,0,0,0,1,0.1154791155,1,PLAUR,Cigene,0.5,"Apoptosis, Proliferation of cells",3.045628499,None Found,2,0.007575757576,2,1,0,0,0,0,0,0,0.2,1,0.3418296137
IFNG,1,EGR1,66,66,106,0,0,0,0,0,0,0,1,0.1363636364,1,IFNG,Oncogene,0.5,"Apoptosis, Cell Signaling, Proliferation of cells",None Found,None Found,3,0.01136363636,2,0.6666666667,1,0.3333333333,0,0,0,0,0.1666666667,0,0.3425662879
TFPI2,1,EGR1,66,66,106,0,0,0,0,0,0,0,1,0.1363636364,1,TFPI2,Tumorsupressor,0.5,"Apoptosis, Cell Signaling, Proliferation of cells",None Found,None Found,5,0.01893939394,3,0.6,2,0.4,0,0,0,0,0.16,0,0.3428377525
MMP14,1,EGR1,66,66,106,0,0,0,0,0,0,0,1,0.1363636364,1,MMP14,Cigene,0.5,"Apoptosis, Cell Signaling, Proliferation of cells",None Found,None Found,4,0.01515151515,3,0.75,1,0.25,0,0,0,0,0.175,0,0.3441603535
ATF3,1,EGR1,66,66,106,0,0,0,0,0,0,0,1,0.1363636364,1,ATF3,"Cigene, Oncogene",0.5,"Apoptosis, Cell Signaling, Proliferation of cells",None Found,None Found,4,0.01515151515,3,0.75,1,0.25,0,0,0,0,0.175,0,0.3441603535
EZR,1,FOS,74,74,86,0,0,0,0,0,0,0,1,0.09459459459,1,EZR,Cigene,0.5,"Apoptosis, Proliferation of cells",-0.5852089833,None Found,6,0.02272727273,2,0.3333333333,1,0.1666666667,1,0.1666666667,2,0.3333333333,0.25,0,0.3459382678
STMN1,1,EGR1,66,66,106,0,0,0,0,0,0,0,1,0.1363636364,1,STMN1,Oncogene,0.5,"Apoptosis, Cell Signaling, Proliferation of cells",2.476243733,None Found,2,0.007575757576,0,0,1,0.5,0,0,1,0.5,0.2,0,0.3461805556
ABCB1,1,EGR1,66,66,106,0,0,0,0,0,0,0,1,0.1363636364,1,ABCB1,Cigene,0.5,"Apoptosis, Proliferation of cells",-3.564622798,None Found,15,0.05681818182,7,0.4666666667,8,0.5333333333,0,0,0,0,0.1466666667,0,0.3466950758
SMARCA4,1,FOS,74,74,86,0,0,0,0,0,0,0,1,0.09459459459,1,SMARCA4,Tumorsupressor,0.5,"Transcription regulation, Apoptosis, Proliferation of cells",None Found,Repression,15,0.05681818182,8,0.5333333333,3,0.2,2,0.1333333333,2,0.1333333333,0.22,1,0.3471598587
CXCL8,2,"EGR1,FOS",140,"66,74","106,86",0,0,0,0,0,0,0,1,0.1154791155,1,CXCL8,Cigene,0.5,"Apoptosis, Cell Signaling, Proliferation of cells",None Found,None Found,2,0.007575757576,1,0.5,0,0,0,0,1,0.5,0.25,1,0.3480796137
FOXA1,1,FOS,74,74,86,0,0,0,0,0,0,0,1,0.09459459459,1,FOXA1,Oncogene,0.5,"Transcription regulation, Proliferation of cells",None Found,None Found,22,0.08333333333,22,1,0,0,0,0,0,0,0.2,3,0.3485266517
MITF,1,FOS,74,74,86,0,0,0,0,0,0,0,1,0.09459459459,1,MITF,Oncogene,0.5,"Apoptosis, Proliferation of cells",None Found,Activation,7,0.02651515152,2,0.2857142857,0,0,0,0,5,0.7142857143,0.2714285714,1,0.3491692382
CDKN1A,2,"ESR1,EGR1",138,"72,66","89,106",0,0,0,0,0,0,0,0.5,0.1363636364,1,CDKN1A,"Tumorsupressor, Oncogene",1,"Apoptosis, Cell Signaling, Proliferation of cells",None Found,None Found,1,0.003787878788,0,0,0,0,1,1,0,0,0.4,0,0.3497948232
IL2,1,EGR1,66,66,106,0,0,0,0,0,0,0,1,0.1363636364,1,IL2,Proto-oncogene,0.5,Cell Signaling,None Found,None Found,2,0.007575757576,1,0.5,0,0,0,0,1,0.5,0.25,0,0.3524305556
STAT3,5,"BIRC5,MMP9,MUC1,FOS,JUNB",289,"74,81,59,74,1","26,32,10,86,9",0,0,0,0,0,0,0,0.4,0.3581081081,1,STAT3,"Cigene, Tumorsupressor, Oncogene",1,"Apoptosis, Cell Signaling, Proliferation of cells",None Found,Activation,8,0.0303030303,7,0.875,1,0.125,0,0,0,0,0.1875,5,0.3524625478
CTBP1,1,CLDN7,54,54,5,0,0,0,0,0,0,0,1,0.1296296296,1,CTBP1,"Tumorsupressor, Cigene",0.5,Cell Signaling,None Found,Repression,7,0.02651515152,1,0.1428571429,1,0.1428571429,0,0,5,0.7142857143,0.2571428571,1,0.3546824896
PDGFB,1,EGR1,66,66,106,0,0,0,0,0,0,0,1,0.1363636364,1,PDGFB,Oncogene,0.5,"Apoptosis, Cell Signaling, Proliferation of cells",None Found,None Found,3,0.01136363636,1,0.3333333333,0,0,0,0,2,0.6666666667,0.2666666667,1,0.3550662879
TGFBR2,1,EGR1,66,66,106,0,0,0,0,0,0,0,1,0.1363636364,1,TGFBR2,Tumorsupressor,0.5,"Apoptosis, Cell Signaling, Proliferation of cells",None Found,None Found,5,0.01893939394,3,0.6,0,0,1,0.2,1,0.2,0.26,0,0.3553377525
LEF1,2,"BIRC5,ESR1",146,"74,72","26,89",0,0,0,0,0,0,0,0.5,0.6216216216,1,LEF1,Oncogene,0.5,"Apoptosis, Cell Signaling, Proliferation of cells",None Found,Unknown,2,0.007575757576,0,0,0,0,0,0,2,1,0.3,2,0.3556093025
DDIT3,1,FOS,74,74,86,0,0,0,0,0,0,0,1,0.09459459459,1,DDIT3,Oncogene,0.5,"Apoptosis, Cell Signaling, Proliferation of cells",None Found,None Found,2,0.007575757576,0,0,0,0,1,0.5,1,0.5,0.35,0,0.3562286719
NFKB1,6,"BIRC5,MMP9,SERPINE1,EGR1,FOS,JUNB",367,"74,81,71,66,74,1","26,32,24,106,86,9",0,0,0,0,0,0,0,0.5,0.2841932842,1,NFKB1,"Cigene, Tumorsupressor, Oncogene",1,"Apoptosis, Cell Signaling, Proliferation of cells",None Found,Repression,7,0.02651515152,4,0.5714285714,2,0.2857142857,0,0,1,0.1428571429,0.1857142857,4,0.3571213462
IGF2,1,EGR1,66,66,106,0,0,0,0,0,0,0,1,0.1363636364,1,IGF2,Oncogene,0.5,"Apoptosis, Proliferation of cells",None Found,None Found,1,0.003787878788,0,0,0,0,0,0,1,1,0.3,1,0.3581281566
PTP4A1,1,EGR1,66,66,106,0,0,0,0,0,0,0,1,0.1363636364,1,PTP4A1,Oncogene,0.5,Proliferation of cells,None Found,None Found,2,0.007575757576,0,0,0,0,0,0,2,1,0.3,0,0.3586805556
GDF15,1,EGR1,66,66,106,0,0,0,0,0,0,0,1,0.1363636364,1,GDF15,Cigene,0.5,"Apoptosis, Cell Signaling, Proliferation of cells",None Found,None Found,1,0.003787878788,0,0,0,0,1,1,0,0,0.4,0,0.3706281566
AKR1B1,1,EGR1,66,66,106,0,0,0,0,0,0,0,1,0.1363636364,1,AKR1B1,Tumorsupressor,0.5,"Apoptosis, Proliferation of cells",None Found,None Found,1,0.003787878788,0,0,0,0,1,1,0,0,0.4,0,0.3706281566
PTEN,1,EGR1,66,66,106,0,0,0,0,0,0,0,1,0.1363636364,1,PTEN,Tumorsupressor,0.5,Cell Signaling,None Found,None Found,34,0.1287878788,18,0.5294117647,0,0,14,0.4117647059,2,0.05882352941,0.2882352941,2,0.374886735
E2F1,4,"BIRC5,SERPINE1,ESR1,PGR",275,"74,71,72,58","26,24,89,34",0,0,0,0,0,0,0,0.25,0.6216216216,1,E2F1,"Tumorsupressor, Oncogene",1,"Apoptosis, Proliferation of cells",4.23572194,Repression,4,0.01515151515,4,1,0,0,0,0,0,0,0.2,2,0.3754641005
KLF5,4,"BIRC5,MMP9,SERPINE1,EGR1",292,"74,81,71,66","26,32,24,106",0,0,0,0,0,0,0,0.5,0.378992629,1,KLF5,"Tumorsupressor, Oncogene",1,"Transcription regulation, Apoptosis, Proliferation of cells",None Found,Activation,2,0.007575757576,1,0.5,0,0,0,0,1,0.5,0.25,4,0.382144929
E2F4,1,BIRC5,74,74,26,0,0,0,0,0,0,0,1,0.6216216216,1,E2F4,TF,,Cell Signaling,None Found,Unknown,1,0.003787878788,0,0,0,0,1,1,0,0,0.4,1,0.3883902368
RB1,2,"BIRC5,FOS",148,"74,74","26,86",0,0,0,0,0,0,0,1,0.3581081081,1,RB1,Tumorsupressor,0.5,"Apoptosis, Proliferation of cells",None Found,Repression,20,0.07575757576,5,0.25,3,0.15,12,0.6,0,0,0.305,2,0.4154455023
SPI1,1,FOS,74,74,86,0,0,0,0,0,0,0,1,0.09459459459,1,SPI1,"Tumorsupressor, Oncogene",1,"Transcriptional misregulation, Apoptosis, Proliferation of cells",None Found,None Found,3,0.01136363636,3,1,0,0,0,0,0,0,0.2,0,0.4213644042
FOXO1,1,EGR1,66,66,106,0,0,0,0,0,0,0,1,0.1363636364,1,FOXO1,"Tumorsupressor, Oncogene",1,"Apoptosis, Cell Signaling, Proliferation of cells",None Found,Repression,2,0.007575757576,2,1,0,0,0,0,0,0,0.2,1,0.4295138889
CLU,1,FOS,74,74,86,0,0,0,0,0,0,0,1,0.09459459459,1,CLU,"Cigene, Tumorsupressor, Oncogene",1,"Apoptosis, Cell Signaling, Proliferation of cells",None Found,None Found,5,0.01893939394,3,0.6,0,0,1,0.2,1,0.2,0.26,0,0.4299692022
KLF4,2,"BIRC5,KRT19",128,"74,54","26,6",0,0,0,0,0,0,0,0.5,0.6216216216,1,KLF4,"Tumorsupressor, Oncogene",1,"Apoptosis, Cell Signaling, Proliferation of cells",None Found,Activation,4,0.01515151515,2,0.5,0,0,0,0,2,0.5,0.25,2,0.4337974338
EHMT2,1,BIRC5,74,74,26,0,0,0,0,0,0,0,1,0.6216216216,1,EHMT2,Oncogene,0.5,"Apoptosis, Proliferation of cells",None Found,Unknown,2,0.007575757576,2,1,0,0,0,0,0,0,0.2,1,0.4472759692
MYCN,1,BIRC5,74,74,26,0,0,0,0,0,0,0,1,0.6216216216,1,MYCN,Oncogene,0.5,"Transcriptional misregulation, Apoptosis, Proliferation of cells",None Found,Activation,3,0.01136363636,2,0.6666666667,0,0,0,0,1,0.3333333333,0.2333333333,1,0.4519950348
ILF3,1,BIRC5,74,74,26,0,0,0,0,0,0,0,1,0.6216216216,1,ILF3,Tumorsupressor,0.5,"Apoptosis, Proliferation of cells",None Found,Activation,10,0.03787878788,4,0.4,0,0,0,0,6,0.6,0.26,1,0.4591951611
APC,1,BIRC5,74,74,26,0,0,0,0,0,0,0,1,0.6216216216,1,APC,Tumorsupressor,0.5,Cell Signaling,None Found,Unknown,23,0.08712121212,18,0.7826086957,3,0.1304347826,2,0.08695652174,0,0,0.2043478261,1,0.4594198262
TP53,4,"BIRC5,ESR1,EGR1,FOS",286,"74,72,66,74","26,89,106,86",0,0,0,0,0,0,0,0.75,0.2841932842,1,TP53,Tumorsupressor,0.5,"Apoptosis, Cell Signaling, Proliferation of cells",None Found,Unknown,264,1,198,0.75,4,0.01515151515,59,0.2234848485,3,0.01136363636,0.2443181818,5,0.4751633736
TP73,2,"BIRC5,EGR1",140,"74,66","26,106",0,0,0,0,0,0,0,1,0.378992629,1,TP73,"Tumorsupressor, Oncogene",1,"Apoptosis, Cell Signaling, Proliferation of cells",None Found,Unknown,2,0.007575757576,2,1,0,0,0,0,0,0,0.2,1,0.4800615957
DNMT1,1,BIRC5,74,74,26,0,0,0,0,0,0,0,1,0.6216216216,1,DNMT1,"Cigene, Tumorsupressor, Oncogene",1,"Apoptosis, Proliferation of cells",None Found,Repression,9,0.03409090909,6,0.6666666667,3,0.3333333333,0,0,0,0,0.1666666667,1,0.5303094287
FOXO3,1,BIRC5,74,74,26,0,0,0,0,0,0,0,1,0.6216216216,1,FOXO3,"Proto-oncogene, Tumorsupressor",1,"Apoptosis, Cell Signaling, Proliferation of cells",None Found,Unknown,3,0.01136363636,1,0.3333333333,1,0.3333333333,0,0,1,0.3333333333,0.2,1,0.5311617015
TCF7L2,1,BIRC5,74,74,26,0,0,0,0,0,0,0,1,0.6216216216,1,TCF7L2,"Cigene, Tumorsupressor, Oncogene",1,"Apoptosis, Cell Signaling, Proliferation of cells",None Found,Activation,8,0.0303030303,5,0.625,0,0,0,0,3,0.375,0.2375,2,0.5386111964