Genes (Node 1),1-hop directly regulating (degree centrality),1-hop directly regulating genes,2-hop directly regulating,2-hop directly regulating,Regulating Mutually Exclusively (ones array),ME,category
MYCN,1,BIRC5,74,74,26,0,oncogene
ILF3,1,BIRC5,74,74,26,0,Tumorsupressor gene
FOXO3,1,BIRC5,74,74,26,0,"proto-oncogene, tumorsupressor"
EHMT2,1,BIRC5,74,74,26,0,oncogene
E2F4,1,BIRC5,74,74,26,0,TF
DNMT1,1,BIRC5,74,74,26,0,"oncogene, tumorsupressor, cigene"
APC,1,BIRC5,74,74,26,0,tumorsupressor
SPDEF,1,MMP9,81,81,32,0,"oncogene, tumorsupressor"
SP2,1,MMP9,81,81,32,0,TF
SIRT1,1,MMP9,81,81,32,0,"oncogene, tumorsupressor"
NFKBIA,1,MMP9,81,81,32,0,oncogene
MAZ,1,MMP9,81,81,32,0,Tumorsupressor gene
KLF8,1,MMP9,81,81,32,0,oncogene
KLF6,1,MMP9,81,81,32,0,"oncogene, tumorsupressor"
IKBKB,1,MMP9,81,81,32,0,oncogene
ELF4,1,MMP9,81,81,32,0,oncogene
CIITA,1,MMP9,81,81,32,0,oncogene
XBP1,1,ESR1,72,72,89,0,Tumorsupressor gene
NR2E3,1,ESR1,72,72,89,0,oncogene
MECP2,1,ESR1,72,72,89,0,cigene
LEF1,2,"BIRC5,ESR1",146,"74,72","26,89",0,oncogene
KDM4B,1,ESR1,72,72,89,0,Tumorsupressor gene
HDAC9,1,ESR1,72,72,89,0,Tumorsupressor gene
BARX2,1,ESR1,72,72,89,0,Tumorsupressor gene
BARD1,1,ESR1,72,72,89,0,"oncogene, tumorsupressor"
ZFHX3,1,ESR1,72,72,89,0,tumorsupressor
UGT2B15,1,ESR1,72,72,89,0,oncogene
UGT1A4,1,ESR1,72,72,89,0,Tumorsupressor gene
TYMS,1,ESR1,72,72,89,0,oncogene
TAC3,1,ESR1,72,72,89,0,Tumorsupressor gene
SERPINB9,1,ESR1,72,72,89,0,oncogene
RUNX2,1,ESR1,72,72,89,0,tumorsupressor
RET,1,ESR1,72,72,89,0,oncogene
RARA,1,ESR1,72,72,89,0,oncogene
PTMA,1,ESR1,72,72,89,0,oncogene
PMAIP1,1,ESR1,72,72,89,0,Tumorsupressor gene
OXT,1,ESR1,72,72,89,0,oncogene
NRF1,1,ESR1,72,72,89,0,tumorsupressor
NR5A2,1,ESR1,72,72,89,0,oncogene
MMP13,1,ESR1,72,72,89,0,cigene
MDM2,1,ESR1,72,72,89,0,oncogene
KDR,1,ESR1,72,72,89,0,cigene
HTRA2,1,ESR1,72,72,89,0,tumorsupressor
HSPB1,1,ESR1,72,72,89,0,oncogene
FOXP1,1,ESR1,72,72,89,0,"oncogene, tumorsupressor"
F12,1,ESR1,72,72,89,0,both
ESRRA,1,ESR1,72,72,89,0,Tumorsupressor gene
DCT,1,ESR1,72,72,89,0,Tumorsupressor gene
CYP2C19,1,ESR1,72,72,89,0,Tumorsupressor gene
CYP1B1,1,ESR1,72,72,89,0,Tumorsupressor gene
CYP1A1,1,ESR1,72,72,89,0,oncogene
CXCL12,1,ESR1,72,72,89,0,tumorsupressor
CRHBP,1,ESR1,72,72,89,0,oncogene
CRH,1,ESR1,72,72,89,0,both
CHAT,1,ESR1,72,72,89,0,both
CDKN1B,1,ESR1,72,72,89,0,"oncogene, tumorsupressor"
CDK4,1,ESR1,72,72,89,0,oncogene
CD24,1,ESR1,72,72,89,0,oncogene
BTG2,1,ESR1,72,72,89,0,tumorsupressor
BLM,1,ESR1,72,72,89,0,tumorsupressor
AVP,1,ESR1,72,72,89,0,oncogene
AMH,1,ESR1,72,72,89,0,tumorsupressor
YBX1,1,ERBB2,79,79,31,0,oncogene
XRCC6,1,ERBB2,79,79,31,0,tumorsupressor gene
XRCC5,1,ERBB2,79,79,31,0,tumorsupressor
WWP1,1,ERBB2,79,79,31,0,oncogene
VDR,1,ERBB2,79,79,31,0,tumorsupressor
TFAP2B,1,ERBB2,79,79,31,0,oncogene
TFAP2A,3,"MMP9,KRT5,ERBB2",214,"81,54,79","32,5,31",0,tumorsupressor
SP4,2,"BIRC5,ERBB2",153,"74,79","26,31",0,TF
SP3,4,"BIRC5,ERBB2,PLAT,ID4",205,"74,79,52","26,31,9,6",0,TF
PURA,1,ERBB2,79,79,31,0,TF
PAX2,1,ERBB2,79,79,31,0,oncogene
GATA4,1,ERBB2,79,79,31,0,tumorsupressor
GABPA,1,ERBB2,79,79,31,0,TF
ETV4,1,ERBB2,79,79,31,0,oncogene
ELF1,1,ERBB2,79,79,31,0,TF
ECD,1,ERBB2,79,79,31,0,TF
ATF7,1,ERBB2,79,79,31,0,TF
ATF1,1,ERBB2,79,79,31,0,oncogene
KLF4,2,"BIRC5,KRT19",128,"74,54","26,6",0,"oncogene, tumorsupressor"
ZEB1,2,"MUC1,ESR1",131,"59,72","10,89",0,cigene
PIAS4,1,MUC1,59,59,10,0,TF
PIAS2,1,MUC1,59,59,10,0,TF
PIAS1,1,MUC1,59,59,10,0,tumorsupressor
USF1,2,"SERPINE1,ID4",123,"71,52","24,6",0,TF
TGIF1,1,SERPINE1,71,71,24,0,TF
PPARA,2,"MMP9,SERPINE1",152,"81,71","32,24",0,tumorsupressor
PARP1,2,"SERPINE1,JUN",77,"71,6","24,33",0,TF
NR4A1,1,SERPINE1,71,71,24,0,tumorsupressor
KLF10,1,SERPINE1,71,71,24,0,tumorsupressor
HSF1,2,"SERPINE1,JUN",77,"71,6","24,33",0,TF
EPAS1,1,SERPINE1,71,71,24,0,tumorsupressor
NKX2-3,1,EGR1,66,66,106,0,TF
MAML1,1,EGR1,66,66,106,0,TF
KLF5,4,"BIRC5,MMP9,SERPINE1,EGR1",292,"74,81,71,66","26,32,24,106",0,"oncogene, tumorsupressor"
FOXO1,1,EGR1,66,66,106,0,"oncogene, tumorsupressor"
ATF5,1,EGR1,66,66,106,0,TF
WNT4,1,EGR1,66,66,106,0,
UBE2S,1,EGR1,66,66,106,0,
TP73,2,"BIRC5,EGR1",140,"74,66","26,106",0,"oncogene, tumorsupressor"
TOE1,1,EGR1,66,66,106,0,
TNFSF10,1,EGR1,66,66,106,0,
TMPO,1,EGR1,66,66,106,0,
TGFBR2,1,EGR1,66,66,106,0,tumorsupressor
TFPI2,1,EGR1,66,66,106,0,tumorsupressor
TBXA2R,1,EGR1,66,66,106,0,
SYN2,1,EGR1,66,66,106,0,
SYN1,1,EGR1,66,66,106,0,
STMN1,1,EGR1,66,66,106,0,oncogene
STIM1,1,EGR1,66,66,106,0,
SPRY1,1,EGR1,66,66,106,0,
SOX18,1,EGR1,66,66,106,0,
SOD1,1,EGR1,66,66,106,0,
SLC9A3,1,EGR1,66,66,106,0,
SLC4A2,1,EGR1,66,66,106,0,
RBL2,1,EGR1,66,66,106,0,tumorsupressor
RAG2,1,EGR1,66,66,106,0,
PTP4A1,1,EGR1,66,66,106,0,oncogene
PTGES,1,EGR1,66,66,106,0,
PSEN2,1,EGR1,66,66,106,0,
POR,1,EGR1,66,66,106,0,
PDGFC,1,EGR1,66,66,106,0,
PCSK2,1,EGR1,66,66,106,0,
NAB2,1,EGR1,66,66,106,0,TF
MYB,2,"ERBB2,EGR1",145,"79,66","31,106",0,oncogene
MMP14,1,EGR1,66,66,106,0,cigene
LTB,1,EGR1,66,66,106,0,
LMTK2,1,EGR1,66,66,106,0,
LHB,1,EGR1,66,66,106,0,
LDLR,1,EGR1,66,66,106,0,
LAT,1,EGR1,66,66,106,0,
KLK3,1,EGR1,66,66,106,0,
IMPDH2,1,EGR1,66,66,106,0,
IL3,1,EGR1,66,66,106,0,
IL2RB,1,EGR1,66,66,106,0,
IL2,1,EGR1,66,66,106,0,proto-oncogene
IFNG,1,EGR1,66,66,106,0,oncogene
HYAL1,1,EGR1,66,66,106,0,
HSD11B2,1,EGR1,66,66,106,0,
HPSE,1,EGR1,66,66,106,0,
HIF1A,3,"MUC1,SERPINE1,EGR1",196,"59,71,66","10,24,106",0,"oncogene, tumorsupressor, cigene"
GGPS1,1,EGR1,66,66,106,0,
GDF15,1,EGR1,66,66,106,0,cigene
FLT1,2,"ESR1,EGR1",138,"72,66","89,106",0,
FGF2,1,EGR1,66,66,106,0,
FCER2,1,EGR1,66,66,106,0,
FASLG,1,EGR1,66,66,106,0,
FAP,1,EGR1,66,66,106,0,
F3,1,EGR1,66,66,106,0,
EAPP,1,EGR1,66,66,106,0,TF
DMRT1,1,EGR1,66,66,106,0,
CYP2B6,1,EGR1,66,66,106,0,
CHGA,1,EGR1,66,66,106,0,
CDKN1A,2,"ESR1,EGR1",138,"72,66","89,106",0,"oncogene, tumorsupressor"
CD28,1,EGR1,66,66,106,0,
CCND2,1,EGR1,66,66,106,0,
CACNA1H,1,EGR1,66,66,106,0,
ATF3,1,EGR1,66,66,106,0,"oncogene, cigene"
ALOX5,1,EGR1,66,66,106,0,
AKR1B1,1,EGR1,66,66,106,0,tumorsupressor
ACHE,1,EGR1,66,66,106,0,
ACE,1,EGR1,66,66,106,0,
ABCB1,1,EGR1,66,66,106,0,cigene
ZBTB7A,1,FOS,74,74,86,0,oncogene
TWIST2,1,FOS,74,74,86,0,tumorsupressor
TWIST1,2,"ESR1,FOS",146,"72,74","89,86",0,"oncogene, cigene"
TBP,1,FOS,74,74,86,0,TF
SRF,2,"SERPINE1,FOS",145,"71,74","24,86",0,TF
SMARCA4,1,FOS,74,74,86,0,tumorsupressor
RBMX,4,"EGR1,FOS,JUNB,JUND",143,"66,74,1,2","106,86,9,5",0,tumorsupressor
RB1,2,"BIRC5,FOS",148,"74,74","26,86",0,tumorsupressor
NF1,2,"FOS,PLAT",74,74,"86,9",0,tumorsupressor
NCOA6,1,FOS,74,74,86,0,TF
MITF,1,FOS,74,74,86,0,oncogene
HSF2,1,FOS,74,74,86,0,TF
HOPX,1,FOS,74,74,86,0,tumorsupressor
HMGN1,1,FOS,74,74,86,0,TF
GTF2I,1,FOS,74,74,86,0,TF
ELK4,1,FOS,74,74,86,0,TF
ARNT,3,"ESR1,FOS,JUN",152,"72,74,6","89,86,33",0,TF
AHR,1,FOS,74,74,86,0,TF
STAR,1,FOS,74,74,86,0,
SRR,1,FOS,74,74,86,0,
SPRR3,1,FOS,74,74,86,0,
SPI1,1,FOS,74,74,86,0,"oncogene, tumorsupressor"
SOX7,1,FOS,74,74,86,0,tumorsupressor
SLC10A2,1,FOS,74,74,86,0,
PDHA1,1,FOS,74,74,86,0,
PCK2,1,FOS,74,74,86,0,
OXTR,1,FOS,74,74,86,0,
NTS,1,FOS,74,74,86,0,
NQO1,1,FOS,74,74,86,0,cigene
NPY,1,FOS,74,74,86,0,
NPPA,1,FOS,74,74,86,0,
NOS2,1,FOS,74,74,86,0,
NFKB1,6,"BIRC5,MMP9,SERPINE1,EGR1,FOS,JUNB",367,"74,81,71,66,74,1","26,32,24,106,86,9",0,"oncogene, tumorsupressor, cigene"
NEFL,1,FOS,74,74,86,0,
MFI2,1,FOS,74,74,86,0,
LRIG2,1,FOS,74,74,86,0,
IL1A,1,FOS,74,74,86,0,
HSPH1,1,FOS,74,74,86,0,
GSTP1,1,FOS,74,74,86,0,
FMO4,1,FOS,74,74,86,0,
FIGF,1,FOS,74,74,86,0,
FGFBP1,1,FOS,74,74,86,0,
FAS,2,"EGR1,FOS",140,"66,74","106,86",0,
EZR,1,FOS,74,74,86,0,cigene
ERCC4,1,FOS,74,74,86,0,
DDIT3,1,FOS,74,74,86,0,oncogene
CYP1A2,1,FOS,74,74,86,0,
CSTA,1,FOS,74,74,86,0,
CLU,1,FOS,74,74,86,0,"oncogene, tumorsupressor, cigene"
CD40LG,1,FOS,74,74,86,0,
CCK,1,FOS,74,74,86,0,
CASP9,1,FOS,74,74,86,0,
BATF3,1,FOS,74,74,86,0,
ACTA1,1,FOS,74,74,86,0,
RUNX3,2,"MMP9,CLDN7",135,"81,54","32,5",0,"oncogene, tumorsupressor"
CTBP1,1,CLDN7,54,54,5,0,"tumorsupressor, cigene"
NFIL3,1,PGR,58,58,34,0,TF
KLF9,1,PGR,58,58,34,0,TF
HOXA5,1,PGR,58,58,34,0,TF
YWHAQ,2,"ESR1,PGR",130,"72,58","89,34",0,oncogene
RLN2,1,PGR,58,58,34,0,
RLN1,1,PGR,58,58,34,0,
PTGS2,3,"EGR1,FOS,PGR",198,"66,74,58","106,86,34",0,
PTGER2,1,PGR,58,58,34,0,
PRL,1,PGR,58,58,34,0,
PLD1,1,PGR,58,58,34,0,"oncogene, tumorsupressor, cigene"
KLK4,1,PGR,58,58,34,0,
IRS2,1,PGR,58,58,34,0,oncogene
IL10,1,PGR,58,58,34,0,cigene
IGFBP1,1,PGR,58,58,34,0,
FOXP3,2,"ERBB2,PGR",137,"79,58","31,34",0,tumorsupressor
E2F1,4,"BIRC5,SERPINE1,ESR1,PGR",275,"74,71,72,58","26,24,89,34",0,"oncogene, tumorsupressor"
CYP19A1,2,"ESR1,PGR",130,"72,58","89,34",0,
BCL2L1,2,"FOS,PGR",132,"74,58","86,34",0,oncogene
BCL2,2,"ESR1,PGR",130,"72,58","89,34",0,oncogene
ATP1B1,1,PGR,58,58,34,0,
ABCG2,1,PGR,58,58,34,0,"oncogene, tumorsupressor, cigene"
CCNA2,1,ESR1,72,72,89,0,
BIRC5,74,"TP73,TP53,TCF7L2,TCF4,STAT3,SP4,SP3,SP1,RELA,RB1,NFKB1,MYCN,LEF1,KLF5,KLF4,ILF3,HDAC1,FOXO3,EP300,EHMT2,E2F4,E2F1,DNMT1,CTNNB1,APC,AURKC,CENPU,CENPA,CENPN,CENPH,CDC20,CDCA8,CCNB2,CENPK,AURKB,BIRC5,ZWINT,KIF2C,BUB1,CDK1,CENPF,CCNB1,BUB1B,NDC80,MAD2L1,CENPE,CDCA5,SPC24,SKA1,PLK1,CASC5,NUF2,KNTC1,SGOL1,ESPL1,KIF18A,SPC25,INCENP,ERCC6L,XPO1,NUSAP1,KIF20A,TOP2A,UBE2C,DLGAP5,CCNA2,TPX2,KIF11,AURKA,PBK,TTK,RACGAP1,KIF23,CENPM",155,"2,4,1,3,5,2,4,13,6,2,6,1,2,4,2,1,6,1,4,1,1,4,1,3,1,74,1","1,5,2,2,5,2,2,10,6,2,4,1,2,4,2,1,6,1,6,1,1,2,1,3,1,1,1,1,1,1,1,1,1,1,1,26,1,1,1,1,1,1,1,1,1,1,1,1,1,1,1,1,1,1,1,1,1,1,1,1,1,1,1,1,1,1,1,1,1,1,1,1,1,1",56,oncogene
MMP3,1,FOS,74,74,86,0,
STAT6,2,"EGR1,FOS",140,"66,74","106,86",0,TF
MMP7,1,FOS,74,74,86,0,
MMP1,1,FOS,74,74,86,0,cigene
CXCL8,2,"EGR1,FOS",140,"66,74","106,86",0,cigene
CTSD,1,ESR1,72,72,89,0,
MMP9,81,"TFAP2A,STAT3,STAT1,SPDEF,SP2,SP1,SNAI2,SMAD3,SIRT1,RUNX3,RELA,PPARG,PPARA,NFKBIA,NFKB1,MTA1,MAZ,KLF8,KLF6,KLF5,JUN,IRF1,IKBKB,HDAC1,FOS,ETS2,ETS1,EP300,ELF4,ELF3,CIITA,SCUBE3,EPHB1,SDC4,TIMP3,SRC,ITGB2,CTSS,TNFAIP6,TIMP2,CHIT1,OSCAR,IDH1,LTA4H,EPHB2,OLFM4,MMP3,VEGFA,PLG,MMP10,CST3,STAT6,MMP7,CD44,ACAN,CXCL1,COL18A1,EDN1,CDH1,PTX3,NID1,HP,HBEGF,B2M,TIMP1,MMP9,LYZ,MMP1,PRSS3P2,CAMP,THBS1,PPBP,MMP8,CXCL8,CTSD,LTF,SDC1,A2M,TNF,ITGAM,CTSG",253,"3,5,2,1,1,13,1,3,1,2,6,3,2,1,6,2,1,1,1,4,6,1,1,6,74,2,2,4,1,2,1,1,3,2,1,1,81,1,2,1,1","3,5,3,1,1,10,2,4,1,2,6,4,2,1,4,3,1,1,1,4,33,2,1,6,86,3,3,6,1,2,1,1,1,1,1,5,1,1,1,1,1,1,1,1,1,1,1,3,2,1,1,3,1,2,1,1,1,1,3,1,1,2,2,1,2,32,1,1,1,1,2,2,1,1,1,1,1,2,2,1,1",46,cigene
HLTF,1,PGR,58,58,34,0,tumorsupressor
NKX3-1,2,"ESR1,FOS",146,"72,74","89,86",0,tumorsupressor
TCF7L2,1,BIRC5,74,74,26,0,"oncogene, tumorsupressor, cigene"
GDNF,1,EGR1,66,66,106,0,
TCF4,3,"BIRC5,EGR1,JUN",146,"74,66,6","26,106,33",0,tumorsupressor
ID3,1,EGR1,66,66,106,0,TF
ID4,52,"ESR1,BLCAP,C10ORF142,GPR17,HLTF,GRHL3,ABCC3,GFAP,NKX3-1,ESM1,SRI,BRCA1,TRIM21,TCF7L2,POU3F1,NKX2-2,GDNF,NANOS2,GFRA1,SOHLH1,BCL6B,OLIG2,OLIG1,ZBTB16,SOX10,SOX2,NEUROG3,HEY2,HES5,NEUROG1,HES1,TCF4,TCF3,MYOD1,MYOG,MYRF,ID3,ID2,MYF6,EZH2,NOTCH1,PTEN,WNT5A,SOX4,YY1,CDC42,MMP2,CEBPB,BCL3,TP53,ID4,FKBP4",145,"72,1,2,5,1,1,3,1,1,2,4,52","89,1,1,1,1,1,1,1,3,1,1,5,1,2,1,1,1,1,1,1,1,1,1,1,1,1,1,1,1,1,1,2,1,1,1,1,1,1,1,2,2,2,1,1,4,3,1,1,1,5,6,2",39,"oncogene, tumorsupressor, cigene"
NGF,1,FOS,74,74,86,0,
NTF3,1,FOS,74,74,86,0,
NTRk2,51,"GIPC1,ADCYAP1R1,CDK5R1,RIT2,RIT1,DYNLT1,DOCK3,SH2B1,ADCYAP1,STAT3,CDH2,CDK5,CTNND1,CTNNB1,KRAS,NRAS,CTNNA1,RAP1A,FRS3,TIAM1,RAP1B,SRC,GAB1,FRS2,PTPN11,GRIN2B,RASA1,EHD4,NGF,BDNF,NTF3,NTRK1,NTF4,NTRK2,SHC1,GRB2,HRAS,PLCG1,SOS1,PIK3R1,RAC1,PIK3CA,CDC42,IGF1,SHC3,SHC2,CRK,CRKL,SHC4,KIDINS220,NGFR",62,"1,5,3,1,1,51","1,1,2,1,1,1,1,1,1,5,1,1,1,3,2,2,1,1,1,1,1,5,2,1,2,1,2,1,1,1,1,1,1,1,2,2,2,2,2,2,2,4,3,3,1,1,1,1,1,1,1",32,
NR0B2,1,SERPINE1,71,71,24,0,tumorsupressor
PELP1,1,ESR1,72,72,89,0,oncogene
STAT1,2,"MMP9,EGR1",147,"81,66","32,106",0,tumorsupressor
TERT,1,ESR1,72,72,89,0,cigene
BCAR1,1,EGR1,66,66,106,0,
MYC,4,"ESR1,FOS,PGR,JUNB",205,"72,74,58,1","89,86,34,9",0,"oncogene, cigene"
TFF1,1,ESR1,72,72,89,0,
GREB1,1,ESR1,72,72,89,0,
BRCA1,5,"KRT5,ESR1,EGR1,FOS,ID4",318,"54,72,66,74,52","5,89,106,86,6",0,tumorsupressor
TFAP2C,2,"ESR1,ERBB2",151,"72,79","89,31",0,TF
PTEN,1,EGR1,66,66,106,0,tumorsupressor
DLC1,52,"GATA3,TENC1,TNS3,TRAF3IP3,GPM6B,HP,TLN2,SYN3,ZNF12,FBXW5,STARD7,RASA1,STARD6,STARD4,STARD5,ACOT12,COL4A3BP,ACOT11,STARD9,SPG20,PCTP,PRKD1,TNS4,RTKN,PTEN,CAV1,RHOD,RHOBTB1,RHOT1,RHOBTB2,RHOF,RAC3,RHOH,RHOJ,RHOT2,RAC1,RHOG,RHOQ,RHOU,RHOV,RHOA,DLC1,TLN1,AKT1,CDC42,CDH1,CDK6,PLCD1,RHOB,RHOC,RAC2,TNS1",57,"3,1,52,1","5,1,1,1,1,2,1,1,1,1,1,2,1,1,1,1,1,1,1,1,1,1,1,1,2,1,1,1,1,1,1,1,1,1,1,2,1,1,1,1,2,2,1,2,3,3,1,1,1,2,1,1",41,tumorsupressor
TGFA,1,ESR1,72,72,89,0,
CTNNB1,3,"BIRC5,ESR1,JUN",152,"74,72,6","26,89,33",0,"oncogene, cigene"
KRT5,54,"TFAP2A,SP1,BRCA1,KRT79,KRT4,KRT78,KRT6B,KRT77,KRT72,KRT6A,KRT82,KRT3,KRT2,KRT6C,KRT17,KRT80,KRT74,KRT81,KRT28,KRT25,KRT76,KRT35,KRT71,KRT15,KRT1,KRT5,KRT14,KRT86,KRT84,KRT32,KRT27,KRT38,KRT33B,KRT16,KRT75,KRT8,KRT7,KRT37,KRT39,KRT40,KRT36,KRT13,KRT26,KRT31,KRT23,KRT9,KRT10,KRT24,KRT34,KRT12,KRT18,KRT19,KRT20,KRT33A",129,"3,13,5,54,54","3,10,5,2,2,2,2,2,2,2,2,2,2,2,2,2,2,2,2,1,2,1,2,2,2,5,4,2,2,2,1,2,1,2,2,3,2,2,1,2,2,2,2,1,2,2,2,2,2,2,3,6,2,2",6,
PIAS3,2,"ESR1,MUC1",131,"72,59","89,10",0,TF
NCOR1,1,ESR1,72,72,89,0,TF
ERBB2,79,"YY1,YBX1,XRCC6,XRCC5,WWP1,VDR,TFAP2C,TFAP2B,TFAP2A,SP4,SP3,SP1,PURA,PGR,PAX2,NCOA3,MYB,JUND,GATA4,GABPA,FOXP3,ETV4,EP300,ELK1,ELF1,ECD,CREB1,ATF7,ATF1,AR,PLXNB1,SEMA4D,GRB7,ERRFI1,TFF3,AREG,BTC,EREG,ADAM17,NRG1,NRG2,NRG3,PTK6,MEMO1,PTPN12,IL6,TGFA,CD44,MAPK8,HBEGF,PIK3CA,SHC1,PIK3R1,ERBB3,PTPN11,SOS1,FYN,RHOA,JAK2,PLCG1,RHOC,PLCG2,HRAS,KRAS,NRAS,CTNNB1,VEGFA,PIK3R2,HSP90AA1,ERBB2IP,PTK2,STUB1,ERBB2,EGFR,EGF,SRC,GAB1,GRB2,PTPN18",211,"2,1,1,1,1,1,2,1,3,2,4,13,1,58,1,1,2,2,1,1,2,1,4,2,1,1,4,1,1,5,1,1,3,3,79,3","4,1,1,1,1,1,2,1,3,2,2,10,1,34,1,3,1,5,1,1,1,1,6,2,1,1,2,1,1,3,1,1,1,1,1,1,1,1,1,1,1,1,1,1,1,2,1,2,2,2,4,2,2,1,2,2,1,2,1,2,2,1,2,2,2,3,3,1,3,1,1,2,31,2,2,5,2,2,1",41,"oncogene, cigene"
AR,5,"ERBB2,MUC1,ESR1,EGR1,JUN",282,"79,59,72,66,6","31,10,89,106,33",0,"oncogene, cigene"
NCOA3,1,ERBB2,79,79,31,0,"oncogene, cigene"
PGR,58,"ESR1,ERBB2,FOS,SP1,RELA,NFIL3,KLF9,JUN,HOXA5,PIAS3,NCOR1,SUMO1,NCOR2,PRKACB,PRKACA,PIK3CA,MED1,NCOA1,HSP90AA1,STIP1,HSP90AB1,AR,PTGES3,NR3C1,PGR,NR3C2,HSPA8,HSPA2,HSPA1A,HSPA1L,HSPA1B,ACTR1A,MAPK3,MAPK1,DYNLL2,FOXA1,EP300,DYNLL1,TLE3,CAPZA1,NRIP1,DCTN1,FKBP5,ACTR10,GATA3,DYNC1LI2,DYNC1LI1,DYNC1I2,DCTN5,DYNC1H1,DYNC1I1,CAPZA3,DCTN6,DCTN3,NCOA3,SRC,UBE2I,FKBP4",328,"72,79,74,13,6,1,1,6,1,2,1,5,58,1,4,3,1","89,31,86,10,6,1,1,33,1,3,2,1,2,1,1,4,2,2,3,1,2,3,1,2,34,1,1,1,1,1,1,1,4,4,1,3,6,1,1,1,2,1,1,1,5,1,1,1,1,1,1,1,1,1,3,5,1,2",32,tumorsupressor
ELF3,2,"MMP9,CLDN7",135,"81,54","32,5",0,TF
CDH1,1,ESR1,72,72,89,0,"oncogene, tumorsupressor"
KRT19,54,"ESR1,SP1,KLF4,MAPK11,MAPK14,EPCAM,KRT79,KRT4,KRT78,KRT6B,KRT73,KRT77,KRT72,KRT85,KRT6A,KRT82,KRT3,KRT2,KRT6C,KRT17,KRT80,KRT74,KRT81,KRT28,KRT76,KRT71,KRT15,KRT1,KRT5,KRT14,KRT86,KRT84,KRT32,KRT38,KRT16,KRT75,KRT8,KRT7,KRT37,KRT40,KRT83,KRT36,KRT13,KRT26,KRT23,KRT9,KRT10,KRT24,KRT34,KRT12,KRT18,KRT19,KRT20,KRT33A",195,"72,13,2,54,54","89,10,2,1,2,2,2,2,2,2,1,2,2,1,2,2,2,2,2,2,2,2,2,2,2,2,2,2,5,4,2,2,2,2,2,2,3,2,2,2,1,2,2,2,2,2,2,2,2,2,3,6,2,2",4,
CLDN7,54,"RUNX3,HDAC1,ELF3,CTBP1,ING1,RPL23,M1AP,PI4K2B,PKP3,PRSS8,SPINT1,ST14,TACSTD2,CD81,SCARB1,CCDC102A,CDH1,EPCAM,KRT19,KRT18,RAB25,KRT8,SNAI1,CLDN12,CLDN23,CLDN14,CLDN16,CLDN5,CLDN6,CLDN2,CLDN19,CLDN3,CLDN9,CLDN10,CLDN4,CLDN18,CLDN8,CLDN15,CLDN1,CLDN17,CLDN22,CLDN7,CLDN20,OCLN,ESAM,CLDN25,TJP1,CLDN24,F11R,TJP3,TJP2,WNK4,MARVELD2,CLDN11",120,"2,6,2,1,1,54,54","2,6,2,1,1,1,1,1,1,1,1,1,1,1,1,1,3,2,6,3,1,3,2,1,1,1,1,1,1,1,1,1,1,1,1,1,1,1,1,1,1,5,1,1,1,1,1,1,1,1,1,1,1,1",44,
CREM,2,"FOS,PLAT",74,74,"86,9",0,TF
FOXA1,1,FOS,74,74,86,0,oncogene
GATA3,3,"ESR1,DLC1,MUC1",183,"72,52,59","89,2,10",0,cigene
YY1,2,"ERBB2,SERPINE1",150,"79,71","31,24",0,oncogene
DUSP1,1,PGR,58,58,34,0,
ETS1,2,"MMP9,EGR1",147,"81,66","32,106",0,"oncogene, tumorsupressor, cigene"
STAT5A,1,ESR1,72,72,89,0,tumorsupressor
CREB1,4,"ERBB2,FOS,PLAT,JUN",159,"79,74,6","31,86,9,33",0,oncogene
IL6,1,EGR1,66,66,106,0,
STAT5B,1,ESR1,72,72,89,0,TF
ESR1,72,"ESR1,KRT19,SERPINE1,FOS,PGR,ID4,XBP1,TWIST1,TP53,TFAP2C,STAT5B,STAT5A,SP1,RUNX2,PIAS3,NR2E3,NKX3-1,NCOR1,MTA1,MECP2,LEF1,KDM4B,HDAC9,HDAC7,HDAC1,GATA3,BRCA1,BARX2,BARD1,ARNT,NCOA7,NCOA2,PHB2,CCNT1,KDM1A,CARM1,NR0B2,PELP1,ZNF217,PPARGC1A,JUN,MAPK3,SMAD3,HSP90AA1,STAT1,SRC,IGF1,TERT,NCOR2,HSP90AB1,IGF1R,NRIP1,AKT1,CCND1,GAPDH,SMAD4,NOS3,PIK3CA,STK11,NCOA3,MED1,NCOA1,BCAR1,STUB1,MAPK1,MYC,EP300,CREBBP,FOXA1,TFF1,GREB1,JUNB",474,"72,54,71,74,58,52,1,2,4,2,1,1,13,1,2,1,2,1,2,1,2,1,1,1,6,3,5,1,1,3,1,1,6,3,2,1,4,3,1,1,4,4,1,1,1,1","89,6,24,86,34,6,1,2,5,2,2,2,10,1,3,1,3,2,3,1,2,1,1,2,6,5,5,1,1,2,1,1,1,1,2,1,2,1,1,1,33,4,4,3,3,5,3,1,2,2,1,2,2,2,1,2,1,4,1,3,2,2,1,2,4,1,6,1,3,1,1,9",26,TF
SP1,13,"BIRC5,MMP9,KRT5,ESR1,ERBB2,KRT19,SERPINE1,EGR1,FOS,PGR,PLAT,ID4,KRT14",735,"74,81,54,72,79,54,71,66,74,58,52","26,32,5,89,31,6,24,106,86,34,9,6,4",0,TF
RELA,6,"BIRC5,MMP9,SERPINE1,EGR1,PGR,JUNB",351,"74,81,71,66,58,1","26,32,24,106,34,9",0,cigene
ELK1,2,"ERBB2,FOS",153,"79,74","31,86",0,oncogene
ETS2,2,"MMP9,EGR1",147,"81,66","32,106",0,oncogene
ESR2,3,"SERPINE1,FOS,JUN",151,"71,74,6","24,86,33",0,"oncogene, tumorsupressor, cigene"
CCND1,4,"ESR1,EGR1,FOS,PGR",270,"72,66,74,58","89,106,86,34",0,"oncogene, cigene"
TNF,1,EGR1,66,66,106,0,
JUND,2,"ERBB2,PLAT",79,79,"31,9",0,oncogene
EP300,4,"BIRC5,MMP9,ERBB2,EGR1",300,"74,81,79,66","26,32,31,106",0,TF
CDK5R1,1,EGR1,66,66,106,0,
FOS,74,"MMP9,FOS,PGR,ESR1,ZBTB7A,TWIST2,TWIST1,TBP,STAT6,STAT3,SRF,SP1,SMARCA4,RBMX,RB1,NKX3-1,NF1,NCOA6,MITF,JUN,HSF2,HOPX,HMGN1,HDAC1,GTF2I,ESR2,ELK4,ELK1,CREM,CREB1,BRCA1,ARNT,AHR,TNFRSF11A,NFATC3,NFATC2,FOXA1,HIST1H2BA,H2AFZ,GATA3,MAPK10,MAPK9,YY1,DUSP1,MAPK3,ETS1,STAT5A,SMAD3,TP53,IL6,ATF2,STAT5B,EGR1,NR3C1,RELA,MAPK8,TGFB1,ETS2,TNFSF11,MAPK14,CCND1,TNF,JUND,CCL2,HMOX1,EP300,PPARG,NOTCH1,NFATC1,FOSB,GATA2,CEBPA,JUNB,MAPK1",472,"81,74,58,72,1,1,2,1,2,5,2,13,1,4,2,2,2,1,1,6,1,1,1,6,1,3,1,2,2,4,5,3,1,1,3,2,1,2,1,3,4,1,2,1,66,6,2,4,1,2,4,3,1","32,86,34,89,1,1,2,1,3,5,2,10,1,2,2,3,1,1,1,33,1,1,1,6,1,2,1,2,1,2,5,2,1,1,2,2,3,1,1,5,1,1,4,1,4,3,2,4,5,2,2,2,106,2,6,2,2,3,1,2,2,2,5,1,1,6,4,2,2,2,1,1,9,4",25,"oncogene, cigene"
JUNB,1,ESR1,72,72,89,0,oncogene
HDAC1,6,"BIRC5,MMP9,ESR1,EGR1,FOS,CLDN7",421,"74,81,72,66,74,54","26,32,89,106,86,5",0,oncogene
TP53,4,"BIRC5,ESR1,EGR1,FOS",286,"74,72,66,74","26,89,106,86",0,tumorsupressor
MTA1,2,"MMP9,ESR1",153,"81,72","32,89",0,TF
JUN,6,"MMP9,FOS,PGR,ESR1,PLAT,JUN",291,"81,74,58,72,6","32,86,34,89,9,33",0,"oncogene, cigene"
SNAI2,1,MMP9,81,81,32,0,TF
PPARG,3,"MMP9,SERPINE1,EGR1",218,"81,71,66","32,24,106",0,"oncogene, tumorsupressor, cigene"
IRF1,1,MMP9,81,81,32,0,tumorsupressor
HDAC7,1,ESR1,72,72,89,0,TF
EGR1,66,"TP53,STAT6,STAT1,SP1,RELA,RBMX,NKX2-3,NFKB1,NAB2,MAML1,KLF5,HDAC1,FOXO1,ETS2,ETS1,BRCA1,ATF5,NFATC2,NFATC3,IRF8,IRF4,IRF2,STAT2,ISG15,IRF7,OASL,MX1,IFIT1,IFIT2,IRF5,IFI6,IFIT3,CDK5R1,FOS,MAPK3,IRF3,NFATC1,FOSB,JUNB,RNASEL,MAPK1,HDAC2,HDAC3,KDM1A,RBBP7,RBBP4,NR2E1,EZH2,RCOR1,HDAC5,MTA1,CHD4,CHD3,JUN,ATF2,EED,MTA3,EGR1,REST,SUZ12,SNAI1,SNAI2,PPARG,PHC3,IRF1,HDAC7",220,"4,2,2,13,6,4,1,6,1,1,4,6,1,2,2,5,1,1,74,1,1,2,6,2,66,1,3,1,1","5,3,3,10,6,2,1,4,1,1,4,6,1,3,3,5,1,2,2,1,1,1,1,1,1,1,1,1,1,1,1,1,2,86,4,1,2,2,9,1,4,1,1,2,1,1,1,2,1,1,3,1,1,33,2,1,1,106,1,1,2,2,4,1,2,2",34,tumorsupressor
ARNTL2,1,SERPINE1,71,71,24,0,TF
VEGFA,3,"ESR1,EGR1,PGR",196,"72,66,58","89,106,34",0,tumorsupressor
FN1,1,EGR1,66,66,106,0,
PDGFB,1,EGR1,66,66,106,0,oncogene
IGF2,1,EGR1,66,66,106,0,oncogene
SMAD3,3,"MMP9,SERPINE1,JUN",158,"81,71,6","32,24,33",0,tumorsupressor
PLAU,2,"EGR1,FOS",140,"66,74","106,86",0,
PLAUR,2,"EGR1,FOS",140,"66,74","106,86",0,cigene
SMAD7,2,"FOS,KRT14",74,74,"86,4",0,TF
SMAD4,3,"SERPINE1,FOS,JUN",151,"71,74,6","24,86,33",0,tumorsupressor
SERPINE1,71,"ESR1,YY1,USF1,TGIF1,SRF,SP1,SMAD4,SMAD3,RELA,PPARG,PPARA,PARP1,NR4A1,NR0B2,NFKB1,KLF5,KLF10,HSF1,HIF1A,ESR2,EPAS1,E2F1,ARNTL2,CLOCK,ARNTL,VLDLR,ITGAV,ITGB3,TGFB1,THBS1,EGF,SERPINE1,VEGFA,FN1,PLG,HGF,ALB,IGF1,A2M,SPARC,VWF,TGFB2,PF4,VEGFC,TGFB3,PDGFB,IGF2,PPBP,KNG1,AHSG,CFD,SERPINF2,SRGN,PROS1,F13A1,ORM1,ACTN4,F8,FGB,FGA,FGG,HRG,F5,PLAU,PLAUR,PLAT,SMAD2,LRP1,VTN,SMAD7,TIMP1",221,"72,2,2,1,2,13,3,3,6,3,2,2,1,1,6,4,1,2,3,3,1,4,1,71,3,1,1,1,2,2,2","89,4,1,1,2,10,2,4,6,4,2,1,1,2,4,4,1,1,2,2,1,2,1,1,1,1,1,1,2,2,2,24,3,1,2,1,1,3,2,1,1,1,1,1,1,1,1,2,1,1,1,1,1,1,1,1,1,1,1,1,1,1,1,1,1,9,1,1,1,1,2",45,
EGFR,3,"ESR1,EGR1,PGR",196,"72,66,58","89,106,34",0,"oncogene, cigene"
STAT3,5,"BIRC5,MMP9,MUC1,FOS,JUNB",289,"74,81,59,74,1","26,32,10,86,9",0,"oncogene, tumorsupressor, cigene"
MUC1,59,"ZEB1,STAT3,PIAS4,PIAS3,PIAS2,PIAS1,HIF1A,GATA3,AR,ST3GAL4,EGFR,CLEC10A,ST3GAL2,ST6GALNAC4,ST3GAL1,ST3GAL3,ST6GALNAC3,GALNT13,GALNT18,ST6GALNAC2,MUC1,MUC16,MUC5B,MUC5AC,MUC4,MUC6,MUC7,MUC20,MUC13,MUC12,MUC17,MUC3A,MUC21,MUC15,MUCL1,B3GNT3,GCNT1,B3GNT6,C1GALT1,C1GALT1C1,GALNT6,GALNT4,GALNT15,GALNT7,GALNT3,GCNT3,GALNT5,GALNT8,GALNT10,GALNT12,GALNT2,GALNT14,GALNT16,GALNT1,GALNT9,GALNTL6,GALNTL5,GALNT11,ST6GAL1",85,"2,5,1,2,1,1,3,3,5,3,59","1,5,1,3,1,1,2,5,3,1,2,1,1,1,1,1,1,1,1,1,10,1,1,1,1,1,1,1,1,1,1,1,1,1,1,1,1,1,1,1,1,1,1,1,1,1,1,1,1,1,1,1,1,1,1,1,1,1,1",52,"oncogene, tumorsupressor"
ATF2,2,"PLAT,JUN",6,6,"9,33",0,Activation
WT1,2,"JUNB,JUN",7,"1,6","9,33",0,"TF, oncogene"
ABL1,1,JUN,6,6,33,0,"Activation, oncogene"
GLI1,1,JUN,6,6,33,0,"TF, cigene, oncogene"
GLI2,1,JUN,6,6,33,0,"TF, oncogene"
HDAC3,1,JUN,6,6,33,0,Repression
HDAC4,1,JUN,6,6,33,0,Activation
MEF2A,1,JUN,6,6,33,0,Activation
MEF2C,1,JUN,6,6,33,0,"Activation, oncogene"
MEF2D,1,JUN,6,6,33,0,Activation
NFIC,1,JUN,6,6,33,0,TF
NFRKB,1,JUN,6,6,33,0,Activation
PITX1,1,JUN,6,6,33,0,Repression
RUNX1,1,JUN,6,6,33,0,"Activation, oncogene"
TNFAIP3,1,JUN,6,6,33,0,Repression
ZNF382,1,JUN,6,6,33,0,"Repression, tumorsupressor"
ZNF383,1,JUN,6,6,33,0,Repression
MEN1,1,JUND,2,2,5,0,Repression
ZIC1,1,JUND,2,2,5,0,Activation