Protein,Classification,Function (discrete),Gene Expression,TF (type) (TRRUST),Mutation Count (TCGA),Moderate mutations,Low Mutations,High Mutations,Modifier Mutations,TF (regulating same gene) - two hop,TF (regulating same gene) - one hop,Mutually Exclusively regulating gene (regulating gene) - oncogene,Mutually Exclusively regulating gene (regulating gene) - tumorsuppressor,Combination gene reguation (regulated by this # genes),Causal Effect (DEGs)
MYCN,Oncogene,"Transcriptional misregulation, Apoptosis, Proliferation of cells",None Found,Activation,3,2,0,0,1,,,,,1,
ILF3,Tumorsupressor,"Apoptosis, Proliferation of cells",None Found,Activation,10,4,0,0,6,,,,,1,
FOXO3,"Proto-oncogene, Tumorsupressor","Apoptosis, Cell Signaling, Proliferation of cells",None Found,Unknown,3,1,1,0,1,,,,,1,
EHMT2,Oncogene,"Apoptosis, Proliferation of cells",None Found,Unknown,2,2,0,0,0,,,,,1,
E2F4,TF,Cell Signaling,None Found,Unknown,1,0,0,1,0,,,,,1,
DNMT1,"Cigene, Tumorsupressor, Oncogene","Apoptosis, Proliferation of cells",None Found,Repression,9,6,3,0,0,,,,,1,
APC,Tumorsupressor,Cell Signaling,None Found,Unknown,23,18,3,2,0,,,,,1,
SPDEF,"Tumorsupressor, Oncogene","Apoptosis, Proliferation of cells",None Found,Repression,4,4,0,0,0,,,,,1,
SP2,TF,"Apoptosis, Cell Signaling",None Found,Repression,2,2,0,0,0,,,,,1,
SIRT1,"Tumorsupressor, Oncogene","Apoptosis, Cell Signaling, Proliferation of cells",None Found,Repression,3,2,0,0,1,,,,,1,
NFKBIA,Oncogene,"Apoptosis, Cell Signaling, Proliferation of cells",None Found,Unknown,2,1,0,0,1,,,,,1,
MAZ,Tumorsupressor,Proliferation of cells,None Found,Unknown,7,3,2,1,1,,,,,1,
KLF8,Oncogene,Proliferation of cells,None Found,Activation,2,0,0,0,2,,,,,1,
KLF6,"Tumorsupressor, Oncogene","Apoptosis, Proliferation of cells",None Found,Repression,1,1,0,0,0,,,,,1,
IKBKB,Oncogene,"Apoptosis, Cell Signaling, Proliferation of cells",None Found,Repression,10,5,0,1,4,,,,,1,
ELF4,Oncogene,"Apoptosis, Cell Signaling, Proliferation of cells",None Found,Repression,10,5,3,0,2,,,,,1,
CIITA,Oncogene,"Apoptosis, Proliferation of cells",None Found,Repression,7,5,2,0,0,,,,,1,
XBP1,Tumorsupressor,"Apoptosis, Proliferation of cells",None Found,Activation,8,3,0,1,4,,,,,1,
NR2E3,Oncogene,None Found,None Found,Unknown,3,2,1,0,0,,,,,1,
MECP2,Cigene,"Apoptosis, Proliferation of cells",None Found,Repression,12,5,2,0,5,,,,,1,
LEF1,Oncogene,"Apoptosis, Cell Signaling, Proliferation of cells",None Found,Unknown,2,0,0,0,2,,,,,2,
KDM4B,Tumorsupressor,None Found,None Found,Unknown,6,2,2,1,1,,,,,1,
HDAC9,Tumorsupressor,Apoptosis,None Found,Repression,8,4,2,1,1,,,,,1,
BARX2,Tumorsupressor,Proliferation of cells,None Found,Unknown,2,2,0,0,0,,,,,1,
BARD1,"Tumorsupressor, Oncogene","Apoptosis, Proliferation of cells",-1.116906394,Activation,3,0,2,0,1,,,,,1,
ZFHX3,Tumorsupressor,None Found,None Found,None Found,21,8,7,5,1,,,,,0,
UGT2B15,Oncogene,Proliferation of cells,None Found,None Found,6,3,2,1,0,,,,,0,
UGT1A4,Tumorsupressor,None Found,None Found,None Found,2,2,0,0,0,,,,,0,
TYMS,Oncogene,"Apoptosis, Proliferation of cells",3.472520694,None Found,1,1,0,0,0,,,,,0,
TAC3,Tumorsupressor,Proliferation of cells,None Found,None Found,None Found,None Found,None Found,None Found,None Found,,,,,0,
SERPINB9,Oncogene,"Apoptosis, Proliferation of cells",None Found,None Found,6,4,2,0,0,,,,,0,
RUNX2,Tumorsupressor,"Transcriptional misregulation, Apoptosis, Proliferation of cells",None Found,Unknown,6,2,1,2,1,,,,,1,
RET,Oncogene,"Apoptosis, Cell Signaling, Proliferation of cells",None Found,None Found,8,7,1,0,0,,,,,0,
RARA,Oncogene,"Apoptosis, Cell Signaling, Proliferation of cells",None Found,None Found,5,1,3,0,1,,,,,0,
PTMA,Oncogene,"Apoptosis, Proliferation of cells",None Found,None Found,2,0,0,0,2,,,,,0,
PMAIP1,Tumorsupressor,"Apoptosis, Cell Signaling, Proliferation of cells",4.374616319,None Found,1,0,0,0,1,,,,,0,
OXT,Oncogene,"Cell Signaling, Proliferation of cells",None Found,None Found,None Found,None Found,None Found,None Found,None Found,,,,,0,
NRF1,Tumorsupressor,Cell Signaling,None Found,None Found,4,2,1,0,1,,,,,0,
NR5A2,Oncogene,Proliferation of cells,None Found,None Found,10,4,2,0,4,,,,,0,
MMP13,Cigene,Cell Signaling,10.23270762,None Found,5,3,2,0,0,,,,,0,
MDM2,Oncogene,"Apoptosis, Cell Signaling, Proliferation of cells",None Found,None Found,2,2,0,0,0,,,,,0,
KDR,Cigene,"Apoptosis, Cell Signaling, Proliferation of cells",None Found,None Found,9,7,2,0,0,,,,,0,
HTRA2,Tumorsupressor,Apoptosis,None Found,None Found,2,0,1,0,1,,,,,0,
HSPB1,Oncogene,"Apoptosis, Cell Signaling, Proliferation of cells",None Found,None Found,3,0,1,0,2,,,,,0,
FOXP1,"Tumorsupressor, Oncogene","Apoptosis, Proliferation of cells",None Found,None Found,8,3,1,2,2,,,,,0,
F12,"Tumorsupressor, Oncogene","Cell Signaling, Proliferation of cells",None Found,None Found,1,1,0,0,0,,,,,0,
ESRRA,Tumorsupressor,Proliferation of cells,None Found,None Found,1,0,1,0,0,,,,,0,
DCT,Tumorsupressor,Drug metabolism,-11.07460299,None Found,4,4,0,0,0,,,,,0,
CYP2C19,Tumorsupressor,Drug metabolism,None Found,None Found,8,5,3,0,0,,,,,0,
CYP1B1,Tumorsupressor,"Apoptosis, Proliferation of cells",None Found,None Found,4,2,1,0,1,,,,,0,
CYP1A1,Oncogene,Proliferation of cells,None Found,None Found,4,1,1,0,2,,,,,0,
CXCL12,Tumorsupressor,"Apoptosis, Cell Signaling, Proliferation of cells",None Found,None Found,None Found,None Found,None Found,None Found,None Found,,,,,0,
CRHBP,Oncogene,None Found,-4.534659588,None Found,2,1,0,1,0,,,,,0,
CRH,"Tumorsupressor, Oncogene","Apoptosis, Proliferation of cells",None Found,None Found,1,0,0,0,1,,,,,0,
CHAT,"Tumorsupressor, Oncogene",Drug metabolism,None Found,None Found,3,2,1,0,0,,,,,0,
CDKN1B,"Tumorsupressor, Oncogene","Cell Division, Cell Cycle",None Found,None Found,6,0,0,5,1,,,,,0,
CDK4,Oncogene,"Apoptosis, Cell Signaling, Proliferation of cells",None Found,None Found,1,1,0,0,0,,,,,0,
CD24,Oncogene,None Found,None Found,None Found,None Found,None Found,None Found,None Found,None Found,,,,,0,
BTG2,Tumorsupressor,"Apoptosis, Proliferation of cells",None Found,None Found,None Found,None Found,None Found,None Found,None Found,,,,,0,
BLM,Tumorsupressor,"Apoptosis, Proliferation of cells",2.524347298,None Found,15,10,3,1,1,,,,,0,
AVP,Oncogene,Cell Signaling,None Found,None Found,None Found,None Found,None Found,None Found,None Found,,,,,0,
AMH,Tumorsupressor,"Apoptosis, Cell Signaling, Proliferation of cells",None Found,None Found,1,1,0,0,0,,,,,0,
YBX1,Oncogene,"Apoptosis, Proliferation of cells",None Found,Activation,3,2,1,0,0,,,,,1,
XRCC6,Tumorsupressor,"Apoptosis, Proliferation of cells",None Found,Unknown,5,3,2,0,0,,,,,1,
XRCC5,Tumorsupressor,None Found,None Found,Unknown,1,1,0,0,0,,,,,1,
WWP1,Oncogene,None Found,None Found,Activation,10,7,1,2,0,,,,,1,
VDR,Tumorsupressor,"Apoptosis, Proliferation of cells",None Found,Unknown,3,1,1,0,1,,,,,1,
TFAP2B,Oncogene,"Apoptosis, Proliferation of cells",None Found,Unknown,6,3,2,0,1,,,,,1,
TFAP2A,Tumorsupressor,"Apoptosis, Proliferation of cells",None Found,Unknown,13,8,2,0,3,,,,,3,
SP4,TF,Transcription regulation,None Found,Activation,8,5,3,0,0,,,,,2,
SP3,TF,Transcription regulation,None Found,Activation,8,4,0,1,3,,,,,2,
PURA,TF,Transcription regulation,None Found,Unknown,2,0,0,0,2,,,,,1,
PAX2,Oncogene,"Transcription regulation, Apoptosis, Proliferation of cells",None Found,Unknown,2,1,0,0,1,,,,,1,
GATA4,Tumorsupressor,"Apoptosis, Cell Signaling, Proliferation of cells",None Found,Repression,1,1,0,0,0,,,,,1,
GABPA,TF,Transcription regulation,None Found,Unknown,2,0,0,0,2,,,,,1,
ETV4,Oncogene,"Transcriptional misregulation, Proliferation of cells",None Found,Repression,None Found,None Found,None Found,None Found,None Found,,,,,1,
ELF1,TF,"Transcription regulation, Proliferation of cells",None Found,Unknown,8,4,1,1,2,,,,,1,
ECD,TF,Transcription regulation,None Found,Activation,5,3,1,1,0,,,,,1,
ATF7,TF,"Transcription regulation, Apoptosis",None Found,Unknown,1,1,0,0,0,,,,,1,
ATF1,Oncogene,Transcriptional misregulation,None Found,Unknown,2,2,0,0,0,,,,,1,
KLF4,"Tumorsupressor, Oncogene","Apoptosis, Cell Signaling, Proliferation of cells",None Found,Activation,4,2,0,0,2,,,,,2,
ZEB1,Cigene,"Apoptosis, Proliferation of cells",None Found,Repression,10,8,1,0,1,,,,,1,
PIAS4,TF,Cell Signaling,None Found,Repression,4,3,1,0,0,,,,,1,
PIAS2,TF,"Apoptosis, Cell Signaling, Proliferation of cells",None Found,Repression,6,5,0,0,1,,,,,1,
PIAS1,Tumorsupressor,Cell Signaling,None Found,Repression,3,3,0,0,0,,,,,1,
USF1,TF,Transcription regulation,None Found,Activation,7,2,1,1,3,,,,,1,
TGIF1,TF,"Cell Signaling, Proliferation of cells",None Found,Repression,3,1,0,0,2,,,,,1,
PPARA,Tumorsupressor,"Apoptosis, Cell Signaling, Proliferation of cells",None Found,Activation,4,3,0,1,0,,,,,2,
PARP1,TF,"Apoptosis, Proliferation of cells",None Found,Activation,12,7,2,2,1,,,,,1,
NR4A1,Tumorsupressor,"Apoptosis, Cell Signaling, Proliferation of cells",None Found,Unknown,4,2,2,0,0,,,,,1,
KLF10,Tumorsupressor,"Transcription regulation, Apoptosis, Proliferation of cells",None Found,Activation,4,1,1,0,2,,,,,1,
HSF1,TF,None Found,None Found,Activation,3,3,0,0,0,,,,,1,
EPAS1,Tumorsupressor,"Apoptosis, Proliferation of cells",None Found,Activation,11,5,2,1,3,,,,,1,
NKX2-3,TF,"Transcription regulation, Proliferation of cells",None Found,Unknown,None Found,None Found,None Found,None Found,None Found,,,,,1,
MAML1,TF,"Cell Signaling, Proliferation of cells",None Found,Activation,5,2,3,0,0,,,,,1,
KLF5,"Tumorsupressor, Oncogene","Transcription regulation, Apoptosis, Proliferation of cells",None Found,Activation,2,1,0,0,1,,,,,4,
FOXO1,"Tumorsupressor, Oncogene","Apoptosis, Cell Signaling, Proliferation of cells",None Found,Repression,2,2,0,0,0,,,,,1,
ATF5,TF,"Transcription regulation, Apoptosis, Proliferation of cells",None Found,Unknown,2,2,0,0,0,,,,,1,
WNT4,None Found,"Cell Signaling, Proliferation of cells",-3.682056459,None Found,4,3,0,0,1,,,,,0,
UBE2S,None Found,Apoptosis,2.456823213,None Found,None Found,None Found,None Found,None Found,None Found,,,,,0,
TP73,"Tumorsupressor, Oncogene","Apoptosis, Cell Signaling, Proliferation of cells",None Found,Unknown,2,2,0,0,0,,,,,1,
TOE1,None Found,None Found,None Found,None Found,2,0,1,0,1,,,,,0,
TNFSF10,None Found,"Apoptosis, Cell Signaling, Proliferation of cells",None Found,None Found,2,0,2,0,0,,,,,0,
TMPO,None Found,"Cell Signaling, Proliferation of cells",None Found,None Found,4,4,0,0,0,,,,,0,
TGFBR2,Tumorsupressor,"Apoptosis, Cell Signaling, Proliferation of cells",None Found,None Found,5,3,0,1,1,,,,,0,
TFPI2,Tumorsupressor,"Apoptosis, Cell Signaling, Proliferation of cells",None Found,None Found,5,3,2,0,0,,,,,0,
TBXA2R,None Found,"Apoptosis, Cell Signaling, Proliferation of cells",None Found,None Found,None Found,None Found,None Found,None Found,None Found,,,,,0,
SYN2,None Found,None Found,None Found,None Found,7,1,1,0,5,,,,,0,
SYN1,None Found,Proliferation of cells,5.450999565,None Found,9,4,1,2,2,,,,,0,
STMN1,Oncogene,"Apoptosis, Cell Signaling, Proliferation of cells",2.476243733,None Found,2,0,1,0,1,,,,,0,
STIM1,None Found,"Apoptosis, Cell Signaling, Proliferation of cells",None Found,None Found,4,2,1,0,1,,,,,0,
SPRY1,None Found,Proliferation of cells,-2.790660858,None Found,6,4,1,1,0,,,,,0,
SOX18,None Found,"Transcription regulation, Proliferation of cells",None Found,None Found,None Found,None Found,None Found,None Found,None Found,,,,,0,
SOD1,None Found,"Apoptosis, Proliferation of cells",None Found,None Found,2,2,0,0,0,,,,,0,
SLC9A3,None Found,None Found,6.699056527,None Found,5,3,1,0,1,,,,,0,
SLC4A2,None Found,Apoptosis,None Found,None Found,14,9,4,0,1,,,,,0,
RBL2,Tumorsupressor,Cell Signaling,None Found,None Found,2,1,1,0,0,,,,,0,
RAG2,None Found,Cell Signaling,None Found,None Found,5,4,0,0,1,,,,,0,
PTP4A1,Oncogene,Proliferation of cells,None Found,None Found,2,0,0,0,2,,,,,0,
PTGES,None Found,"Apoptosis, Proliferation of cells",None Found,None Found,None Found,None Found,None Found,None Found,None Found,,,,,0,
PSEN2,None Found,Cell Signaling,None Found,None Found,5,4,0,0,1,,,,,0,
POR,None Found,"Apoptosis, Proliferation of cells",None Found,None Found,4,0,2,0,2,,,,,0,
PDGFC,None Found,"Apoptosis, Cell Signaling, Proliferation of cells",None Found,None Found,2,1,1,0,0,,,,,0,
PCSK2,None Found,"Apoptosis, Cell Signaling, Proliferation of cells",None Found,None Found,9,4,2,1,2,,,,,0,
NAB2,TF,Proliferation of cells,None Found,Repression,7,2,2,0,3,,,,,1,
MYB,Oncogene,"Apoptosis, Cell Signaling, Proliferation of cells",None Found,Unknown,6,5,0,1,0,,,,,1,
MMP14,Cigene,"Apoptosis, Cell Signaling, Proliferation of cells",None Found,None Found,4,3,1,0,0,,,,,0,
LTB,None Found,"Apoptosis, Cell Signaling, Proliferation of cells",None Found,None Found,None Found,None Found,None Found,None Found,None Found,,,,,0,
LMTK2,None Found,None Found,None Found,None Found,15,9,5,1,0,,,,,0,
LHB,None Found,Cell Signaling,None Found,None Found,None Found,None Found,None Found,None Found,None Found,,,,,0,
LDLR,None Found,Apoptosis,None Found,None Found,3,2,1,0,0,,,,,0,
LAT,None Found,"Cell Signaling, Proliferation of cells",None Found,None Found,1,1,0,0,0,,,,,0,
KLK3,None Found,"Apoptosis, Proliferation of cells",-6.768591929,None Found,5,2,1,0,2,,,,,0,
IMPDH2,None Found,Proliferation of cells,None Found,None Found,3,1,2,0,0,,,,,0,
IL3,None Found,"Apoptosis, Cell Signaling",None Found,None Found,1,1,0,0,0,,,,,0,
IL2RB,None Found,"Apoptosis, Cell Signaling, Proliferation of cells",None Found,None Found,4,2,0,2,0,,,,,0,
IL2,Proto-oncogene,Cell Signaling,None Found,None Found,2,1,0,0,1,,,,,0,
IFNG,Oncogene,"Apoptosis, Cell Signaling, Proliferation of cells",None Found,None Found,3,2,1,0,0,,,,,0,
HYAL1,None Found,"Apoptosis, Proliferation of cells",None Found,None Found,None Found,None Found,None Found,None Found,None Found,,,,,0,
HSD11B2,None Found,"Apoptosis, Proliferation of cells",None Found,None Found,None Found,None Found,None Found,None Found,None Found,,,,,0,
HPSE,None Found,"Apoptosis, Proliferation of cells",3.167506204,None Found,4,3,0,1,0,,,,,0,
HIF1A,"Cigene, Tumorsupressor, Oncogene","Apoptosis, Cell Signaling, Proliferation of cells",None Found,Unknown,8,4,2,1,1,,,,,2,
GGPS1,None Found,Drug metabolism,None Found,None Found,5,2,1,0,2,,,,,0,
GDF15,Cigene,"Apoptosis, Cell Signaling, Proliferation of cells",None Found,None Found,1,0,0,1,0,,,,,0,
FLT1,None Found,"Apoptosis, Cell Signaling, Proliferation of cells",None Found,None Found,6,5,1,0,0,,,,,0,
FGF2,None Found,"Apoptosis, Cell Signaling, Proliferation of cells",0.1446659799,None Found,3,1,0,1,1,,,,,0,
FCER2,None Found,"Apoptosis, Proliferation of cells",None Found,None Found,4,1,1,0,2,,,,,0,
FASLG,None Found,"Apoptosis, Proliferation of cells",None Found,None Found,3,2,0,0,1,,,,,0,
FAP,None Found,"Apoptosis, Cell Signaling, Proliferation of cells",3.369356365,None Found,9,6,0,1,2,,,,,0,
F3,None Found,"Apoptosis, Proliferation of cells",-2.533068788,None Found,2,0,1,0,1,,,,,0,
EAPP,TF,None Found,None Found,None Found,4,2,1,1,0,,,,,0,
DMRT1,None Found,"Transcription regulation, Apoptosis",None Found,None Found,1,0,0,1,0,,,,,0,
CYP2B6,None Found,Proliferation of cells,None Found,None Found,4,3,0,1,0,,,,,0,
CHGA,None Found,"Cell Signaling, Proliferation of cells",8.658506625,None Found,3,0,3,0,0,,,,,0,
CDKN1A,"Tumorsupressor, Oncogene","Apoptosis, Cell Signaling, Proliferation of cells",None Found,None Found,1,0,0,1,0,,,,,0,
CD28,None Found,"Apoptosis, Cell Signaling, Proliferation of cells",None Found,None Found,2,2,0,0,0,,,,,0,
CCND2,None Found,"Apoptosis, Cell Signaling, Proliferation of cells",None Found,None Found,6,1,1,0,4,,,,,0,
CACNA1H,None Found,Cell Signaling,None Found,None Found,10,4,4,2,0,,,,,0,
ATF3,"Cigene, Oncogene","Apoptosis, Cell Signaling, Proliferation of cells",None Found,None Found,4,3,1,0,0,,,,,0,
ALOX5,None Found,"Apoptosis, Cell Signaling, Proliferation of cells",None Found,None Found,1,0,0,1,0,,,,,0,
AKR1B1,Tumorsupressor,"Apoptosis, Proliferation of cells",None Found,None Found,1,0,0,1,0,,,,,0,
ACHE,None Found,"Apoptosis, Proliferation of cells",-2.947842682,None Found,3,2,0,0,1,,,,,0,
ACE,None Found,"Apoptosis, Proliferation of cells",None Found,None Found,10,7,1,1,1,,,,,0,
ABCB1,Cigene,"Apoptosis, Proliferation of cells",-3.564622798,None Found,15,7,8,0,0,,,,,0,
ZBTB7A,Oncogene,"Transcription regulation, Apoptosis, Proliferation of cells",None Found,Repression,3,0,3,0,0,,,,,1,
TWIST2,Tumorsupressor,"Apoptosis, Proliferation of cells",None Found,Activation,1,0,1,0,0,,,,,1,
TWIST1,"Cigene, Oncogene","Apoptosis, Proliferation of cells",None Found,Activation,2,1,0,1,0,,,,,2,
TBP,TF,None Found,None Found,Activation,3,3,0,0,0,,,,,1,
SRF,TF,"Apoptosis, Cell Signaling, Proliferation of cells",None Found,Activation,5,1,1,0,3,,,,,2,
SMARCA4,Tumorsupressor,"Transcription regulation, Apoptosis, Proliferation of cells",None Found,Repression,15,8,3,2,2,,,,,1,
RBMX,Tumorsupressor,None Found,None Found,Repression,8,3,2,0,3,,,,,2,
RB1,Tumorsupressor,"Apoptosis, Proliferation of cells",None Found,Repression,20,5,3,12,0,,,,,2,
NF1,Tumorsupressor,Cell Signaling,None Found,Activation,36,13,7,13,3,,,,,1,
NCOA6,TF,"Transcription regulation, Apoptosis",None Found,Activation,20,15,1,4,0,,,,,1,
MITF,Oncogene,"Apoptosis, Proliferation of cells",None Found,Activation,7,2,0,0,5,,,,,1,
HSF2,TF,Transcription regulation,None Found,Unknown,2,0,0,1,1,,,,,1,
HOPX,Tumorsupressor,"Transcription regulation, Proliferation of cells",None Found,Repression,None Found,None Found,None Found,None Found,None Found,,,,,1,
HMGN1,TF,Proliferation of cells,None Found,Unknown,1,1,0,0,0,,,,,1,
GTF2I,TF,"Cell Signaling, Proliferation of cells",None Found,Activation,5,4,0,0,1,,,,,1,
ELK4,TF,"Cell Signaling, Proliferation of cells",None Found,Activation,None Found,None Found,None Found,None Found,None Found,,,,,1,
ARNT,TF,Cell Signaling,None Found,Repression,7,4,1,1,1,,,,,2,
AHR,TF,"Transcription regulation, Apoptosis, Proliferation of cells",None Found,Unknown,3,3,0,0,0,,,,,1,
STAR,None Found,Apoptosis,None Found,None Found,2,2,0,0,0,,,,,0,
SRR,None Found,Drug metabolism,None Found,None Found,1,1,0,0,0,,,,,0,
SPRR3,None Found,Proliferation of cells,-8.668595197,None Found,3,0,0,0,3,,,,,0,
SPI1,"Tumorsupressor, Oncogene","Transcriptional misregulation, Apoptosis, Proliferation of cells",None Found,None Found,3,3,0,0,0,,,,,0,
SOX7,Tumorsupressor,"Transcription regulation, Proliferation of cells",-0.756745042,None Found,3,1,2,0,0,,,,,0,
SLC10A2,None Found,None Found,None Found,None Found,3,2,1,0,0,,,,,0,
PDHA1,None Found,"Apoptosis, Cell Signaling",None Found,None Found,5,2,2,0,1,,,,,0,
PCK2,None Found,"Cell Signaling, Proliferation of cells",None Found,None Found,9,4,3,0,2,,,,,0,
OXTR,None Found,"Cell Signaling, Proliferation of cells",-6.207909869,None Found,1,0,0,0,1,,,,,0,
NTS,None Found,"Apoptosis, Cell Signaling, Proliferation of cells",None Found,None Found,1,0,1,0,0,,,,,0,
NQO1,Cigene,"Apoptosis, Proliferation of cells",None Found,None Found,None Found,None Found,None Found,None Found,None Found,,,,,0,
NPY,None Found,"Cell Signaling, Proliferation of cells",None Found,None Found,1,1,0,0,0,,,,,0,
NPPA,None Found,Cell Signaling,None Found,None Found,1,1,0,0,0,,,,,0,
NOS2,None Found,"Apoptosis, Cell Signaling, Proliferation of cells",4.345697573,None Found,14,11,3,0,0,,,,,0,
NFKB1,"Cigene, Tumorsupressor, Oncogene","Apoptosis, Cell Signaling, Proliferation of cells",None Found,Repression,7,4,2,0,1,,,,,4,
NEFL,None Found,Apoptosis,None Found,None Found,3,1,1,0,1,,,,,0,
MFI2,None Found,None Found,None Found,None Found,12,7,5,0,0,,,,,0,
LRIG2,None Found,Cell Signaling,None Found,None Found,6,5,1,0,0,,,,,0,
IL1A,None Found,"Apoptosis, Cell Signaling, Proliferation of cells",None Found,None Found,None Found,None Found,None Found,None Found,None Found,,,,,0,
HSPH1,None Found,Apoptosis,None Found,None Found,6,4,0,0,2,,,,,0,
GSTP1,None Found,"Apoptosis, Proliferation of cells",None Found,None Found,2,1,1,0,0,,,,,0,
FMO4,None Found,Drug metabolism,None Found,None Found,7,6,1,0,0,,,,,0,
FIGF,None Found,Proliferation of cells,None Found,None Found,6,4,0,0,2,,,,,0,
FGFBP1,None Found,"Cell Signaling, Proliferation of cells",None Found,None Found,None Found,None Found,None Found,None Found,None Found,,,,,0,
FAS,None Found,"Apoptosis, Cell Signaling, Proliferation of cells",None Found,None Found,1,1,0,0,0,,,,,0,
EZR,Cigene,"Apoptosis, Proliferation of cells",-0.5852089833,None Found,6,2,1,1,2,,,,,0,
ERCC4,None Found,None Found,None Found,None Found,9,4,1,2,2,,,,,0,
DDIT3,Oncogene,"Apoptosis, Cell Signaling, Proliferation of cells",None Found,None Found,2,0,0,1,1,,,,,0,
CYP1A2,None Found,Drug metabolism,None Found,None Found,4,2,1,0,1,,,,,0,
CSTA,None Found,Apoptosis,None Found,None Found,1,0,1,0,0,,,,,0,
CLU,"Cigene, Tumorsupressor, Oncogene","Apoptosis, Cell Signaling, Proliferation of cells",None Found,None Found,5,3,0,1,1,,,,,0,
CD40LG,None Found,"Apoptosis, Cell Signaling, Proliferation of cells",None Found,None Found,2,1,0,0,1,,,,,0,
CCK,None Found,"Apoptosis, Cell Signaling, Proliferation of cells",None Found,None Found,1,1,0,0,0,,,,,0,
CASP9,None Found,"Apoptosis, Cell Signaling, Proliferation of cells",None Found,None Found,3,1,0,0,2,,,,,0,
BATF3,None Found,Transcription regulation,None Found,None Found,2,2,0,0,0,,,,,0,
ACTA1,None Found,None Found,None Found,None Found,5,2,2,0,1,,,,,0,
RUNX3,"Tumorsupressor, Oncogene","Transcription regulation, Apoptosis, Proliferation of cells",None Found,Activation,1,0,1,0,0,,,,,2,
CTBP1,"Tumorsupressor, Cigene",Cell Signaling,None Found,Repression,7,1,1,0,5,,,,,1,
NFIL3,TF,"Transcription regulation, Apoptosis, Proliferation of cells",None Found,Unknown,2,2,0,0,0,,,,,1,
KLF9,TF,"Transcription regulation, Apoptosis, Proliferation of cells",None Found,Unknown,3,0,0,0,3,,,,,1,
HOXA5,TF,"Transcription regulation, Apoptosis, Proliferation of cells",-2.87805321,Activation,5,3,1,0,1,,,,,1,
YWHAQ,Oncogene,"Apoptosis, Cell Signaling, Proliferation of cells",None Found,None Found,2,1,0,0,1,,,,,0,
RLN2,None Found,"Apoptosis, Cell Signaling, Proliferation of cells",None Found,None Found,4,3,1,0,0,,,,,0,
RLN1,None Found,Cell Signaling,None Found,None Found,1,1,0,0,0,,,,,0,
PTGS2,None Found,"Apoptosis, Cell Signaling, Proliferation of cells",None Found,None Found,10,3,5,2,0,,,,,0,
PTGER2,None Found,"Apoptosis, Cell Signaling, Proliferation of cells",None Found,None Found,5,2,2,1,0,,,,,0,
PRL,None Found,Cell Signaling,None Found,None Found,None Found,None Found,None Found,None Found,None Found,,,,,0,
PLD1,"Cigene, Tumorsupressor, Oncogene","Apoptosis, Cell Signaling, Proliferation of cells",None Found,None Found,12,7,2,0,3,,,,,0,
KLK4,None Found,"Cell Signaling, Proliferation of cells",6.920792888,None Found,3,1,0,0,2,,,,,0,
IRS2,Oncogene,"Apoptosis, Cell Signaling, Proliferation of cells",-0.9311499934,None Found,None Found,None Found,None Found,None Found,None Found,,,,,0,
IL10,Cigene,"Apoptosis, Cell Signaling, Proliferation of cells",None Found,None Found,None Found,None Found,None Found,None Found,None Found,,,,,0,
IGFBP1,None Found,"Apoptosis, Cell Signaling, Proliferation of cells",None Found,None Found,1,0,1,0,0,,,,,0,
FOXP3,Tumorsupressor,"Apoptosis, Proliferation of cells",None Found,Unknown,7,2,3,1,1,,,,,1,
E2F1,"Tumorsupressor, Oncogene","Apoptosis, Proliferation of cells",4.23572194,Repression,4,4,0,0,0,,,,,2,
CYP19A1,None Found,"Apoptosis, Proliferation of cells",None Found,None Found,3,0,2,0,1,,,,,0,
BCL2L1,Oncogene,"Apoptosis, Cell Signaling, Proliferation of cells",None Found,None Found,5,2,1,0,2,,,,,0,
BCL2,Oncogene,"Apoptosis, Cell Signaling, Proliferation of cells",None Found,None Found,None Found,None Found,None Found,None Found,None Found,,,,,0,
ATP1B1,None Found,Cell Signaling,None Found,None Found,7,1,2,1,3,,,,,0,
ABCG2,"Cigene, Tumorsupressor, Oncogene","Apoptosis, Proliferation of cells",None Found,None Found,1,1,0,0,0,,,,,0,
CCNA2,None Found,"Apoptosis, Cell Signaling, Proliferation of cells",3.73577511,None Found,6,5,0,0,1,,,,,1,
BIRC5,Oncogene,"Apoptosis, Cell Signaling, Proliferation of cells",4.843343632,None Found,1,0,0,0,1,,,,,26,
MMP3,None Found,"Apoptosis, Cell Signaling, Proliferation of cells",None Found,None Found,4,4,0,0,0,,,,,1,
STAT6,TF,Cell Signaling,None Found,Activation,12,5,6,1,0,,,,,3,
MMP7,None Found,"Apoptosis, Cell Signaling, Proliferation of cells",None Found,None Found,3,0,0,0,3,,,,,1,
MMP1,Cigene,"Apoptosis, Cell Signaling, Proliferation of cells",-1.160650572,None Found,1,1,0,0,0,,,,,1,
CXCL8,Cigene,"Apoptosis, Cell Signaling, Proliferation of cells",None Found,None Found,2,1,0,0,1,,,,,1,
CTSD,None Found,"Apoptosis, Cell Signaling, Proliferation of cells",None Found,None Found,1,1,0,0,0,,,,,1,
MMP9,Cigene,"Apoptosis, Cell Signaling, Proliferation of cells",None Found,None Found,6,2,3,0,1,,,,,32,
HLTF,Tumorsupressor,"Apoptosis, Proliferation of cells",None Found,None Found,10,6,2,1,1,,,,,1,
NKX3-1,Tumorsupressor,Proliferation of cells,None Found,Repression,2,2,0,0,0,,,,,3,
TCF7L2,"Cigene, Tumorsupressor, Oncogene","Apoptosis, Cell Signaling, Proliferation of cells",None Found,Activation,8,5,0,0,3,,,,,2,
GDNF,None Found,Cell Signaling,None Found,None Found,1,0,1,0,0,,,,,1,
TCF4,Tumorsupressor,"Transcription regulation, Apoptosis, Proliferation of cells",None Found,Unknown,10,6,4,0,0,,,,,2,
ID3,TF,"Apoptosis, Cell Signaling, Proliferation of cells",None Found,None Found,2,0,0,0,2,,,,,1,
ID4,"Cigene, Tumorsupressor, Oncogene","Cell Signaling, Proliferation of cells",None Found,Unknown,None Found,None Found,None Found,None Found,None Found,,,,,6,
NGF,None Found,"Apoptosis, Cell Signaling, Proliferation of cells",None Found,None Found,6,2,3,0,1,,,,,1,
NTF3,None Found,"Apoptosis, Cell Signaling, Proliferation of cells",None Found,None Found,None Found,None Found,None Found,None Found,None Found,,,,,1,
NTRk2,None Found,"Apoptosis, Cell Signaling, Proliferation of cells",None Found,None Found,14,4,6,2,2,,,,,1,
NR0B2,Tumorsupressor,Apoptosis,None Found,Repression,2,1,0,0,1,,,,,2,
PELP1,Oncogene,None Found,None Found,None Found,6,5,1,0,0,,,,,1,
STAT1,Tumorsupressor,"Apoptosis, Cell Signaling, Proliferation of cells",None Found,Unknown,5,2,2,0,1,,,,,3,
TERT,Cigene,"Apoptosis, Proliferation of cells",None Found,None Found,4,2,1,1,0,,,,,1,
BCAR1,None Found,"Apoptosis, Cell Signaling, Proliferation of cells",None Found,None Found,6,4,0,1,1,,,,,1,
MYC,"Cigene, Oncogene","Apoptosis, Cell Signaling, Proliferation of cells",None Found,Repression,3,3,0,0,0,,,,,1,
TFF1,None Found,"Apoptosis, Cell Signaling, Proliferation of cells",None Found,None Found,None Found,None Found,None Found,None Found,None Found,,,,,1,
GREB1,None Found,None Found,None Found,None Found,11,3,5,1,2,,,,,1,
BRCA1,Tumorsupressor,"Apoptosis, Cell Signaling, Proliferation of cells",None Found,Unknown,18,10,2,6,0,,,,,5,
TFAP2C,TF,"Transcription regulation, Apoptosis, Proliferation of cells",None Found,Unknown,4,3,0,0,1,,,,,2,
PTEN,Tumorsupressor,Cell Signaling,None Found,None Found,34,18,0,14,2,,,,,2,
DLC1,Tumorsupressor,"Apoptosis, Proliferation of cells",None Found,None Found,15,11,1,0,3,,,,,2,
TGFA,None Found,"Apoptosis, Cell Signaling, Proliferation of cells",None Found,None Found,3,1,0,0,2,,,,,1,
CTNNB1,"Cigene, Oncogene",Cell Signaling,None Found,Unknown,5,2,3,0,0,,,,,3,
KRT5,None Found,None Found,None Found,None Found,4,2,2,0,0,,,,,5,
PIAS3,TF,"Apoptosis, Cell Signaling, Proliferation of cells",None Found,Repression,3,1,0,0,2,,,,,3,
NCOR1,TF,Cell Signaling,None Found,Repression,44,22,2,19,1,,,,,2,
ERBB2,"Cigene, Oncogene","Apoptosis, Cell Signaling, Proliferation of cells",None Found,None Found,28,25,2,0,1,,,,,31,
AR,"Cigene, Oncogene","Apoptosis, Proliferation of cells",None Found,Repression,8,3,3,2,0,,,,,3,
NCOA3,"Cigene, Oncogene",Cell Signaling,None Found,Unknown,14,9,2,1,2,,,,,3,
PGR,Tumorsupressor,"Apoptosis, Proliferation of cells",None Found,Repression,6,5,1,0,0,,,,,34,
ELF3,TF,"Transcription regulation, Proliferation of cells",None Found,Unknown,2,1,0,0,1,,,,,2,
CDH1,"Tumorsupressor, Oncogene","Apoptosis, Cell Signaling, Proliferation of cells",None Found,None Found,55,15,2,38,0,,,,,3,
KRT19,None Found,Proliferation of cells,None Found,None Found,5,3,1,1,0,,,,,6,
CLDN7,None Found,"Apoptosis, Proliferation of cells",0.4289850751,None Found,None Found,None Found,None Found,None Found,None Found,,,,,5,
CREM,TF,"Apoptosis, Cell Signaling, Proliferation of cells",None Found,Repression,5,2,1,0,2,,,,,1,
FOXA1,Oncogene,"Transcription regulation, Proliferation of cells",None Found,None Found,22,22,0,0,0,,,,,3,
GATA3,Cigene,"Transcription regulation, Apoptosis, Proliferation of cells",None Found,Activation,18,12,1,4,1,,,,,5,
YY1,Oncogene,Transcription regulation,None Found,Repression,1,1,0,0,0,,,,,4,
DUSP1,None Found,"Apoptosis, Cell Signaling, Proliferation of cells",-2.450636542,None Found,3,1,1,0,1,,,,,1,
ETS1,"Cigene, Tumorsupressor, Oncogene","Apoptosis, Cell Signaling, Proliferation of cells",None Found,Activation,11,2,5,0,4,,,,,3,
STAT5A,Tumorsupressor,"Apoptosis, Cell Signaling, Proliferation of cells",None Found,Unknown,12,7,2,2,1,,,,,2,
CREB1,Oncogene,Cell Signaling,None Found,Unknown,3,1,1,0,1,,,,,2,
IL6,None Found,"Apoptosis, Cell Signaling, Proliferation of cells",-3.692904801,None Found,4,2,0,0,2,,,,,2,
STAT5B,TF,"Apoptosis, Cell Signaling, Proliferation of cells",None Found,Unknown,7,4,1,1,1,,,,,2,
ESR1,TF,"Apoptosis, Cell Signaling, Proliferation of cells",None Found,Activation,9,3,3,1,2,,,,,89,
SP1,TF,"Apoptosis, Cell Signaling, Proliferation of cells",None Found,Activation,5,3,1,0,1,,,,,10,
RELA,Cigene,"Apoptosis, Cell Signaling, Proliferation of cells",None Found,Repression,1,1,0,0,0,,,,,6,
ELK1,Oncogene,"Apoptosis, Cell Signaling, Proliferation of cells",None Found,Unknown,8,4,4,0,0,,,,,2,
ETS2,Oncogene,"Apoptosis, Cell Signaling, Proliferation of cells",None Found,Unknown,7,5,1,1,0,,,,,3,
ESR2,"Cigene, Tumorsupressor, Oncogene",Cell Signaling,None Found,Unknown,6,4,0,0,2,,,,,2,
CCND1,"Cigene, Oncogene","Apoptosis, Cell Signaling, Proliferation of cells",None Found,None Found,1,0,0,0,1,,,,,2,
TNF,None Found,"Apoptosis, Cell Signaling, Proliferation of cells",None Found,None Found,None Found,None Found,None Found,None Found,None Found,,,,,2,
JUND,Oncogene,"Apoptosis, Cell Signaling, Proliferation of cells",None Found,Unknown,None Found,None Found,None Found,None Found,None Found,,,,,5,
EP300,TF,Cell Signaling,None Found,Unknown,17,9,3,3,2,,,,,6,
CDK5R1,None Found,"Apoptosis, Proliferation of cells",None Found,None Found,1,0,1,0,0,,,,,2,
FOS,"Cigene, Oncogene","Apoptosis, Cell Signaling, Proliferation of cells",-3.261178455,Unknown,3,1,1,0,1,,,,,86,
JUNB,Oncogene,"Apoptosis, Cell Signaling, Proliferation of cells",None Found,None Found,1,0,1,0,0,,,,,9,
HDAC1,Oncogene,"Apoptosis, Cell Signaling, Proliferation of cells",None Found,Activation,10,3,4,2,1,,,,,6,
TP53,Tumorsupressor,"Apoptosis, Cell Signaling, Proliferation of cells",None Found,Unknown,264,198,4,59,3,,,,,5,
MTA1,TF,"Transcription regulation, Proliferation of cells",None Found,Repression,None Found,None Found,None Found,None Found,None Found,,,,,3,
JUN,"Cigene, Oncogene","Apoptosis, Cell Signaling, Proliferation of cells",None Found,Repression,1,0,0,0,1,,,,,33,
SNAI2,TF,"Apoptosis, Cell Signaling, Proliferation of cells",None Found,Activation,1,0,0,0,1,,,,,2,
PPARG,"Cigene, Tumorsupressor, Oncogene","Apoptosis, Cell Signaling, Proliferation of cells",-3.620634432,Unknown,5,5,0,0,0,,,,,4,
IRF1,Tumorsupressor,"Apoptosis, Cell Signaling, Proliferation of cells",None Found,Unknown,2,1,0,0,1,,,,,2,
HDAC7,TF,Proliferation of cells,None Found,Repression,2,0,1,0,1,,,,,2,
EGR1,Tumorsupressor,"Apoptosis, Proliferation of cells",-3.444520788,None Found,3,1,2,0,0,,,,,106,
ARNTL2,TF,"Transcription regulation, Proliferation of cells",None Found,Activation,1,1,0,0,0,,,,,1,
VEGFA,Tumorsupressor,"Apoptosis, Cell Signaling, Proliferation of cells",None Found,None Found,4,0,0,0,4,,,,,3,
FN1,None Found,"Apoptosis, Cell Signaling, Proliferation of cells",4.232064555,None Found,22,10,6,1,5,,,,,1,
PDGFB,Oncogene,"Apoptosis, Cell Signaling, Proliferation of cells",None Found,None Found,3,1,0,0,2,,,,,1,
IGF2,Oncogene,"Apoptosis, Proliferation of cells",None Found,None Found,1,0,0,0,1,,,,,1,
SMAD3,Tumorsupressor,"Apoptosis, Cell Signaling, Proliferation of cells",None Found,Activation,2,2,0,0,0,,,,,4,
PLAU,None Found,"Apoptosis, Cell Signaling, Proliferation of cells",None Found,None Found,2,0,1,0,1,,,,,1,
PLAUR,Cigene,"Apoptosis, Proliferation of cells",3.045628499,None Found,2,2,0,0,0,,,,,1,
SMAD7,TF,"Apoptosis, Cell Signaling, Proliferation of cells",None Found,Repression,2,1,0,0,1,,,,,1,
SMAD4,Tumorsupressor,"Apoptosis, Cell Signaling, Proliferation of cells",None Found,Activation,8,3,0,3,2,,,,,2,
SERPINE1,None Found,"Apoptosis, Cell Signaling, Proliferation of cells",None Found,None Found,12,3,4,2,3,,,,,24,
EGFR,"Cigene, Oncogene","Apoptosis, Cell Signaling, Proliferation of cells",None Found,None Found,17,9,6,0,2,,,,,2,
STAT3,"Cigene, Tumorsupressor, Oncogene","Apoptosis, Cell Signaling, Proliferation of cells",None Found,Activation,8,7,1,0,0,,,,,5,
MUC1,"Tumorsupressor, Oncogene","Apoptosis, Cell Signaling, Proliferation of cells",None Found,None Found,5,2,2,0,1,,,,,10,
AURKC,None Found,None Found,None Found,None Found,2,1,0,1,0,,,,,1,
CENPU,None Found,None Found,-0.4008250847,None Found,None Found,None Found,None Found,None Found,None Found,,,,,1,
CENPA,None Found,"Apoptosis, Proliferation of cells",4.801925031,None Found,None Found,None Found,None Found,None Found,None Found,,,,,1,
CENPN,None Found,lymphoid cancer and tumors,2.05977179,None Found,3,1,0,0,2,,,,,1,
CENPH,None Found,adenocarcinoma,None Found,None Found,1,0,0,0,1,,,,,1,
CDC20,Cigene,"Apoptosis, Proliferation of cells",4.306449008,None Found,2,1,0,0,1,,,,,1,
CDCA8,None Found,Proliferation of cells,3.080439881,None Found,1,1,0,0,0,,,,,1,
CCNB2,Oncogene,Proliferation of cells,4.490171085,None Found,1,0,0,0,1,,,,,1,
CENPK,None Found,adenocarcinoma,5.032380744,None Found,3,2,1,0,0,,,,,1,
AURKB,None Found,"Apoptosis, Proliferation of cells",4.843712957,None Found,1,1,0,0,0,,,,,1,
ZWINT,None Found,None Found,3.054521338,None Found,5,3,0,0,2,,,,,1,
KIF2C,None Found,Proliferation of cells,4.211968779,None Found,4,3,1,0,0,,,,,1,
BUB1,None Found,"Apoptosis, Proliferation of cells",4.711965315,None Found,6,3,2,1,0,,,,,1,
CDK1,Oncogene,"Apoptosis, Proliferation of cells",4.336214233,None Found,5,3,1,0,1,,,,,1,
CENPF,None Found,"Apoptosis, Proliferation of cells",4.303285815,None Found,22,14,3,2,3,,,,,1,
CCNB1,"Cigene, Oncogene","Apoptosis, Proliferation of cells",3.052283446,None Found,2,1,0,1,0,,,,,1,
BUB1B,None Found,Proliferation of cells,5.062801568,None Found,3,1,0,1,1,,,,,1,
NDC80,None Found,Apoptosis,5.311566209,None Found,3,3,0,0,0,,,,,1,
MAD2L1,Cigene,"Apoptosis, Proliferation of cells",0.471306614,None Found,4,3,0,1,0,,,,,1,
CENPE,None Found,Apoptosis,3.453779899,None Found,25,20,3,2,0,,,,,1,
CDCA5,None Found,Proliferation of cells,3.77026587,None Found,None Found,None Found,None Found,None Found,None Found,,,,,1,
SPC24,None Found,None Found,7.637085589,None Found,2,2,0,0,0,,,,,1,
SKA1,None Found,cell survival,5.205877121,None Found,2,1,0,1,0,,,,,1,
PLK1,Oncogene,"Apoptosis, Proliferation of cells",4.535312825,None Found,6,2,3,0,1,,,,,1,
CASC5,None Found,Apoptosis,4.907658797,None Found,11,8,2,1,0,,,,,1,
NUF2,None Found,Apoptosis,5.545942005,None Found,6,2,1,1,2,,,,,1,
KNTC1,None Found,adenocarcinoma,0.471306614,None Found,10,7,2,1,0,,,,,1,
SGOL1,None Found,adenocarcinoma,4.539811409,None Found,5,2,1,0,2,,,,,1,
ESPL1,Oncogene,"Apoptosis, Proliferation of cells",4.195300119,None Found,12,7,3,1,1,,,,,1,
KIF18A,None Found,"Apoptosis, Proliferation of cells",3.87658759,None Found,5,4,1,0,0,,,,,1,
SPC25,None Found,Apoptosis,4.924748195,None Found,None Found,None Found,None Found,None Found,None Found,,,,,1,
INCENP,None Found,None Found,None Found,None Found,6,5,1,0,0,,,,,1,
ERCC6L,None Found,None Found,3.379672294,None Found,8,3,3,1,1,,,,,1,
XPO1,None Found,Apoptosis,None Found,None Found,19,13,2,2,2,,,,,1,
NUSAP1,None Found,Apoptosis,4.262304686,None Found,2,1,1,0,0,,,,,1,
KIF20A,None Found,Proliferation of cells,5.065418854,None Found,5,2,0,1,2,,,,,1,
TOP2A,None Found,"Apoptosis, Proliferation of cells",4.405240862,None Found,6,3,1,1,1,,,,,1,
UBE2C,Oncogene,Proliferation of cells,4.93922636,None Found,1,0,0,0,1,,,,,1,
DLGAP5,None Found,Proliferation of cells,5.193258879,None Found,5,2,0,2,1,,,,,1,
TPX2,None Found,"Apoptosis, Proliferation of cells",4.730406767,None Found,5,3,0,0,2,,,,,1,
KIF11,None Found,"Apoptosis, Proliferation of cells",3.407376252,None Found,8,7,0,1,0,,,,,1,
AURKA,Oncogene,"Apoptosis, Proliferation of cells",3.496219487,None Found,5,4,0,0,1,,,,,1,
PBK,Oncogene,"Apoptosis, Proliferation of cells",5.049812404,None Found,3,2,0,1,0,,,,,1,
TTK,None Found,"Apoptosis, Proliferation of cells",4.3264074,None Found,2,2,0,0,0,,,,,1,
RACGAP1,None Found,"Apoptosis, Proliferation of cells",2.568608858,None Found,3,2,0,1,0,,,,,1,
KIF23,None Found,Proliferation of cells,3.770478849,None Found,4,3,1,0,0,,,,,1,
CENPM,None Found,None Found,3.817380916,None Found,2,0,1,0,1,,,,,1,
SCUBE3,None Found,Proliferation of cells,None Found,None Found,6,2,3,0,1,,,,,1,
EPHB1,None Found,Proliferation of cells,-2.88815071,None Found,21,9,8,0,4,,,,,1,
SDC4,None Found,"Apoptosis, Proliferation of cells",None Found,None Found,3,1,0,1,1,,,,,1,
TIMP3,Tumorsupressor,"Apoptosis, Proliferation of cells",None Found,None Found,4,2,2,0,0,,,,,1,
SRC,"Cigene, Oncogene","Apoptosis, Proliferation of cells",None Found,None Found,5,1,2,0,2,,,,,5,
ITGB2,None Found,"Apoptosis, Proliferation of cells",None Found,None Found,14,8,2,2,2,,,,,1,
CTSS,None Found,"Apoptosis, Proliferation of cells",None Found,None Found,4,4,0,0,0,,,,,1,
TNFAIP6,None Found,Proliferation of cells,None Found,None Found,6,2,1,1,2,,,,,1,
TIMP2,None Found,"Apoptosis, Proliferation of cells",None Found,None Found,3,0,2,0,1,,,,,1,
CHIT1,None Found,None Found,None Found,None Found,5,3,2,0,0,,,,,1,
OSCAR,None Found,Apoptosis,None Found,None Found,2,0,1,0,1,,,,,1,
IDH1,Oncogene,Proliferation of cells,None Found,None Found,8,7,1,0,0,,,,,1,
LTA4H,None Found,None Found,None Found,None Found,5,3,1,0,1,,,,,1,
EPHB2,None Found,"Apoptosis, Proliferation of cells",None Found,None Found,10,7,2,0,1,,,,,1,
OLFM4,Tumorsupressor,None Found,None Found,None Found,3,2,1,0,0,,,,,1,
PLG,None Found,"Apoptosis, Proliferation of cells",None Found,None Found,10,6,2,1,1,,,,,2,
MMP10,Cigene,Apoptosis,None Found,None Found,3,3,0,0,0,,,,,1,
CST3,None Found,"Apoptosis, Proliferation of cells",None Found,None Found,2,2,0,0,0,,,,,1,
CD44,Cigene,"Apoptosis, Proliferation of cells",None Found,None Found,2,1,1,0,0,,,,,2,
ACAN,None Found,Proliferation of cells,4.72978461,None Found,6,3,1,2,0,,,,,1,
CXCL1,Oncogene,"Apoptosis, Proliferation of cells",None Found,None Found,1,0,0,1,0,,,,,1,
COL18A1,None Found,"Apoptosis, Proliferation of cells",None Found,None Found,12,6,3,1,2,,,,,1,
EDN1,None Found,"Apoptosis, Proliferation of cells",None Found,None Found,4,3,1,0,0,,,,,1,
PTX3,None Found,Proliferation of cells,None Found,None Found,3,2,0,0,1,,,,,1,
NID1,None Found,None Found,None Found,None Found,15,11,3,1,0,,,,,1,
HP,None Found,organismal death,None Found,None Found,1,0,1,0,0,,,,,2,
HBEGF,None Found,"Apoptosis, Proliferation of cells",None Found,None Found,5,1,3,0,1,,,,,2,
B2M,None Found,"Apoptosis, Proliferation of cells",None Found,None Found,3,3,0,0,0,,,,,1,
TIMP1,None Found,"Apoptosis, Proliferation of cells",None Found,None Found,1,1,0,0,0,,,,,2,
LYZ,None Found,Proliferation of cells,None Found,None Found,None Found,None Found,None Found,None Found,None Found,,,,,1,
PRSS3P2,None Found,None Found,None Found,None Found,None Found,None Found,None Found,None Found,None Found,,,,,1,
CAMP,None Found,"Apoptosis, Proliferation of cells",None Found,None Found,1,0,0,0,1,,,,,1,
THBS1,Tumorsupressor,"Apoptosis, Proliferation of cells",None Found,None Found,6,3,2,1,0,,,,,2,
PPBP,None Found,Proliferation of cells,None Found,None Found,1,1,0,0,0,,,,,2,
MMP8,None Found,"Apoptosis, Proliferation of cells",None Found,None Found,4,3,1,0,0,,,,,1,
LTF,None Found,"Apoptosis, Proliferation of cells",None Found,None Found,5,3,2,0,0,,,,,1,
SDC1,None Found,"Apoptosis, Proliferation of cells",-0.4185367555,None Found,2,0,1,1,0,,,,,1,
A2M,None Found,"Apoptosis, Proliferation of cells",None Found,None Found,8,4,3,1,0,,,,,2,
ITGAM,None Found,"Apoptosis, Proliferation of cells",None Found,None Found,10,4,5,1,0,,,,,1,
CTSG,None Found,"Apoptosis, Proliferation of cells",None Found,None Found,3,1,1,0,1,,,,,1,
BLCAP,Tumorsupressor,None Found,None Found,None Found,2,0,1,0,1,,,,,1,
C10orf142,None Found,None Found,None Found,None Found,None Found,None Found,None Found,None Found,None Found,,,,,1,
GPR17,None Found,None Found,None Found,None Found,3,2,1,0,0,,,,,1,
GRHL3,None Found,Proliferation of cells,None Found,None Found,8,6,1,0,1,,,,,1,
ABCC3,None Found,Proliferation of cells,None Found,None Found,8,4,1,0,3,,,,,1,
GFAP,None Found,Proliferation of cells,-6.105363773,None Found,7,3,2,0,2,,,,,1,
ESM1,None Found,Proliferation of cells,None Found,None Found,None Found,None Found,None Found,None Found,None Found,,,,,1,
SRI,None Found,Apoptosis,None Found,None Found,3,0,0,0,3,,,,,1,
TRIM21,None Found,"Apoptosis, Proliferation of cells",None Found,None Found,6,4,1,0,1,,,,,1,
POU3F1,None Found,Apoptosis,None Found,None Found,3,1,0,0,2,,,,,1,
NKX2-2,None Found,None Found,None Found,None Found,2,1,1,0,0,,,,,1,
NANOS2,None Found,None Found,None Found,None Found,1,0,1,0,0,,,,,1,
GFRA1,None Found,"Apoptosis, Proliferation of cells",None Found,None Found,1,0,1,0,0,,,,,1,
SOHLH1,None Found,None Found,None Found,None Found,3,1,0,0,2,,,,,1,
BCL6B,Tumorsupressor,"Apoptosis, Proliferation of cells",None Found,None Found,2,1,1,0,0,,,,,1,
OLIG2,None Found,None Found,None Found,None Found,None Found,None Found,None Found,None Found,None Found,,,,,1,
OLIG1,None Found,None Found,None Found,None Found,2,0,0,0,2,,,,,1,
ZBTB16,"Tumorsupressor, Oncogene","Apoptosis, Proliferation of cells",-1.953357197,None Found,6,3,1,0,2,,,,,1,
SOX10,None Found,"Apoptosis, Proliferation of cells",-6.950149239,None Found,3,2,1,0,0,,,,,1,
SOX2,"Cigene, Oncogene","Apoptosis, Proliferation of cells",None Found,None Found,3,2,1,0,0,,,,,1,
NEUROG3,None Found,None Found,None Found,None Found,2,2,0,0,0,,,,,1,
HEY2,None Found,Proliferation of cells,None Found,None Found,1,1,0,0,0,,,,,1,
HES5,None Found,None Found,None Found,None Found,None Found,None Found,None Found,None Found,None Found,,,,,1,
NEUROG1,None Found,None Found,None Found,None Found,None Found,None Found,None Found,None Found,None Found,,,,,1,
HES1,None Found,"Apoptosis, Proliferation of cells",None Found,None Found,4,3,0,0,1,,,,,1,
TCF3,"Cigene, Tumorsupressor, Oncogene","Apoptosis, Proliferation of cells",None Found,None Found,3,1,0,0,2,,,,,1,
MYOD1,None Found,None Found,None Found,None Found,None Found,None Found,None Found,None Found,None Found,,,,,1,
MYOG,None Found,None Found,None Found,None Found,None Found,None Found,None Found,None Found,None Found,,,,,1,
MYRF,None Found,None Found,None Found,None Found,3,1,2,0,0,,,,,1,
ID2,"Cigene, Oncogene","Apoptosis, Proliferation of cells",None Found,None Found,2,1,0,0,1,,,,,1,
MYF6,None Found,Proliferation of cells,None Found,None Found,7,6,0,0,1,,,,,1,
EZH2,"Cigene, Oncogene","Apoptosis, Proliferation of cells",3.648483512,None Found,5,1,2,1,1,,,,,2,
NOTCH1,"Cigene, Oncogene","Apoptosis, Proliferation of cells",None Found,None Found,7,6,1,0,0,,,,,2,
WNT5A,"Tumorsupressor, Oncogene","Apoptosis, Proliferation of cells",None Found,None Found,2,0,1,0,1,,,,,1,
SOX4,Oncogene,"Apoptosis, Proliferation of cells",None Found,None Found,5,2,1,0,2,,,,,1,
CDC42,None Found,None Found,None Found,None Found,3,0,0,0,3,,,,,3,
MMP2,None Found,"Apoptosis, Proliferation of cells",None Found,None Found,5,2,2,0,1,,,,,1,
CEBPB,None Found,"Apoptosis, Proliferation of cells",None Found,None Found,None Found,None Found,None Found,None Found,None Found,,,,,1,
BCL3,Oncogene,"Apoptosis, Proliferation of cells",None Found,None Found,2,1,1,0,0,,,,,1,
FKBP4,None Found,"Apoptosis, Proliferation of cells",None Found,None Found,2,0,2,0,0,,,,,2,
GIPC1,None Found,Proliferation of cells,None Found,None Found,3,1,1,0,1,,,,,1,
ADCYAP1R1,None Found,"Apoptosis, Proliferation of cells",None Found,None Found,3,1,2,0,0,,,,,1,
RIT2,None Found,Proliferation of cells,None Found,None Found,3,0,2,0,1,,,,,1,
RIT1,Oncogene,"Apoptosis, Proliferation of cells",None Found,None Found,6,1,2,0,3,,,,,1,
DYNLT1,None Found,formation of cellular protrusions,None Found,None Found,None Found,None Found,None Found,None Found,None Found,,,,,1,
DOCK3,None Found,Proliferation of cells,None Found,None Found,15,11,3,0,1,,,,,1,
SH2B1,None Found,None Found,None Found,None Found,8,5,2,0,1,,,,,1,
ADCYAP1,None Found,"Apoptosis, Proliferation of cells",None Found,None Found,None Found,None Found,None Found,None Found,None Found,,,,,1,
CDH2,None Found,"Apoptosis, Proliferation of cells",None Found,None Found,4,2,1,0,1,,,,,1,
CDK5,None Found,"Apoptosis, Proliferation of cells",None Found,None Found,6,4,1,0,1,,,,,1,
CTNND1,None Found,"Apoptosis, Proliferation of cells",None Found,None Found,10,4,1,0,5,,,,,1,
KRAS,"Cigene, Oncogene",None Found,None Found,None Found,6,5,0,0,1,,,,,2,
NRAS,Oncogene,"Apoptosis, Proliferation of cells",None Found,None Found,2,2,0,0,0,,,,,2,
CTNNA1,None Found,"Apoptosis, Proliferation of cells",None Found,None Found,6,2,1,2,1,,,,,1,
RAP1A,Oncogene,Apoptosis,None Found,None Found,2,1,0,1,0,,,,,1,
FRS3,Tumorsupressor,None Found,None Found,None Found,3,1,1,0,1,,,,,1,
TIAM1,None Found,"Apoptosis, Proliferation of cells",None Found,None Found,9,4,3,1,1,,,,,1,
RAP1B,None Found,"Apoptosis, Proliferation of cells",None Found,None Found,2,1,1,0,0,,,,,1,
GAB1,None Found,"Apoptosis, Proliferation of cells",None Found,None Found,6,3,2,0,1,,,,,2,
FRS2,None Found,None Found,None Found,None Found,2,1,0,0,1,,,,,1,
PTPN11,Oncogene,None Found,None Found,None Found,5,2,1,1,1,,,,,2,
GRIN2B,None Found,Apoptosis,None Found,None Found,19,11,6,1,1,,,,,1,
RASA1,None Found,None Found,None Found,None Found,7,5,1,1,0,,,,,2,
EHD4,None Found,"Apoptosis, Proliferation of cells",None Found,None Found,6,1,5,0,0,,,,,1,
BDNF,None Found,"Apoptosis, Proliferation of cells",None Found,None Found,4,1,0,0,3,,,,,1,
NTRK1,Oncogene,"Apoptosis, Proliferation of cells",None Found,None Found,5,4,1,0,0,,,,,1,
NTF4,None Found,"Apoptosis, Proliferation of cells",-3.81526564,None Found,1,1,0,0,0,,,,,1,
SHC1,Cigene,"Apoptosis, Proliferation of cells",None Found,None Found,4,1,0,1,2,,,,,2,
GRB2,None Found,None Found,None Found,None Found,2,1,1,0,0,,,,,2,
HRAS,"Cigene, Oncogene","Apoptosis, Proliferation of cells",None Found,None Found,6,4,2,0,0,,,,,2,
PLCG1,None Found,"Apoptosis, Proliferation of cells",None Found,None Found,13,6,4,2,1,,,,,2,
SOS1,None Found,None Found,None Found,None Found,7,2,4,1,0,,,,,2,
PIK3R1,"Cigene, Oncogene","Apoptosis, Proliferation of cells",None Found,None Found,16,9,2,2,3,,,,,2,
RAC1,"Cigene, Oncogene","Apoptosis, Proliferation of cells",None Found,None Found,1,1,0,0,0,,,,,2,
PIK3CA,"Cigene, Oncogene","Apoptosis, Proliferation of cells",None Found,None Found,328,321,7,0,0,,,,,4,
IGF1,None Found,"Apoptosis, Proliferation of cells",None Found,None Found,1,0,0,0,1,,,,,3,
SHC3,None Found,"Apoptosis, Proliferation of cells",3.98473104,None Found,2,1,1,0,0,,,,,1,
SHC2,None Found,None Found,None Found,None Found,4,2,1,0,1,,,,,1,
CRK,Oncogene,None Found,None Found,None Found,1,1,0,0,0,,,,,1,
CRKL,Oncogene,None Found,None Found,None Found,2,1,0,0,1,,,,,1,
SHC4,None Found,"Apoptosis, Proliferation of cells",None Found,None Found,5,4,0,0,1,,,,,1,
KIDINS220,None Found,"Apoptosis, Proliferation of cells",None Found,None Found,9,7,2,0,0,,,,,1,
NGFR,None Found,"Apoptosis, Proliferation of cells",-4.408689254,None Found,1,0,1,0,0,,,,,1,
TENC1,None Found,None Found,None Found,None Found,None Found,None Found,None Found,None Found,None Found,,,,,1,
TNS3,None Found,Proliferation of cells,None Found,None Found,14,10,4,0,0,,,,,1,
TRAF3IP3,None Found,cellular homeostasis,None Found,None Found,7,4,3,0,0,,,,,1,
GPM6B,Oncogene,Apoptosis,-3.079633048,None Found,8,5,1,0,2,,,,,1,
TLN2,None Found,Proliferation of cells,None Found,None Found,12,8,1,1,2,,,,,1,
SYN3,None Found,Proliferation of cells,None Found,None Found,4,1,2,1,0,,,,,1,
ZNF12,None Found,None Found,None Found,None Found,9,4,4,1,0,,,,,1,
FBXW5,None Found,None Found,None Found,None Found,2,0,1,0,1,,,,,1,
STARD7,None Found,None Found,None Found,None Found,6,5,0,0,1,,,,,1,
STARD6,None Found,None Found,None Found,None Found,2,2,0,0,0,,,,,1,
STARD4,None Found,None Found,None Found,None Found,4,3,0,0,1,,,,,1,
STARD5,None Found,None Found,None Found,None Found,2,1,0,1,0,,,,,1,
ACOT12,None Found,None Found,None Found,None Found,1,1,0,0,0,,,,,1,
COL4A3BP,None Found,Proliferation of cells,None Found,None Found,3,3,0,0,0,,,,,1,
ACOT11,None Found,cellular homeostasis,None Found,None Found,2,2,0,0,0,,,,,1,
STARD9,None Found,None Found,None Found,None Found,7,3,4,0,0,,,,,1,
SPG20,None Found,None Found,None Found,None Found,9,4,3,0,2,,,,,1,
PCTP,None Found,Apoptosis,None Found,None Found,2,2,0,0,0,,,,,1,
PRKD1,None Found,"Apoptosis, Proliferation of cells",None Found,None Found,8,5,1,1,1,,,,,1,
TNS4,Oncogene,"Apoptosis, Proliferation of cells",None Found,None Found,8,5,2,0,1,,,,,1,
RTKN,None Found,"Apoptosis, Proliferation of cells",None Found,None Found,4,2,1,0,1,,,,,1,
CAV1,Oncogene,"Apoptosis, Proliferation of cells",-3.746278232,None Found,7,4,1,0,2,,,,,1,
RHOD,None Found,Proliferation of cells,None Found,None Found,1,0,1,0,0,,,,,1,
RHOBTB1,None Found,None Found,None Found,None Found,3,1,1,0,1,,,,,1,
RHOT1,None Found,None Found,None Found,None Found,9,5,2,0,2,,,,,1,
RHOBTB2,Tumorsupressor,"Apoptosis, Proliferation of cells",None Found,None Found,8,5,1,0,2,,,,,1,
RHOF,None Found,adenocarcinoma,None Found,None Found,2,1,1,0,0,,,,,1,
RAC3,None Found,"Apoptosis, Proliferation of cells",None Found,None Found,None Found,None Found,None Found,None Found,None Found,,,,,1,
RHOH,None Found,"Apoptosis, Proliferation of cells",None Found,None Found,1,0,1,0,0,,,,,1,
RHOJ,None Found,"Apoptosis, Proliferation of cells",None Found,None Found,3,1,1,0,1,,,,,1,
RHOT2,None Found,None Found,None Found,None Found,2,1,1,0,0,,,,,1,
RHOG,None Found,None Found,None Found,None Found,None Found,None Found,None Found,None Found,None Found,,,,,1,
RHOQ,None Found,Proliferation of cells,None Found,None Found,4,3,1,0,0,,,,,1,
RHOU,None Found,Proliferation of cells,None Found,None Found,None Found,None Found,None Found,None Found,None Found,,,,,1,
RHOV,None Found,None Found,None Found,None Found,None Found,None Found,None Found,None Found,None Found,,,,,1,
RHOA,"Cigene, Oncogene","Apoptosis, Proliferation of cells",None Found,None Found,9,8,0,0,1,,,,,2,
TLN1,None Found,Proliferation of cells,None Found,None Found,22,14,5,2,1,,,,,1,
AKT1,Oncogene,"Apoptosis, Proliferation of cells",None Found,None Found,27,24,1,0,2,,,,,2,
CDK6,Oncogene,"Apoptosis, Proliferation of cells",None Found,None Found,3,2,1,0,0,,,,,1,
PLCD1,None Found,"Apoptosis, Proliferation of cells",None Found,None Found,5,2,1,1,1,,,,,1,
RHOB,Cigene,"Apoptosis, Proliferation of cells",None Found,None Found,5,1,2,0,2,,,,,1,
RHOC,"Cigene, Oncogene","Apoptosis, Proliferation of cells",None Found,None Found,4,3,1,0,0,,,,,2,
RAC2,None Found,"Apoptosis, Proliferation of cells",None Found,None Found,2,0,1,0,1,,,,,1,
TNS1,None Found,cell movement,-3.241831262,None Found,7,5,0,0,2,,,,,1,
KRT79,None Found,adenocarcinoma,None Found,None Found,5,3,1,0,1,,,,,2,
KRT4,None Found,Proliferation of cells,None Found,None Found,4,2,1,0,1,,,,,2,
KRT78,None Found,None Found,None Found,None Found,2,2,0,0,0,,,,,2,
KRT6B,None Found,None Found,None Found,None Found,5,5,0,0,0,,,,,2,
KRT77,None Found,None Found,11.04457864,None Found,3,1,2,0,0,,,,,2,
KRT72,None Found,None Found,None Found,None Found,3,2,1,0,0,,,,,2,
KRT6A,None Found,lymphoid cancer and tumors,None Found,None Found,2,2,0,0,0,,,,,2,
KRT82,None Found,None Found,None Found,None Found,3,2,1,0,0,,,,,2,
KRT3,None Found,None Found,None Found,None Found,3,3,0,0,0,,,,,2,
KRT2,None Found,Proliferation of cells,None Found,None Found,7,4,3,0,0,,,,,2,
KRT6C,None Found,adenocarcinoma,None Found,None Found,5,3,2,0,0,,,,,2,
KRT17,None Found,"Apoptosis, Proliferation of cells",-3.197554925,None Found,3,1,0,0,2,,,,,2,
KRT80,None Found,None Found,None Found,None Found,2,0,0,0,2,,,,,2,
KRT74,None Found,None Found,None Found,None Found,5,5,0,0,0,,,,,2,
KRT81,None Found,lymphoid cancer and tumors,-3.494404338,None Found,4,1,2,1,0,,,,,2,
KRT28,None Found,None Found,None Found,None Found,6,6,0,0,0,,,,,2,
KRT25,None Found,None Found,None Found,None Found,5,3,1,1,0,,,,,1,
KRT76,None Found,None Found,None Found,None Found,4,1,3,0,0,,,,,2,
KRT35,None Found,None Found,None Found,None Found,4,1,3,0,0,,,,,1,
KRT71,None Found,None Found,None Found,None Found,3,2,1,0,0,,,,,2,
KRT15,None Found,adenocarcinoma,-3.350212449,None Found,3,1,0,0,2,,,,,2,
KRT1,None Found,inflammatory response,None Found,None Found,8,6,2,0,0,,,,,2,
KRT14,None Found,"Apoptosis, Proliferation of cells",None Found,None Found,4,4,0,0,0,,,,,4,
KRT86,None Found,lymphoid cancer and tumors,None Found,None Found,6,3,2,1,0,,,,,2,
KRT84,None Found,None Found,None Found,None Found,2,2,0,0,0,,,,,2,
KRT32,None Found,None Found,None Found,None Found,2,2,0,0,0,,,,,2,
KRT27,None Found,None Found,None Found,None Found,5,2,3,0,0,,,,,1,
KRT38,None Found,None Found,None Found,None Found,3,1,1,1,0,,,,,2,
KRT33B,None Found,None Found,None Found,None Found,None Found,None Found,None Found,None Found,None Found,,,,,1,
KRT16,None Found,Proliferation of cells,None Found,None Found,1,0,0,0,1,,,,,2,
KRT75,None Found,adenocarcinoma,None Found,None Found,6,2,3,0,1,,,,,2,
KRT8,None Found,"Apoptosis, Proliferation of cells",-0.2330988685,None Found,3,2,0,0,1,,,,,3,
KRT7,None Found,Proliferation of cells,None Found,None Found,4,1,0,0,3,,,,,2,
KRT37,None Found,None Found,None Found,None Found,1,1,0,0,0,,,,,2,
KRT39,None Found,None Found,None Found,None Found,None Found,None Found,None Found,None Found,None Found,,,,,1,
KRT40,None Found,None Found,None Found,None Found,3,1,2,0,0,,,,,2,
KRT36,None Found,None Found,None Found,None Found,5,1,2,1,1,,,,,2,
KRT13,None Found,None Found,None Found,None Found,3,1,2,0,0,,,,,2,
KRT26,None Found,None Found,None Found,None Found,2,0,0,1,1,,,,,2,
KRT31,None Found,None Found,None Found,None Found,5,2,3,0,0,,,,,1,
KRT23,None Found,Proliferation of cells,None Found,None Found,4,2,2,0,0,,,,,2,
KRT9,None Found,None Found,None Found,None Found,11,4,6,1,0,,,,,2,
KRT10,None Found,Proliferation of cells,None Found,None Found,2,1,1,0,0,,,,,2,
KRT24,None Found,None Found,None Found,None Found,6,3,3,0,0,,,,,2,
KRT34,None Found,None Found,None Found,None Found,5,3,2,0,0,,,,,2,
KRT12,None Found,None Found,None Found,None Found,2,1,1,0,0,,,,,2,
KRT18,None Found,Apoptosis,None Found,None Found,6,3,3,0,0,,,,,3,
KRT20,None Found,transport of molecule,None Found,None Found,2,2,0,0,0,,,,,2,
KRT33A,None Found,None Found,None Found,None Found,2,2,0,0,0,,,,,2,
PLXNB1,Oncogene,Proliferation of cells,None Found,None Found,7,5,1,0,1,,,,,1,
SEMA4D,None Found,"Apoptosis, Proliferation of cells",None Found,None Found,8,5,2,1,0,,,,,1,
GRB7,None Found,Proliferation of cells,None Found,None Found,3,3,0,0,0,,,,,1,
ERRFI1,Tumorsupressor,Proliferation of cells,None Found,None Found,4,0,0,1,3,,,,,1,
TFF3,None Found,"Apoptosis, Proliferation of cells",None Found,None Found,None Found,None Found,None Found,None Found,None Found,,,,,1,
AREG,None Found,"Apoptosis, Proliferation of cells",None Found,None Found,3,2,1,0,0,,,,,1,
BTC,None Found,"Apoptosis, Proliferation of cells",None Found,None Found,2,1,0,0,1,,,,,1,
EREG,None Found,"Apoptosis, Proliferation of cells",None Found,None Found,2,0,0,0,2,,,,,1,
ADAM17,None Found,"Apoptosis, Proliferation of cells",None Found,None Found,3,0,3,0,0,,,,,1,
NRG1,None Found,"Apoptosis, Proliferation of cells",None Found,None Found,8,4,2,0,2,,,,,1,
NRG2,None Found,"Apoptosis, Proliferation of cells",None Found,None Found,3,2,1,0,0,,,,,1,
NRG3,None Found,Proliferation of cells,None Found,None Found,7,5,1,1,0,,,,,1,
PTK6,None Found,"Apoptosis, Proliferation of cells",0.471306614,None Found,3,0,3,0,0,,,,,1,
MEMO1,None Found,Proliferation of cells,None Found,None Found,2,1,1,0,0,,,,,1,
PTPN12,None Found,Proliferation of cells,None Found,None Found,6,5,0,0,1,,,,,1,
MAPK8,Cigene,"Apoptosis, Proliferation of cells",None Found,None Found,3,2,0,1,0,,,,,2,
ERBB3,Oncogene,"Apoptosis, Proliferation of cells",None Found,None Found,21,18,1,0,2,,,,,1,
FYN,Oncogene,"Apoptosis, Proliferation of cells",None Found,None Found,3,1,1,0,1,,,,,1,
JAK2,"Cigene, Oncogene","Apoptosis, Proliferation of cells",None Found,None Found,8,3,2,3,0,,,,,1,
PLCG2,None Found,"Apoptosis, Proliferation of cells",None Found,None Found,8,5,2,1,0,,,,,1,
PIK3R2,None Found,"Apoptosis, Proliferation of cells",None Found,None Found,4,2,0,0,2,,,,,1,
HSP90AA1,None Found,"Apoptosis, Proliferation of cells",None Found,None Found,4,3,1,0,0,,,,,3,
ERBB2IP,None Found,None Found,None Found,None Found,14,10,1,2,1,,,,,1,
PTK2,Cigene,None Found,None Found,None Found,9,7,1,1,0,,,,,1,
STUB1,None Found,None Found,None Found,None Found,6,3,2,0,1,,,,,2,
EGF,None Found,"Apoptosis, Proliferation of cells",None Found,None Found,9,5,2,1,1,,,,,2,
PTPN18,None Found,None Found,None Found,None Found,3,1,1,0,1,,,,,1,
SUMO1,None Found,None Found,None Found,None Found,2,0,1,1,0,,,,,1,
NCOR2,None Found,"Apoptosis, Proliferation of cells",None Found,None Found,8,5,2,1,0,,,,,2,
PRKACB,None Found,Proliferation of cells,None Found,None Found,7,2,2,0,3,,,,,1,
PRKACA,None Found,None Found,None Found,None Found,7,5,2,0,0,,,,,1,
MED1,None Found,None Found,None Found,None Found,4,2,1,1,0,,,,,2,
NCOA1,None Found,None Found,None Found,None Found,5,5,0,0,0,,,,,2,
STIP1,None Found,"Apoptosis, Proliferation of cells",None Found,None Found,6,3,0,0,3,,,,,1,
HSP90AB1,None Found,"Apoptosis, Proliferation of cells",None Found,None Found,8,4,4,0,0,,,,,2,
PTGES3,None Found,None Found,None Found,None Found,3,2,0,0,1,,,,,1,
NR3C1,None Found,"Apoptosis, Proliferation of cells",None Found,None Found,4,2,1,1,0,,,,,2,
NR3C2,None Found,"Apoptosis, Proliferation of cells",0.1446659799,None Found,8,7,1,0,0,,,,,1,
HSPA8,None Found,"Apoptosis, Proliferation of cells",None Found,None Found,7,5,2,0,0,,,,,1,
HSPA2,None Found,Apoptosis,None Found,None Found,5,5,0,0,0,,,,,1,
HSPA1A,Oncogene,None Found,None Found,None Found,None Found,None Found,None Found,None Found,None Found,,,,,1,
HSPA1L,None Found,None Found,None Found,None Found,2,2,0,0,0,,,,,1,
HSPA1B,None Found,None Found,None Found,None Found,2,1,0,0,1,,,,,1,
ACTR1A,None Found,None Found,None Found,None Found,5,4,0,0,1,,,,,1,
MAPK3,None Found,"Apoptosis, Proliferation of cells",None Found,None Found,2,1,1,0,0,,,,,4,
MAPK1,None Found,None Found,None Found,None Found,2,1,0,0,1,,,,,4,
DYNLL2,None Found,None Found,None Found,None Found,None Found,None Found,None Found,None Found,None Found,,,,,1,
DYNLL1,None Found,None Found,None Found,None Found,2,0,1,0,1,,,,,1,
TLE3,None Found,None Found,None Found,None Found,6,4,1,1,0,,,,,1,
CAPZA1,None Found,Proliferation of cells,None Found,None Found,None Found,None Found,None Found,None Found,None Found,,,,,1,
NRIP1,None Found,Proliferation of cells,None Found,None Found,4,4,0,0,0,,,,,2,
DCTN1,None Found,Apoptosis,None Found,None Found,10,6,0,1,3,,,,,1,
FKBP5,None Found,"Apoptosis, Proliferation of cells",None Found,None Found,7,3,1,1,2,,,,,1,
ACTR10,None Found,None Found,None Found,None Found,3,2,0,1,0,,,,,1,
DYNC1LI2,None Found,None Found,None Found,None Found,5,2,1,0,2,,,,,1,
DYNC1LI1,None Found,None Found,None Found,None Found,4,4,0,0,0,,,,,1,
DYNC1I2,None Found,None Found,None Found,None Found,1,1,0,0,0,,,,,1,
DCTN5,None Found,None Found,None Found,None Found,2,0,0,0,2,,,,,1,
DYNC1H1,None Found,"Apoptosis, Proliferation of cells",None Found,None Found,28,22,4,2,0,,,,,1,
DYNC1I1,None Found,None Found,None Found,None Found,12,7,4,1,0,,,,,1,
CAPZA3,None Found,None Found,None Found,None Found,2,2,0,0,0,,,,,1,
DCTN6,None Found,None Found,None Found,None Found,4,2,1,0,1,,,,,1,
DCTN3,None Found,None Found,None Found,None Found,None Found,None Found,None Found,None Found,None Found,,,,,1,
UBE2I,None Found,"Apoptosis, Proliferation of cells",None Found,None Found,1,0,0,0,1,,,,,1,
MAPK11,Cigene,"Apoptosis, Proliferation of cells",None Found,None Found,None Found,None Found,None Found,None Found,None Found,,,,,1,
MAPK14,None Found,None Found,None Found,None Found,3,2,0,0,1,,,,,2,
EPCAM,"Cigene, Oncogene","Apoptosis, Proliferation of cells",None Found,None Found,3,0,0,0,3,,,,,2,
KRT73,None Found,None Found,None Found,None Found,6,4,0,1,1,,,,,1,
KRT85,None Found,None Found,None Found,None Found,3,1,2,0,0,,,,,1,
KRT83,None Found,None Found,None Found,None Found,3,1,2,0,0,,,,,1,
ING1,None Found,None Found,None Found,None Found,10,5,3,0,2,,,,,1,
RPL23,Oncogene,None Found,None Found,None Found,3,2,0,0,1,,,,,1,
M1AP,None Found,None Found,None Found,None Found,2,1,0,1,0,,,,,1,
PI4K2B,None Found,None Found,None Found,None Found,3,3,0,0,0,,,,,1,
PKP3,None Found,"Apoptosis, Proliferation of cells",None Found,None Found,3,2,0,1,0,,,,,1,
PRSS8,None Found,survival of organism,-0.32891726,None Found,4,1,2,0,1,,,,,1,
SPINT1,None Found,Apoptosis,None Found,None Found,4,2,1,0,1,,,,,1,
ST14,Cigene,"Apoptosis, Proliferation of cells",None Found,None Found,6,4,1,0,1,,,,,1,
TACSTD2,Oncogene,Proliferation of cells,None Found,None Found,None Found,None Found,None Found,None Found,None Found,,,,,1,
CD81,None Found,Proliferation of cells,None Found,None Found,None Found,None Found,None Found,None Found,None Found,,,,,1,
SCARB1,None Found,"Apoptosis, Proliferation of cells",None Found,None Found,4,3,0,1,0,,,,,1,
CCDC102A,None Found,None Found,None Found,None Found,None Found,None Found,None Found,None Found,None Found,,,,,1,
RAB25,Tumorsupressor,Proliferation of cells,0.375231063,None Found,3,2,0,0,1,,,,,1,
SNAI1,"Cigene, Oncogene","Apoptosis, Proliferation of cells",None Found,None Found,2,2,0,0,0,,,,,2,
CLDN12,None Found,None Found,None Found,None Found,3,2,0,0,1,,,,,1,
CLDN23,Tumorsupressor,None Found,None Found,None Found,2,0,1,0,1,,,,,1,
CLDN14,None Found,None Found,None Found,None Found,1,1,0,0,0,,,,,1,
CLDN16,None Found,None Found,None Found,None Found,5,2,2,1,0,,,,,1,
CLDN5,None Found,function of cardiovascular system,0.2515365279,None Found,1,1,0,0,0,,,,,1,
CLDN6,None Found,Proliferation of cells,None Found,None Found,4,3,1,0,0,,,,,1,
CLDN2,None Found,Proliferation of cells,None Found,None Found,3,1,2,0,0,,,,,1,
CLDN19,None Found,adenocarcinoma,-6.115489023,None Found,2,1,1,0,0,,,,,1,
CLDN3,None Found,None Found,None Found,None Found,1,0,0,0,1,,,,,1,
CLDN9,None Found,adenocarcinoma,None Found,None Found,4,0,1,0,3,,,,,1,
CLDN10,None Found,None Found,None Found,None Found,6,2,2,0,2,,,,,1,
CLDN4,None Found,Proliferation of cells,None Found,None Found,3,1,0,0,2,,,,,1,
CLDN18,None Found,None Found,None Found,None Found,6,2,2,0,2,,,,,1,
CLDN8,None Found,adenocarcinoma,None Found,None Found,5,0,5,0,0,,,,,1,
CLDN15,None Found,Proliferation of cells,None Found,None Found,2,1,0,0,1,,,,,1,
CLDN1,None Found,Proliferation of cells,None Found,None Found,3,1,0,0,2,,,,,1,
CLDN17,None Found,None Found,None Found,None Found,3,2,1,0,0,,,,,1,
CLDN22,None Found,None Found,None Found,None Found,2,2,0,0,0,,,,,1,
CLDN20,None Found,None Found,None Found,None Found,1,1,0,0,0,,,,,1,
OCLN,None Found,None Found,None Found,None Found,4,3,1,0,0,,,,,1,
ESAM,None Found,leukocyte migration cells,None Found,None Found,2,2,0,0,0,,,,,1,
CLDN25,None Found,None Found,None Found,None Found,None Found,None Found,None Found,None Found,None Found,,,,,1,
TJP1,None Found,Proliferation of cells,None Found,None Found,13,7,4,2,0,,,,,1,
CLDN24,None Found,None Found,None Found,None Found,None Found,None Found,None Found,None Found,None Found,,,,,1,
F11R,None Found,Proliferation of cells,None Found,None Found,2,2,0,0,0,,,,,1,
TJP3,None Found,Proliferation of cells,None Found,None Found,5,3,2,0,0,,,,,1,
TJP2,None Found,"Apoptosis, Proliferation of cells",None Found,None Found,5,4,1,0,0,,,,,1,
WNK4,None Found,Proliferation of cells,None Found,None Found,8,5,2,0,1,,,,,1,
MARVELD2,None Found,None Found,None Found,None Found,2,1,0,0,1,,,,,1,
CLDN11,None Found,Proliferation of cells,-3.998280061,None Found,2,1,1,0,0,,,,,1,
NCOA7,None Found,None Found,None Found,None Found,7,4,1,1,1,,,,,1,
NCOA2,Cigene,"Apoptosis, Proliferation of cells",None Found,None Found,12,5,4,1,2,,,,,1,
PHB2,None Found,Apoptosis,None Found,None Found,3,1,1,0,1,,,,,1,
CCNT1,None Found,None Found,None Found,None Found,9,8,1,0,0,,,,,1,
KDM1A,None Found,"Apoptosis, Proliferation of cells",None Found,None Found,3,3,0,0,0,,,,,2,
CARM1,None Found,Proliferation of cells,None Found,None Found,5,3,1,0,1,,,,,1,
ZNF217,Oncogene,Proliferation of cells,None Found,None Found,14,6,2,2,4,,,,,1,
PPARGC1A,None Found,"Apoptosis, Proliferation of cells",None Found,None Found,11,8,0,2,1,,,,,1,
IGF1R,"Cigene, Oncogene","Apoptosis, Proliferation of cells",None Found,None Found,11,6,1,0,4,,,,,1,
GAPDH,None Found,"Apoptosis, Proliferation of cells",None Found,None Found,2,1,0,0,1,,,,,1,
NOS3,None Found,"Apoptosis, Proliferation of cells",None Found,None Found,9,5,2,1,1,,,,,1,
STK11,None Found,None Found,None Found,None Found,1,0,0,1,0,,,,,1,
CREBBP,None Found,None Found,None Found,None Found,20,16,3,1,0,,,,,1,
TNFRSF11A,None Found,"Apoptosis, Proliferation of cells",None Found,None Found,3,2,0,1,0,,,,,1,
NFATC3,None Found,None Found,None Found,None Found,9,7,1,0,1,,,,,2,
NFATC2,None Found,"Apoptosis, Proliferation of cells",None Found,None Found,8,4,4,0,0,,,,,2,
HIST1H2BA,None Found,None Found,None Found,None Found,1,1,0,0,0,,,,,1,
H2AFZ,Cigene,Proliferation of cells,None Found,None Found,7,3,0,0,4,,,,,1,
MAPK10,None Found,"Apoptosis, Proliferation of cells",None Found,None Found,9,5,0,0,4,,,,,1,
MAPK9,None Found,"Apoptosis, Proliferation of cells",None Found,None Found,5,0,1,1,3,,,,,1,
ATF2,Tumorsupressor,None Found,None Found,Activation,7,6,0,0,1,,,,,2,
TGFB1,"Cigene, Oncogene","Apoptosis, Proliferation of cells",None Found,None Found,1,1,0,0,0,,,,,2,
TNFSF11,None Found,"Apoptosis, Proliferation of cells",-6.751548692,None Found,None Found,None Found,None Found,None Found,None Found,,,,,1,
CCL2,None Found,"Apoptosis, Proliferation of cells",None Found,None Found,1,1,0,0,0,,,,,1,
HMOX1,None Found,"Apoptosis, Proliferation of cells",None Found,None Found,3,1,2,0,0,,,,,1,
NFATC1,Cigene,"Apoptosis, Proliferation of cells",None Found,None Found,4,3,0,0,1,,,,,2,
FOSB,None Found,"Apoptosis, Proliferation of cells",-3.346172352,None Found,6,3,1,0,2,,,,,2,
GATA2,None Found,Proliferation of cells,None Found,None Found,5,1,1,0,3,,,,,1,
CEBPA,None Found,"Apoptosis, Proliferation of cells",None Found,None Found,None Found,None Found,None Found,None Found,None Found,,,,,1,
IRF8,None Found,"Apoptosis, Proliferation of cells",None Found,None Found,4,1,2,1,0,,,,,1,
IRF4,Oncogene,"Apoptosis, Proliferation of cells",None Found,None Found,2,1,1,0,0,,,,,1,
IRF2,Oncogene,"Apoptosis, Proliferation of cells",None Found,None Found,2,2,0,0,0,,,,,1,
STAT2,None Found,"Apoptosis, Proliferation of cells",None Found,None Found,9,5,3,1,0,,,,,1,
ISG15,None Found,"Apoptosis, Proliferation of cells",3.709487303,None Found,None Found,None Found,None Found,None Found,None Found,,,,,1,
IRF7,None Found,Apoptosis,None Found,None Found,None Found,None Found,None Found,None Found,None Found,,,,,1,
OASL,None Found,morbidity or mortality,3.311502581,None Found,8,5,2,1,0,,,,,1,
MX1,None Found,"Apoptosis, Proliferation of cells",2.723655657,None Found,8,5,3,0,0,,,,,1,
IFIT1,None Found,None Found,None Found,None Found,2,1,1,0,0,,,,,1,
IFIT2,None Found,Apoptosis,None Found,None Found,3,2,1,0,0,,,,,1,
IRF5,None Found,Apoptosis,None Found,None Found,3,1,0,0,2,,,,,1,
IFI6,None Found,Apoptosis,4.327298943,None Found,3,0,0,0,3,,,,,1,
IFIT3,None Found,"Apoptosis, Proliferation of cells",None Found,None Found,5,2,2,1,0,,,,,1,
IRF3,None Found,None Found,None Found,None Found,8,4,2,0,2,,,,,1,
RNASEL,None Found,"Apoptosis, Proliferation of cells",None Found,None Found,6,3,0,1,2,,,,,1,
HDAC2,Cigene,"Apoptosis, Proliferation of cells",None Found,None Found,2,2,0,0,0,,,,,1,
HDAC3,Repression,None Found,None Found,Repression,4,1,1,0,2,,,,,1,
RBBP7,None Found,Proliferation of cells,None Found,None Found,5,3,0,1,1,,,,,1,
RBBP4,None Found,"Apoptosis, Proliferation of cells",None Found,None Found,9,0,4,0,5,,,,,1,
NR2E1,Cigene,"Apoptosis, Proliferation of cells",None Found,None Found,5,2,0,1,2,,,,,1,
RCOR1,None Found,None Found,None Found,None Found,6,1,2,0,3,,,,,1,
HDAC5,None Found,"Apoptosis, Proliferation of cells",None Found,None Found,8,2,2,1,3,,,,,1,
CHD4,None Found,Proliferation of cells,None Found,None Found,32,21,6,4,1,,,,,1,
CHD3,None Found,None Found,None Found,None Found,10,5,3,1,1,,,,,1,
EED,None Found,Proliferation of cells,None Found,None Found,9,5,0,0,4,,,,,1,
MTA3,None Found,Proliferation of cells,None Found,None Found,6,5,1,0,0,,,,,1,
REST,None Found,"Apoptosis, Proliferation of cells",None Found,None Found,3,2,0,1,0,,,,,1,
SUZ12,Oncogene,None Found,None Found,None Found,6,6,0,0,0,,,,,1,
PHC3,Tumorsupressor,None Found,None Found,None Found,9,3,3,1,2,,,,,1,
CLOCK,None Found,Proliferation of cells,None Found,None Found,9,2,2,1,4,,,,,1,
ARNTL,None Found,Proliferation of cells,None Found,None Found,3,2,1,0,0,,,,,1,
VLDLR,None Found,Proliferation of cells,None Found,None Found,8,8,0,0,0,,,,,1,
ITGAV,None Found,"Apoptosis, Proliferation of cells",None Found,None Found,12,6,2,4,0,,,,,1,
ITGB3,None Found,"Apoptosis, Proliferation of cells",None Found,None Found,6,5,0,0,1,,,,,1,
HGF,Cigene,"Apoptosis, Proliferation of cells",None Found,None Found,7,5,1,0,1,,,,,1,
ALB,None Found,"Apoptosis, Proliferation of cells",None Found,None Found,4,2,1,1,0,,,,,1,
SPARC,"Cigene, Oncogene","Apoptosis, Proliferation of cells",None Found,None Found,2,1,1,0,0,,,,,1,
VWF,None Found,"Apoptosis, Proliferation of cells",None Found,None Found,20,9,7,4,0,,,,,1,
TGFB2,None Found,"Apoptosis, Proliferation of cells",None Found,None Found,2,1,1,0,0,,,,,1,
PF4,None Found,"Apoptosis, Proliferation of cells",None Found,None Found,2,1,0,0,1,,,,,1,
VEGFC,None Found,"Apoptosis, Proliferation of cells",None Found,None Found,2,1,1,0,0,,,,,1,
TGFB3,None Found,"Apoptosis, Proliferation of cells",None Found,None Found,6,2,2,0,2,,,,,1,
KNG1,None Found,"Apoptosis, Proliferation of cells",None Found,None Found,9,8,0,0,1,,,,,1,
AHSG,None Found,Proliferation of cells,None Found,None Found,1,0,1,0,0,,,,,1,
CFD,None Found,amyloidosis,-0.1159669837,None Found,1,0,1,0,0,,,,,1,
SERPINF2,None Found,Proliferation of cells,None Found,None Found,3,3,0,0,0,,,,,1,
SRGN,None Found,None Found,None Found,None Found,2,1,0,0,1,,,,,1,
PROS1,None Found,Proliferation of cells,-2.548957445,None Found,8,4,2,1,1,,,,,1,
F13A1,None Found,organismal death,None Found,None Found,10,4,3,2,1,,,,,1,
ORM1,None Found,Proliferation of cells,7.167244439,None Found,None Found,None Found,None Found,None Found,None Found,,,,,1,
ACTN4,Oncogene,"Apoptosis, Proliferation of cells",None Found,None Found,10,7,1,0,2,,,,,1,
F8,None Found,morbidity or mortality,None Found,None Found,27,18,6,3,0,,,,,1,
FGB,None Found,leukocyte migration,None Found,None Found,3,1,1,0,1,,,,,1,
FGA,None Found,cell movement,None Found,None Found,4,4,0,0,0,,,,,1,
FGG,None Found,inflammatory response,4.750993651,None Found,8,3,1,2,2,,,,,1,
HRG,None Found,"Apoptosis, Proliferation of cells",None Found,None Found,8,6,1,0,1,,,,,1,
F5,None Found,organismal death,None Found,None Found,30,24,3,2,1,,,,,1,
PLAT,None Found,"Apoptosis, Proliferation of cells",None Found,None Found,4,3,1,0,0,,,,,9,
SMAD2,None Found,"Apoptosis, Proliferation of cells",None Found,None Found,9,4,0,2,3,,,,,1,
LRP1,None Found,"Apoptosis, Proliferation of cells",None Found,None Found,29,18,7,3,1,,,,,1,
VTN,None Found,"Apoptosis, Proliferation of cells",None Found,None Found,2,2,0,0,0,,,,,1,
ST3GAL4,None Found,None Found,None Found,None Found,2,2,0,0,0,,,,,1,
CLEC10A,None Found,Proliferation of cells,None Found,None Found,6,3,1,1,1,,,,,1,
ST3GAL2,None Found,Proliferation of cells,None Found,None Found,2,0,2,0,0,,,,,1,
ST6GALNAC4,None Found,None Found,None Found,None Found,None Found,None Found,None Found,None Found,None Found,,,,,1,
ST3GAL1,None Found,Apoptosis,None Found,None Found,3,0,2,0,1,,,,,1,
ST3GAL3,None Found,Apoptosis,None Found,None Found,8,5,1,0,2,,,,,1,
ST6GALNAC3,None Found,None Found,None Found,None Found,4,3,0,0,1,,,,,1,
GALNT13,None Found,None Found,None Found,None Found,7,4,0,2,1,,,,,1,
GALNT18,None Found,None Found,None Found,None Found,5,2,3,0,0,,,,,1,
ST6GALNAC2,None Found,Proliferation of cells,None Found,None Found,2,2,0,0,0,,,,,1,
MUC16,None Found,"Apoptosis, Proliferation of cells",None Found,None Found,155,106,41,7,1,,,,,1,
MUC5B,None Found,Apoptosis,3.959081912,None Found,36,22,14,0,0,,,,,1,
MUC5AC,None Found,None Found,None Found,None Found,2,1,1,0,0,,,,,1,
MUC4,Oncogene,"Apoptosis, Proliferation of cells",None Found,None Found,66,49,14,2,1,,,,,1,
MUC6,None Found,lymphoid cancer and tumors,None Found,None Found,17,10,5,2,0,,,,,1,
MUC7,None Found,None Found,None Found,None Found,4,3,1,0,0,,,,,1,
MUC20,None Found,None Found,None Found,None Found,6,3,0,0,3,,,,,1,
MUC13,None Found,Proliferation of cells,None Found,None Found,4,4,0,0,0,,,,,1,
MUC12,None Found,None Found,None Found,None Found,5,1,3,1,0,,,,,1,
MUC17,None Found,None Found,None Found,None Found,53,40,9,4,0,,,,,1,
MUC3A,None Found,None Found,None Found,None Found,4,3,1,0,0,,,,,1,
MUC21,None Found,None Found,None Found,None Found,4,2,2,0,0,,,,,1,
MUC15,None Found,None Found,None Found,None Found,5,1,2,0,2,,,,,1,
MUCL1,None Found,None Found,None Found,None Found,1,0,0,0,1,,,,,1,
B3GNT3,None Found,Proliferation of cells,None Found,None Found,4,2,2,0,0,,,,,1,
GCNT1,None Found,Proliferation of cells,None Found,None Found,4,0,1,0,3,,,,,1,
B3GNT6,None Found,None Found,None Found,None Found,1,1,0,0,0,,,,,1,
C1GALT1,None Found,"Apoptosis, Proliferation of cells",None Found,None Found,6,3,1,0,2,,,,,1,
C1GALT1C1,None Found,None Found,None Found,None Found,4,4,0,0,0,,,,,1,
GALNT6,None Found,adenocarcinoma,None Found,None Found,6,1,3,0,2,,,,,1,
GALNT4,None Found,None Found,None Found,None Found,1,0,0,0,1,,,,,1,
GALNT15,None Found,None Found,None Found,None Found,2,0,1,1,0,,,,,1,
GALNT7,None Found,metabolism of carbohydrate,None Found,None Found,6,1,2,1,2,,,,,1,
GALNT3,None Found,"Apoptosis, Proliferation of cells",None Found,None Found,4,2,1,1,0,,,,,1,
GCNT3,None Found,inflammation of intestine,9.088200432,None Found,2,1,1,0,0,,,,,1,
GALNT5,None Found,adenocarcinoma,None Found,None Found,8,6,2,0,0,,,,,1,
GALNT8,None Found,None Found,None Found,None Found,9,4,4,0,1,,,,,1,
GALNT10,Oncogene,"Apoptosis, Proliferation of cells",None Found,None Found,6,6,0,0,0,,,,,1,
GALNT12,None Found,None Found,None Found,None Found,4,2,2,0,0,,,,,1,
GALNT2,None Found,Proliferation of cells,None Found,None Found,5,2,3,0,0,,,,,1,
GALNT14,None Found,adenocarcinoma,None Found,None Found,5,2,2,0,1,,,,,1,
GALNT16,None Found,None Found,None Found,None Found,2,2,0,0,0,,,,,1,
GALNT1,None Found,None Found,None Found,None Found,7,3,2,1,1,,,,,1,
GALNT9,None Found,None Found,None Found,None Found,4,2,1,0,1,,,,,1,
GALNTL6,None Found,None Found,None Found,None Found,5,1,2,1,1,,,,,1,
GALNTL5,None Found,None Found,None Found,None Found,10,5,1,3,1,,,,,1,
GALNT11,None Found,None Found,None Found,None Found,8,5,1,1,1,,,,,1,
ST6GAL1,None Found,"Apoptosis, Proliferation of cells",None Found,None Found,4,2,0,1,1,,,,,1,
WT1,Oncogene,"Apoptosis, Proliferation of cells",13.34718918,Unknown,8,2,2,0,4,,,,,0,
ABL1,"Activation, Oncogene","Apoptosis, Proliferation of cells",None Found,Activation,7,4,1,1,1,,,,,0,
GLI1,"Cigene, Oncogene","Apoptosis, Proliferation of cells",None Found,Unknown,5,4,1,0,0,,,,,0,
GLI2,Oncogene,"Apoptosis, Proliferation of cells",None Found,Unknown,12,8,3,0,1,,,,,0,
HDAC4,Activation,"Apoptosis, Proliferation of cells",None Found,Activation,7,4,2,0,1,,,,,0,
MEF2A,Activation,Apoptosis,None Found,Activation,5,3,0,0,2,,,,,0,
MEF2C,"Activation, Oncogene","Apoptosis, Proliferation of cells",None Found,Activation,9,3,1,1,4,,,,,0,
MEF2D,Activation,"Apoptosis, Proliferation of cells",None Found,Activation,2,2,0,0,0,,,,,0,
NFIC,TF,"Apoptosis, Proliferation of cells",None Found,Unknown,2,1,0,1,0,,,,,0,
NFRKB,Activation,None Found,None Found,Activation,5,5,0,0,0,,,,,0,
PITX1,Repression,morbidity or mortality,4.212824238,Repression,None Found,None Found,None Found,None Found,None Found,,,,,0,
RUNX1,"Activation, Oncogene","Apoptosis, Proliferation of cells",None Found,Activation,21,14,2,3,2,,,,,0,
TNFAIP3,Repression,"Apoptosis, Proliferation of cells",None Found,Repression,7,3,3,1,0,,,,,0,
ZNF382,"Repression, Tumorsupressor",None Found,None Found,Repression,6,4,1,1,0,,,,,0,
ZNF383,Repression,None Found,None Found,Repression,4,2,1,1,0,,,,,0,
MEN1,Repression,"Apoptosis, Proliferation of cells",None Found,Repression,9,5,2,1,1,,,,,0,
ZIC1,Activation,"Apoptosis, Proliferation of cells",None Found,Activation,4,2,1,0,1,,,,,0,